Assembly Name	Assembly Accession	Assembly Paired Assembly Accession	Organism Name	Organism Infraspecific Names Breed	Organism Infraspecific Names Strain	Organism Infraspecific Names Cultivar	Organism Infraspecific Names Ecotype	Organism Infraspecific Names Isolate	Organism Infraspecific Names Sex	Annotation Name	Assembly Level	Assembly Release Date	WGS project accession	Assembly Stats Number of Scaffolds
calJac240_pri	GCA_049354715.1	GCF_049354715.1	Callithrix jacchus					240	male		Chromosome	2025-04-08	JBLWJF01	24
calJac240_pri	GCF_049354715.1	GCA_049354715.1	Callithrix jacchus					240	male	GCF_049354715.1-RS_2025_12	Chromosome	2025-04-08	JBLWJF01	24
NDDB_SH_1	GCA_019923935.1	GCF_019923935.1	Bubalus bubalis	Murrah				160015118507	female		Chromosome	2021-09-10	VDCB01	25
NDDB_SH_1	GCF_019923935.1	GCA_019923935.1	Bubalus bubalis	Murrah				160015118507	female	NCBI Bubalus bubalis Annotation Release 103	Chromosome	2021-09-10	VDCB01	25
Bosgru_T2T1.0	GCA_055505025.1	GCF_055505025.1	Bos grunniens			Pamir		PY7600			Chromosome	2026-02-24	JBTWXA01	30
Bosgru_T2T1.0	GCF_055505025.1	GCA_055505025.1	Bos grunniens			Pamir		PY7600		GCF_055505025.1-RS_2026_07	Chromosome	2026-02-25	JBTWXA01	30
NHGRI_mPanTro3-v2.1_pri	GCA_028858775.3	GCF_028858775.2	Pan troglodytes					AG18354	male		Chromosome	2024-12-09	JAQQLN02	25
NHGRI_mPanTro3-v2.1_pri	GCF_028858775.2	GCA_028858775.3	Pan troglodytes					AG18354	male	GCF_028858775.2-RS_2026_05	Chromosome	2024-01-08	JAQQLN02	25
HU_Pman_BW_mat_3.1	GCA_049852395.1	GCF_049852395.1	Peromyscus maniculatus bairdii					BWxNUB_F1_BW_parent	female		Chromosome	2025-04-22	JBMNXS01	24
HU_Pman_BW_mat_3.1	GCF_049852395.1	GCA_049852395.1	Peromyscus maniculatus bairdii					BWxNUB_F1_BW_parent	female	GCF_049852395.1-RS_2025_08	Chromosome	2025-04-22	JBMNXS01	24
ASM5500010v1	GCA_055000105.1	GCF_055000105.1	Myodes glareolus					2345	female		Chromosome	2026-02-04		28
ASM5500010v1	GCF_055000105.1	GCA_055000105.1	Myodes glareolus					2345	female	GCF_055000105.1-RS_2026_07	Chromosome	2026-02-04		28
NHGRI_mGorGor1-v2.1_pri	GCA_029281585.3	GCF_029281585.2	Gorilla gorilla gorilla					KB3781	male		Chromosome	2024-08-01	JARGGP02	25
NHGRI_mGorGor1-v2.1_pri	GCF_029281585.2	GCA_029281585.3	Gorilla gorilla gorilla					KB3781	male	GCF_029281585.2-RS_2025_04	Chromosome	2024-01-08	JARGGP02	25
NHGRI_mPonPyg2-v2.1_pri	GCA_028885625.3	GCF_028885625.2	Pongo pygmaeus					AG05252	male		Chromosome	2024-01-08	JAQQLS02	25
NHGRI_mPonPyg2-v2.1_pri	GCF_028885625.2	GCA_028885625.3	Pongo pygmaeus					AG05252	male	GCF_028885625.2-RS_2026_05	Chromosome	2024-01-08	JAQQLS02	25
ASM4859323v1	GCA_048593235.1	GCF_048593235.1	Sminthopsis crassicaudata					SCR6	female		Chromosome	2025-03-17	JBMDME01	7
ASM4859323v1	GCF_048593235.1	GCA_048593235.1	Sminthopsis crassicaudata					SCR6	female	GCF_048593235.1-RS_2025_05	Chromosome	2025-03-17	JBMDME01	7
UCONN_HLeu1	GCA_047372625.1		Hoolock leuconedys					Betty	female		Chromosome	2025-02-03	JBHMFN01	19
ASM4749690v1	GCA_047496905.1		Tamias sibiricus					Ts-1	male		Chromosome	2025-02-07	JBKZWZ01	19
NHGRI_mSymSyn1-v2.1_pri	GCA_028878055.3	GCF_028878055.3	Symphalangus syndactylus					Jambi	male		Chromosome	2024-06-20	JAQQLG02	26
NHGRI_mSymSyn1-v2.1_pri	GCF_028878055.3	GCA_028878055.3	Symphalangus syndactylus					Jambi	male	GCF_028878055.3-RS_2026_05	Chromosome	2024-01-05	JAQQLG02	26
ASM5194280v1	GCA_051942805.1		Lepus tolai	LTO_1					male		Chromosome	2025-08-12	JBPRAB01	25
ASM5946939v1	GCA_059469395.1		Acomys dimidiatus				Jordan	SL-2024	female		Chromosome	2026-07-16	JBNCOH01	19
ASM4859324v1	GCA_048593245.1		Dasyurus maculatus					Chaos	male		Chromosome	2025-03-17	JBMDMB01	6
ASM2622585v1	GCA_026225855.1		Neophocaena sunameri					NAS202207	male		Chromosome	2022-11-18	JANJGR01	23
mAcoKem2_REL_1905	GCA_907164505.1		Acomys kempi								Chromosome	2021-07-06		19
GRCh38.p14	GCA_000001405.29	GCF_000001405.40	Homo sapiens								Chromosome	2022-02-03		473
GRCh38.p14	GCF_000001405.40	GCA_000001405.29	Homo sapiens							GCF_000001405.40-RS_2025_08	Chromosome	2022-02-03		470
GRCm39	GCA_000001635.9	GCF_000001635.27	Mus musculus		C57BL/6J						Chromosome	2020-06-24		101
GRCm39	GCF_000001635.27	GCA_000001635.9	Mus musculus		C57BL/6J					GCF_000001635.27-RS_2024_02	Chromosome	2020-06-24		101
GRCr8	GCA_036323735.1	GCF_036323735.1	Rattus norvegicus		BN/NHsdMcwi				male		Chromosome	2024-01-31	JAXUCZ01	76
GRCr8	GCF_036323735.1	GCA_036323735.1	Rattus norvegicus		BN/NHsdMcwi				male	GCF_036323735.1-RS_2024_02	Chromosome	2024-01-31	JAXUCZ01	76
Sscrofa_HxYL_maternal_Yorkshire_Landrace_v2.0	GCA_054392235.2	GCF_054392235.1	Sus scrofa					SSC_HxYL_T2T_F1_AM1	male		Chromosome	2026-01-28	JBREVY02	37
Sscrofa_HxYL_maternal_Yorkshire_Landrace_v2.0	GCF_054392235.1	GCA_054392235.2	Sus scrofa					SSC_HxYL_T2T_F1_AM1	male	GCF_054392235.1-RS_2026_06	Chromosome	2026-01-28	JBREVY02	37
ARS-UCD2.0	GCA_002263795.4	GCF_002263795.3	Bos taurus	Hereford				L1 Dominette 01449 registration number 42190680	female		Chromosome	2023-07-01	NKLS02	1957
ARS-UCD2.0	GCF_002263795.3	GCA_002263795.4	Bos taurus	Hereford				L1 Dominette 01449 registration number 42190680	female	GCF_002263795.3-RS_2024_12	Chromosome	2023-07-01	NKLS02	1957
UU_Cfam_GSD_1.0	GCA_011100685.1	GCF_011100685.1	Canis lupus familiaris	German Shepherd				Mischka	female		Chromosome	2020-03-10	JAAHUQ01	2197
UU_Cfam_GSD_1.0	GCF_011100685.1	GCA_011100685.1	Canis lupus familiaris	German Shepherd				Mischka	female	NCBI Canis lupus familiaris Annotation Release 106	Chromosome	2020-03-10	JAAHUQ01	2197
mCanLup2.hap1	GCA_048164855.1	GCF_048164855.1	Canis lupus baileyi					mCanLup2	male		Chromosome	2025-02-27	JBLSAG01	249
mCanLup2.hap1	GCF_048164855.1	GCA_048164855.1	Canis lupus baileyi							GCF_048164855.1-RS_2025_03	Chromosome	2025-02-27	JBLSAG01	249
ARS-UI_Ramb_v3.0	GCA_016772045.2	GCF_016772045.2	Ovis aries	Rambouillet	OAR_USU_Benz2616				female		Chromosome	2023-07-20	JAEVFA01	142
ARS-UI_Ramb_v3.0	GCF_016772045.2	GCA_016772045.2	Ovis aries	Rambouillet	OAR_USU_Benz2616				female	GCF_016772045.2-RS_2023_10	Chromosome	2023-07-20	JAEVFA01	142
ARS1.2	GCA_001704415.2	GCF_001704415.2	Capra hircus	San Clemente					male		Chromosome	2016-08-24	LWLT01	29885
ARS1.2	GCF_001704415.2	GCA_001704415.2	Capra hircus	San Clemente					male	NCBI Capra hircus Annotation Release 102	Chromosome	2016-08-24	LWLT01	29885
mOryCun1.1	GCA_964237555.1	GCF_964237555.1	Oryctolagus cuniculus								Chromosome	2024-08-31	CAXSJQ01	221
mOryCun1.1	GCF_964237555.1	GCA_964237555.1	Oryctolagus cuniculus							GCF_964237555.1-RS_2024_11	Chromosome	2024-08-31	CAXSJQ01	221
TB-T2T	GCA_041296265.1	GCF_041296265.1	Equus caballus	thoroughbred				H_3958	female		Chromosome	2024-08-16	JBFNWK01	624
TB-T2T	GCF_041296265.1	GCA_041296265.1	Equus caballus	thoroughbred				H_3958	female	GCF_041296265.1-RS_2024_12	Chromosome	2024-08-16	JBFNWK01	624
F.catus_Fca126_mat1.0	GCA_018350175.1	GCF_018350175.1	Felis catus					Fca126	female		Chromosome	2021-05-13	JAFEKA01	70
F.catus_Fca126_mat1.0	GCF_018350175.1	GCA_018350175.1	Felis catus					Fca126	female	NCBI Felis catus Annotation Release 105	Chromosome	2021-05-13	JAFEKA01	70
CriGri-PICRH-1.0	GCA_003668045.2	GCF_003668045.3	Cricetulus griseus		17A/GY				female		Chromosome	2020-06-11	RAZU02	647
CriGri-PICRH-1.0	GCF_003668045.3	GCA_003668045.2	Cricetulus griseus		17A/GY				female	NCBI Cricetulus griseus Annotation Release 104	Chromosome	2020-06-11	RAZU02	647
mChlSab1.0.hap1	GCA_047675955.1	GCF_047675955.1	Chlorocebus sabaeus					Y175	female		Chromosome	2025-02-12	JBLKOC01	1654
mChlSab1.0.hap1	GCF_047675955.1	GCA_047675955.1	Chlorocebus sabaeus					Y175	female	GCF_047675955.1-RS_2025_04	Chromosome	2025-02-12	JBLKOC01	1654
NIAB-ARS_B.indTharparkar_mat_pri_1.0	GCA_029378745.1	GCF_029378745.1	Bos indicus	Sahiwal x Tharparkar				NIAB-ARS_2022	female		Chromosome	2023-03-24	JAPFIJ01	67
NIAB-ARS_B.indTharparkar_mat_pri_1.0	GCF_029378745.1	GCA_029378745.1	Bos indicus	Sahiwal x Tharparkar				NIAB-ARS_2022	female	GCF_029378745.1-RS_2024_12	Chromosome	2023-03-24	JAPFIJ01	67
Rrattus_CSIRO_v1	GCA_011064425.1	GCF_011064425.1	Rattus rattus					New Zealand	male		Chromosome	2020-03-04	JAAIVD01	2172
Rrattus_CSIRO_v1	GCF_011064425.1	GCA_011064425.1	Rattus rattus					New Zealand	male	NCBI Rattus rattus Annotation Release 100	Chromosome	2020-03-04	JAAIVD01	2172
mMonDom1.pri	GCA_027887165.2	GCF_027887165.2	Monodelphis domestica					mMonDom1	male		Chromosome	2026-02-24	JAQIHD02	13
mMonDom1.pri	GCF_027887165.2	GCA_027887165.2	Monodelphis domestica					mMonDom1	male	GCF_027887165.2-RS_2026_06	Chromosome	2026-02-25	JAQIHD02	13
Panubis1.1	GCA_008728515.2		Papio anubis					15944	male		Chromosome	2022-04-27	VSMJ02	11149
Panubis1.0	GCA_008728515.1	GCF_008728515.1	Papio anubis					15944	male		Chromosome	2019-10-02	VSMJ01	11144
Panubis1.0	GCF_008728515.1	GCA_008728515.1	Papio anubis					15944	male	NCBI Papio anubis Annotation Release 104	Chromosome	2019-10-02	VSMJ01	11144
mMacNem.hap1	GCA_043159975.1	GCF_043159975.1	Macaca nemestrina					mMacNem1	male		Chromosome	2024-10-15	JBHNYF01	361
mMacNem.hap1	GCF_043159975.1	GCA_043159975.1	Macaca nemestrina					mMacNem1	male	GCF_043159975.1-RS_2026_07	Chromosome	2024-10-15	JBHNYF01	361
mIctTri1.hap1	GCA_052094955.1	GCF_052094955.1	Ictidomys tridecemlineatus					mIctTri1	male		Chromosome	2025-08-18	JBPVTT01	5279
mIctTri1.hap1	GCF_052094955.1	GCA_052094955.1	Ictidomys tridecemlineatus					mIctTri1	male	GCF_052094955.1-RS_2025_11	Chromosome	2025-08-18	JBPVTT01	5279
EquAss-T2T_v2	GCA_041296235.2	GCF_041296235.1	Equus asinus	Donkey				D_3611	male		Chromosome	2024-12-12	JBFNWJ02	848
EquAss-T2T_v2	GCF_041296235.1	GCA_041296235.2	Equus asinus	Donkey				D_3611	male	GCF_041296235.1-RS_2024_12	Chromosome	2024-12-12	JBFNWJ02	848
ASM200744v3	GCA_002007445.3	GCF_002007445.2	Ailuropoda melanoleuca					Jingjing	female		Chromosome	2020-04-20	LNAT02	73513
ASM200744v3	GCF_002007445.2	GCA_002007445.3	Ailuropoda melanoleuca					Jingjing	female	GCF_002007445.2-RS_2026_05	Chromosome	2020-04-20	LNAT02	73513
ASM4877302v1	GCA_048773025.1	GCF_048773025.1	Camelus bactrianus	Bactrian camel				YW-2024	female		Chromosome	2025-03-21	JBLYYY01	157
ASM4877302v1	GCF_048773025.1	GCA_048773025.1	Camelus bactrianus	Bactrian camel				YW-2024	female	GCF_048773025.1-RS_2025_06	Chromosome	2025-03-21	JBLYYY01	157
mTurTru1.mat.Y	GCA_011762595.2	GCF_011762595.2	Tursiops truncatus					mTurTru1	male		Chromosome	2024-12-12	JAAOMD01	361
mTurTru1.mat.Y	GCF_011762595.2	GCA_011762595.2	Tursiops truncatus					mTurTru1	male	GCF_011762595.2-RS_2025_04	Chromosome	2024-12-12	JAAOMD01	361
mRhiFer1_v1.p	GCA_004115265.3	GCF_004115265.2	Rhinolophus ferrumequinum					MPI-CBG mRhiFer1	female		Chromosome	2019-05-17	RXPC01	134
mRhiFer1_v1.p	GCF_004115265.2	GCA_004115265.3	Rhinolophus ferrumequinum					MPI-CBG mRhiFer1	male	GCF_004115265.2-RS_2023_02	Chromosome	2019-05-16	RXPC01	134
mEleMax1 primary haplotype	GCA_024166365.1	GCF_024166365.1	Elephas maximus indicus					mEleMax1	male		Chromosome	2022-07-06	JAMZQU01	64
mEleMax1 primary haplotype	GCF_024166365.1	GCA_024166365.1	Elephas maximus indicus					mEleMax1	male	GCF_024166365.1-RS_2023_02	Chromosome	2022-07-06	JAMZQU01	64
mCamDro1.pat	GCA_036321535.1	GCF_036321535.1	Camelus dromedarius					mCamDro1	male		Chromosome	2024-01-31	JAZARU01	171
mCamDro1.pat	GCF_036321535.1	GCA_036321535.1	Camelus dromedarius					mCamDro1	male	GCF_036321535.1-RS_2024_04	Chromosome	2024-01-31	JAZARU01	171
mMacEug1.pri_v2	GCA_028372415.2	GCF_028372415.1	Notamacropus eugenii					mMacEug1	male		Chromosome	2023-02-06	JAQOLO01	272
mMacEug1.pri_v2	GCF_028372415.1	GCA_028372415.2	Notamacropus eugenii					mMacEug1	male	GCF_028372415.1-RS_2025_03	Chromosome	2023-02-06	JAQOLO01	272
MicOch1.0	GCA_000317375.1	GCF_000317375.1	Microtus ochrogaster					Prairie Vole_2	female		Chromosome	2012-12-07	AHZW01	6450
MicOch1.0	GCF_000317375.1	GCA_000317375.1	Microtus ochrogaster					Prairie Vole_2	female	NCBI Microtus ochrogaster Annotation Release 102	Chromosome	2012-12-07	AHZW01	6450
VicPac4	GCA_048564905.1	GCF_048564905.1	Vicugna pacos	huacaya				Carlotta	female		Chromosome	2025-03-12	JBLVOU01	519
VicPac4	GCF_048564905.1	GCA_048564905.1	Vicugna pacos							GCF_048564905.1-RS_2025_04	Chromosome	2025-03-12	JBLVOU01	519
ASM4008512v1	GCA_040085125.1		Cervus nippon					HPL2020	male		Chromosome	2024-06-07	JAYKZF01	51
P.tigris_Pti1_mat1.1	GCA_018350195.2	GCF_018350195.1	Panthera tigris					Pti1	female		Chromosome	2021-05-13	JAEQMW01	74
P.tigris_Pti1_mat1.1	GCF_018350195.1	GCA_018350195.2	Panthera tigris					Pti1	female	NCBI Panthera tigris Annotation Release 102	Chromosome	2021-05-13	JAEQMW01	74
UOA_Angus_1	GCA_003369685.2		Bos indicus x Bos taurus	Angus x Brahman F1 hybrid					male		Chromosome	2018-11-30	PUFT02	1435
mPhaCin1.pri	GCA_003287225.3		Phascolarctos cinereus					Bilbo 61053	female		Chromosome	2025-12-17	POVN03	1235
ASM_NN_V1	GCA_020171115.1	GCF_020171115.1	Neogale vison					M4711	female		Chromosome	2021-09-29	JAIAWX01	182
ASM_NN_V1	GCF_020171115.1	GCA_020171115.1	Neogale vison					M4711	female	NCBI Neovison vison Annotation Release 100	Chromosome	2021-09-29	JAIAWX01	182
mSarHar1.11	GCA_902635505.1	GCF_902635505.1	Sarcophilus harrisii								Chromosome	2019-11-07	CACPPN01	105
mSarHar1.11	GCF_902635505.1	GCA_902635505.1	Sarcophilus harrisii							NCBI Sarcophilus harrisii Annotation Release 103	Chromosome	2019-11-07	CACPPN01	105
Bangor_MerUng_6.1	GCA_030254825.1	GCF_030254825.1	Meriones unguiculatus		TT.TT164.6M				male		Chromosome	2023-06-12	JAODIK01	193
Bangor_MerUng_6.1	GCF_030254825.1	GCA_030254825.1	Meriones unguiculatus		TT.TT164.6M				male	GCF_030254825.1-RS_2023_10	Chromosome	2023-06-12	JAODIK01	193
VulVul3	GCA_048418805.1	GCF_048418805.1	Vulpes vulpes					BD-2025	female		Chromosome	2025-03-05	JBKIPQ01	289
VulVul3	GCF_048418805.1	GCA_048418805.1	Vulpes vulpes					BD-2025	female	GCF_048418805.1-RS_2025_03	Chromosome	2025-03-05	JBKIPQ01	289
mLoxAfr1.hap2	GCA_030014295.1	GCF_030014295.1	Loxodonta africana					mLoxAfr1	male		Chromosome	2023-05-16	JASCQR01	879
mLoxAfr1.hap2	GCF_030014295.1	GCA_030014295.1	Loxodonta africana					mLoxAfr1	male	GCF_030014295.1-RS_2024_04	Chromosome	2023-05-16	JASCQR01	879
MJ_LKY	GCA_040802235.1	GCF_040802235.1	Manis javanica					MJ-LG	male		Chromosome	2024-07-22	JBFMMM01	62
MJ_LKY	GCF_040802235.1	GCA_040802235.1	Manis javanica					MJ-LG	male	GCF_040802235.1-RS_2025_04	Chromosome	2024-07-22	JBFMMM01	62
UrsArc2.0	GCA_023065955.2	GCF_023065955.2	Ursus arctos				North America	Adak	male		Chromosome	2023-05-22	JALAAU02	361
UrsArc2.0	GCF_023065955.2	GCA_023065955.2	Ursus arctos				North America	Adak	male	GCF_023065955.2-RS_2023_06	Chromosome	2023-05-22	JALAAU02	361
mRanTar1.h1.1	GCA_949782905.1		Rangifer tarandus platyrhynchus							Annotation submitted by EBP Norway	Chromosome	2023-04-20	CATKSN02	1395
YUN_Gayal_1	GCA_043643345.1		Bos frontalis	Chinese Gayal					male		Chromosome	2024-10-24	JBIDEE01	1068
mDasNov1.1.hap2	GCA_030445035.2	GCF_030445035.2	Dasypus novemcinctus					mDasNov1	male		Chromosome	2023-07-13	JAUJUA01	545
mDasNov1.1.hap2	GCF_030445035.2	GCA_030445035.2	Dasypus novemcinctus					mDasNov1	male	GCF_030445035.2-RS_2025_01	Chromosome	2023-07-13	JAUJUA01	545
UCI_PerLeu_2.1	GCA_004664715.2	GCF_004664715.2	Peromyscus leucopus	LL Stock					female		Chromosome	2020-10-02	NMRJ02	1856
UCI_PerLeu_2.1	GCF_004664715.2	GCA_004664715.2	Peromyscus leucopus	LL Stock					female	NCBI Peromyscus leucopus Annotation Release 101	Chromosome	2020-10-02	NMRJ02	1856
mOrnAna1.pri.v4	GCA_004115215.4	GCF_004115215.2	Ornithorhynchus anatinus					Pmale09	male		Chromosome	2020-11-06	RZJT02	321
mOrnAna1.pri.v4	GCF_004115215.2	GCA_004115215.4	Ornithorhynchus anatinus					Pmale09	male	NCBI Ornithorhynchus anatinus Annotation Release 105	Chromosome	2020-11-06	RZJT02	321
ASM756505v1	GCA_007565055.1	GCF_007565055.1	Rhinopithecus roxellana					Shanxi Qingling	male		Chromosome	2019-07-29	VMRL01	3256
ASM756505v1	GCF_007565055.1	GCA_007565055.1	Rhinopithecus roxellana					Shanxi Qingling	male	NCBI Rhinopithecus roxellana Annotation Release 101	Chromosome	2019-07-29	VMRL01	3256
NHGRI_mPonAbe1-v2.1_pri	GCA_028885655.3	GCF_028885655.2	Pongo abelii					AG06213	male		Chromosome	2024-01-05	JAQQLQ02	29
NHGRI_mPonAbe1-v2.1_pri	GCF_028885655.2	GCA_028885655.3	Pongo abelii					AG06213	male	GCF_028885655.2-RS_2026_05	Chromosome	2024-01-05	JAQQLQ02	29
ASM2989020v1	GCA_029890205.1		Acomys cahirinus					Evolution Canyon			Chromosome	2023-05-01	JAJTCZ01	34
NWIPB_WYAK_1.1	GCA_027580195.2	GCF_027580195.1	Bos mutus					GX-2022	male		Chromosome	2023-01-09	JANCMR01	2039
NWIPB_WYAK_1.1	GCF_027580195.1	GCA_027580195.2	Bos mutus					GX-2022	male	GCF_027580195.1-RS_2024_12	Chromosome	2023-01-09	JANCMR01	2039
mRouAeg1.pri	GCA_014176215.2		Rousettus aegyptiacus					mRouAeg1	male		Chromosome	2025-12-17	JACASE02	27
M.murinus_Inina_mat1.0	GCA_040939455.2	GCF_040939455.1	Microcebus murinus					Inina	female		Chromosome	2025-06-05	JBBJCL02	124
M.murinus_Inina_mat1.0	GCF_040939455.1	GCA_040939455.2	Microcebus murinus					Inina	female	GCF_040939455.1-RS_2025_12	Chromosome	2025-06-05	JBBJCL02	124
VMU_Ajub_asm_v1.0	GCA_027475565.2	GCF_027475565.1	Acinonyx jubatus					Ajub_Pintada_27869175	female		Chromosome	2022-12-28	JANJSO01	195
VMU_Ajub_asm_v1.0	GCF_027475565.1	GCA_027475565.2	Acinonyx jubatus					Ajub_Pintada_27869175	female	GCF_027475565.1-RS_2023_04	Chromosome	2022-12-28	JANJSO01	195
ASM1834538v1	GCA_018345385.1	GCF_018345385.1	Vulpes lagopus		Blue_001				female		Chromosome	2021-05-12	JADWOQ01	928
ASM1834538v1	GCF_018345385.1	GCA_018345385.1	Vulpes lagopus		Blue_001				female	NCBI Vulpes lagopus Annotation Release 100	Chromosome	2021-05-12	JADWOQ01	928
mManPen7.hap1	GCA_030020395.1	GCF_030020395.1	Manis pentadactyla					mManPen7	male		Chromosome	2023-05-23	JASFZP01	661
mManPen7.hap1	GCF_030020395.1	GCA_030020395.1	Manis pentadactyla					mManPen7	male	GCF_030020395.1-RS_2023_06	Chromosome	2023-05-23	JASFZP01	661
mMunRee1.2	GCA_963930625.2		Muntiacus reevesi								Chromosome	2026-02-01	CAWVNM02	241
mCerEla1.1	GCA_910594005.1	GCF_910594005.1	Cervus elaphus								Chromosome	2021-07-07	CAJVBL01	144
mCerEla1.1	GCF_910594005.1	GCA_910594005.1	Cervus elaphus							NCBI Cervus elaphus Annotation Release 100	Chromosome	2021-07-07	CAJVBL01	144
mCerEla1.hap1.2	GCA_910594005.2		Cervus elaphus								Chromosome	2026-02-26	CAJVBL02	964
mMunRee1.1	GCA_963930625.1	GCF_963930625.1	Muntiacus reevesi								Chromosome	2024-01-31	CAWVNM01	267
mMunRee1.1	GCF_963930625.1	GCA_963930625.1	Muntiacus reevesi							GCF_963930625.1-RS_2024_06	Chromosome	2024-01-31	CAWVNM01	267
CAU_O.ammon polii_1.0	GCA_028583565.1		Ovis ammon polii					CAU-MHL-2022a	male	Annotation submitted by China Agricultural University	Chromosome	2023-02-10	JAKZEL01	62
P.leo_Ple1_pat1.1	GCA_018350215.1	GCF_018350215.1	Panthera leo					Ple1	male		Chromosome	2021-05-13	JAEQMX01	53
P.leo_Ple1_pat1.1	GCF_018350215.1	GCA_018350215.1	Panthera leo					Ple1	male	NCBI Panthera leo Annotation Release 100	Chromosome	2021-05-13	JAEQMX01	53
ASM4730177v1	GCA_047301775.1		Sigmodon hispidus					SQ-2024	female		Chromosome	2025-01-30	JBIUDE01	39
mPumCon1.1.hap2	GCA_028749965.4	GCF_028749965.1	Puma concolor					L17-30	male		Chromosome	2023-08-04	JAQJWA02	207
mPumCon1.1.hap2	GCF_028749965.1	GCA_028749965.4	Puma concolor							GCF_028749965.1-RS_2026_07	Chromosome	2023-08-04	JAQJWA02	207
mUroPar1.hap1	GCA_045843805.1	GCF_045843805.1	Urocitellus parryii					mUroPar1	male	GCA_045843805.1-GB_2025_08_01	Chromosome	2024-12-13	JBISEK01	2529
mUroPar1.hap1	GCF_045843805.1	GCA_045843805.1	Urocitellus parryii					mUroPar1	male	GCF_045843805.1-RS_2025_11	Chromosome	2024-12-13	JBISEK01	2529
mTacAcu1.pri	GCA_015852505.1	GCF_015852505.1	Tachyglossus aculeatus					mTacAcu1	male		Chromosome	2020-12-09	JADRJE01	310
mTacAcu1.pri	GCF_015852505.1	GCA_015852505.1	Tachyglossus aculeatus					mTacAcu1	male	NCBI Tachyglossus aculeatus Annotation Release 100	Chromosome	2020-12-09	JADRJE01	310
HLdesRot8A.1	GCA_022682495.2	GCF_022682495.2	Desmodus rotundus					HL8	male		Chromosome	2022-03-24	JAKFFZ01	573
HLdesRot8A.1	GCF_022682495.2	GCA_022682495.2	Desmodus rotundus					HL8	male	GCF_022682495.2-RS_2025_02	Chromosome	2022-03-24	JAKFFZ01	573
ASM283717v5	GCA_002837175.5	GCF_002837175.3	Physeter macrocephalus					SW-GA	female		Chromosome	2023-02-28	PGGR02	12168
ASM283717v5	GCF_002837175.3	GCA_002837175.5	Physeter macrocephalus					SW-GA	female	GCF_002837175.3-RS_2025_01	Chromosome	2023-02-28	PGGR02	12168
Ovbor_1.2	GCA_023699985.4	GCF_023699985.2	Odocoileus virginianus				Illinois	20LAN1187	male		Chromosome	2024-10-17	JAJQKH02	480
Ovbor_1.2	GCF_023699985.2	GCA_023699985.4	Odocoileus virginianus				Illinois	20LAN1187	male	GCF_023699985.2-RS_2024_12	Chromosome	2024-10-17	JAJQKH02	480
Fcat_Pben_1.1_paternal_pri	GCA_016509475.2	GCF_016509475.1	Prionailurus bengalensis					Pbe53	male		Chromosome	2021-01-06	JADZGN01	83
Fcat_Pben_1.1_paternal_pri	GCF_016509475.1	GCA_016509475.2	Prionailurus bengalensis					Pbe53	male	NCBI Prionailurus bengalensis Annotation Release 100	Chromosome	2021-01-06	JADZGN01	83
ASM5775595v1	GCA_057755955.1		Ursus thibetanus					BB1			Chromosome	2026-05-26	JBYDFY01	234
NHGRI_mPanPan1-v2.1_pri	GCA_029289425.3	GCF_029289425.2	Pan paniscus						male		Chromosome	2024-08-13	JARIFH02	30
NHGRI_mPanPan1-v2.1_pri	GCF_029289425.2	GCA_029289425.3	Pan paniscus						male	GCF_029289425.2-RS_2026_05	Chromosome	2024-01-08	JARIFH02	30
mEscRob2.pri	GCA_028021215.1	GCF_028021215.1	Eschrichtius robustus					mEscRob2	male		Chromosome	2023-01-31	JAQMHY01	703
mEscRob2.pri	GCF_028021215.1	GCA_028021215.1	Eschrichtius robustus					mEscRob2	male	GCF_028021215.1-RS_2024_09	Chromosome	2023-01-31	JAQMHY01	703
Asia_NLE_v1	GCA_006542625.1	GCF_006542625.1	Nomascus leucogenys					Asia	female		Chromosome	2019-07-02	VIFL01	2376
Asia_NLE_v1	GCF_006542625.1	GCA_006542625.1	Nomascus leucogenys					Asia	female	NCBI Nomascus leucogenys Annotation Release 103	Chromosome	2019-07-02	VIFL01	2376
ARS-UI_OviCan_v2	GCA_042477335.2	GCF_042477335.2	Ovis canadensis	Bighorn				MfBH-ARS-UI-01	male		Chromosome	2024-10-18	JBGCUV01	41
ARS-UI_OviCan_v2	GCF_042477335.2	GCA_042477335.2	Ovis canadensis	Bighorn				MfBH-ARS-UI-01	male	GCF_042477335.2-RS_2024_12	Chromosome	2024-10-18	JBGCUV01	41
BYU_Ohem_2021	GCA_020976825.1		Odocoileus hemionus					AT2021a	female		Chromosome	2021-11-30	JAJLRB01	5513
ASM3577323v1	GCA_035773235.1		Eospalax fontanierii					ZH209-6			Chromosome	2024-01-24	JAJHUQ01	87
Smur_1.0	GCA_055769025.1		Suncus murinus				China				Chromosome	2026-03-10	JBTWHV01	1236
PCC_UOA_SB_1v2	GCA_029407905.2	GCF_029407905.1	Bubalus kerabau	swamp buffalo			Philippines	K-KA32	female		Chromosome	2023-03-31	JARFXY01	115
PCC_UOA_SB_1v2	GCF_029407905.1	GCA_029407905.2	Bubalus kerabau	swamp buffalo			Philippines	K-KA32	female	GCF_029407905.1-RS_2024_02	Chromosome	2023-03-31	JARFXY01	115
ASM4372806v1	GCA_043728065.1		Rhinolophus affinis				China	20211001_DDa	male	GCA_043728065.1-GB_2025_10_23	Chromosome	2024-10-24	JARCLV01	2193
mCasCan1.hap1v2	GCA_047511655.2	GCF_047511655.1	Castor canadensis					mCasCan1	female		Chromosome	2025-02-10	JBLFKA01	181
mCasCan1.hap1v2	GCF_047511655.1	GCA_047511655.2	Castor canadensis							GCF_047511655.1-RS_2025_05	Chromosome	2025-02-10	JBLFKA01	181
mMarFla1.hap1	GCA_047511675.1	GCF_047511675.1	Marmota flaviventris					mMarFla1	male		Chromosome	2025-02-10	JBLFKC01	813
mMarFla1.hap1	GCF_047511675.1	GCA_047511675.1	Marmota flaviventris					mMarFla1	male	GCF_047511675.1-RS_2025_02	Chromosome	2025-02-10	JBLFKC01	813
mOrcOrc1.1	GCA_937001465.1	GCF_937001465.1	Orcinus orca								Chromosome	2022-05-03	CAKZJT01	447
mOrcOrc1.1	GCF_937001465.1	GCA_937001465.1	Orcinus orca							GCF_937001465.1-RS_2023_02	Chromosome	2022-05-03	CAKZJT01	447
mKogBre1 haplotype 1	GCA_026419965.1	GCF_026419965.1	Kogia breviceps					mKogBre1	female		Chromosome	2022-11-27	JAPMIF01	580
mKogBre1 haplotype 1	GCF_026419965.1	GCA_026419965.1	Kogia breviceps					mKogBre1	female	GCF_026419965.1-RS_2024_07	Chromosome	2022-11-27	JAPMIF01	580
Cla-1	GCA_034620425.1		Canis latrans					coyote_06102	female		Chromosome	2023-12-27	JARVCQ01	120
LycPic1.final.hap2	GCA_040955705.1		Lycaon pictus					LycPic1	male	GCA_040955705.1-GB_2025_09_23	Chromosome	2024-08-01	JBCEDD01	76
ASM4183430v1	GCA_041834305.1		Megaptera novaeangliae					KW2013002		GCA_041834305.1-GB_2025_09_25	Chromosome	2024-09-09	JBGMDX01	1355
mMinSch1.hap1.2	GCA_964146895.2	GCF_964146895.1	Miniopterus schreibersii								Chromosome	2025-04-05	CAXLBM02	185
mMinSch1.hap1.2	GCF_964146895.1	GCA_964146895.2	Miniopterus schreibersii							GCF_964146895.1-RS_2025_12	Chromosome	2025-04-05	CAXLBM02	185
EquPr2	GCA_037783145.1	GCF_037783145.1	Equus przewalskii					Varuska	female		Chromosome	2024-04-01	JAZHEL01	2146
EquPr2	GCF_037783145.1	GCA_037783145.1	Equus przewalskii					Varuska	female	GCF_037783145.1-RS_2024_12	Chromosome	2024-04-01	JAZHEL01	2146
ARS_UOA_Gaur_1.1	GCA_014182915.2		Bos gaurus					Gaur_Henry_Doorly_Zoo_5443	female		Chromosome	2020-08-14	JACAOC01	634
ASM3006807v1	GCA_030068075.1		Paguma larvata	domesticated				MPC1	female		Chromosome	2023-06-05	JAINVK01	1500
mMyoMyo1.pri	GCA_014108235.2		Myotis myotis					mMyoMyo1	female		Chromosome	2026-01-22	JABWUV02	50
mOchPri1.hap1	GCA_030435755.1	GCF_030435755.1	Ochotona princeps					mOchPri1	male		Chromosome	2023-07-13	JAUDYK01	5864
mOchPri1.hap1	GCF_030435755.1	GCA_030435755.1	Ochotona princeps					mOchPri1	male	GCF_030435755.1-RS_2023_07	Chromosome	2023-07-13	JAUDYK01	5864
mSorAra2.pri	GCA_027595985.1	GCF_027595985.1	Sorex araneus					mSorAra2	male		Chromosome	2023-01-09	JAQBIA01	65
mSorAra2.pri	GCF_027595985.1	GCA_027595985.1	Sorex araneus					mSorAra2	male	GCF_027595985.1-RS_2023_04	Chromosome	2023-01-09	JAQBIA01	65
CapAeg_1.0	GCA_000978405.1		Capra aegagrus					BamuBGIKM			Chromosome	2015-04-24	JXYW01	89498
ASM2315922v1	GCA_023159225.1	GCF_023159225.1	Perognathus longimembris pacificus					PPM17	male		Chromosome	2022-04-27	JALGBO01	6180
ASM2315922v1	GCF_023159225.1	GCA_023159225.1	Perognathus longimembris pacificus					PPM17	male	NCBI Perognathus longimembris pacificus Annotation Release 100	Chromosome	2022-04-27	JALGBO01	6180
UCLA_HA_Equagga_1.0	GCA_021613505.1	GCF_021613505.1	Equus quagga					Etosha38			Chromosome	2022-01-31	JAKJSB01	12506
UCLA_HA_Equagga_1.0	GCF_021613505.1	GCA_021613505.1	Equus quagga					Etosha38		GCF_021613505.1-RS_2023_03	Chromosome	2022-01-31	JAKJSB01	12506
ASM5651232v1	GCA_056512325.1		Marmota himalayana					wild-10			Chromosome	2026-04-01	JBWIDY01	76
DD_mTadBra1_pri	GCA_030848825.1		Tadarida brasiliensis					mTadBra1	male	GCA_030848825.1-GB_2025_08_12	Chromosome	2023-08-22	JAUMIU01	147
mMelMel3.2 paternal haplotype	GCA_922984935.2	GCF_922984935.2	Meles meles								Chromosome	2022-03-23	CAKLPM02	537
mMelMel3.2 paternal haplotype	GCF_922984935.2	GCA_922984935.2	Meles meles							GCF_922984935.2-RS_2026_03	Chromosome	2022-03-23	CAKLPM02	537
ARS_UNL_BGru_maternal_1.0_p	GCA_009493645.1		Bos grunniens x Bos taurus					Esperanza	female		Chromosome	2019-11-04	VLPI01	484
ASM5547110v1	GCA_055471105.1		Lepus americanus					Miyamoto	male		Chromosome	2026-02-24	JBUQDJ01	312
DD_ASM_mEF_20220401	GCA_027574615.1	GCF_027574615.1	Eptesicus fuscus					TK198812	male		Chromosome	2023-01-09	JANZWY01	48
DD_ASM_mEF_20220401	GCF_027574615.1	GCA_027574615.1	Eptesicus fuscus					TK198812	male	GCF_027574615.1-RS_2023_03	Chromosome	2023-01-09	JANZWY01	48
mCasFib1.1	GCA_977036005.1		Castor fiber								Chromosome	2025-11-13	CDRQKO01	227
ASM3656204v1	GCA_036562045.1	GCF_036562045.2	Rhinolophus sinicus					RSC01	male		Chromosome	2024-06-26	JAYKMD01	454
ASM3656204v1	GCF_036562045.2	GCA_036562045.1	Rhinolophus sinicus					RSC01	male	GCF_036562045.2-RS_2025_06	Chromosome	2024-06-26	JAYKMD01	454
mPanOnc1 haplotype 2	GCA_046562875.2	GCF_046562875.1	Panthera onca					mPanOnc1	male		Chromosome	2025-01-08	JBKGDX01	85
mPanOnc1 haplotype 2	GCF_046562875.1	GCA_046562875.2	Panthera onca					mPanOnc1	male	GCF_046562875.1-RS_2026_03	Chromosome	2025-01-08	JBKGDX01	85
mZalCal1.pri.v2	GCA_009762305.2	GCF_009762305.2	Zalophus californianus					mZalCal1	male		Chromosome	2020-07-14	WPOA02	46
mZalCal1.pri.v2	GCF_009762305.2	GCA_009762305.2	Zalophus californianus					mZalCal1	male	NCBI Zalophus californianus Annotation Release 101	Chromosome	2020-07-14	WPOA02	46
mLemCat1.pri	GCA_020740605.1	GCF_020740605.2	Lemur catta					mLemCat1	male		Chromosome	2021-11-04	JAJGPY01	184
mLemCat1.pri	GCF_020740605.2	GCA_020740605.1	Lemur catta					mLemCat1	male	NCBI Lemur catta Annotation Release 100	Chromosome	2021-11-04	JAJGPY01	184
mLutLut1.2	GCA_902655055.2	GCF_902655055.1	Lutra lutra								Chromosome	2020-07-31	CACRWI02	43
mLutLut1.2	GCF_902655055.1	GCA_902655055.2	Lutra lutra							GCF_902655055.1-RS_2023_03	Chromosome	2020-07-31	CACRWI02	43
mIaxIox2.hap1	GCA_054824925.1		Ia io					mIaxIox2	male		Chromosome	2026-01-29	JBTBFB01	377
mMonMon2.pri	GCA_005190385.4		Monodon monoceros				Baffin Bay Population	NGI	male	GCA_005190385.4-GB_2026_03_30	Chromosome	2026-01-23	SIHG03	90
mPipPip2.hap1.2	GCA_965203405.2		Pipistrellus pipistrellus								Chromosome	2025-04-09	CBDBGN02	241
mSciCar1.2	GCA_902686445.2	GCF_902686445.1	Sciurus carolinensis								Chromosome	2020-07-31	CACRXI02	752
mSciCar1.2	GCF_902686445.1	GCA_902686445.2	Sciurus carolinensis							GCF_902686445.1-RS_2023_03	Chromosome	2020-07-31	CACRXI02	752
mArvNil1.pat.X	GCA_011762505.3	GCF_011762505.2	Arvicanthis niloticus					mArvNil1	male		Chromosome	2025-01-29	JAAOMG01	1595
mArvNil1.pat.X	GCF_011762505.2	GCA_011762505.3	Arvicanthis niloticus					mArvNil1	male	GCF_011762505.2-RS_2025_09	Chromosome	2025-01-29	JAAOMG01	1595
SPRET_EiJ_v3	GCA_921997135.2		Mus spretus								Chromosome	2022-06-30	CAKLHJ02	138
mLepTim1.1_pri	GCA_040893245.2		Lepus timidus								Chromosome	2024-07-26	JBEDNT01	84
mTriVul1.pri	GCA_011100635.1	GCF_011100635.1	Trichosurus vulpecula					mTriVul1	male		Chromosome	2020-03-10	JAANDE01	211
mTriVul1.pri	GCF_011100635.1	GCA_011100635.1	Trichosurus vulpecula					mTriVul1	male	NCBI Trichosurus vulpecula Annotation Release 100	Chromosome	2020-03-10	JAANDE01	211
mPhoPho1.1	GCA_963924675.1	GCF_963924675.1	Phocoena phocoena								Chromosome	2024-01-29	CAWUQR01	439
mPhoPho1.1	GCF_963924675.1	GCA_963924675.1	Phocoena phocoena							GCF_963924675.1-RS_2024_06	Chromosome	2024-01-29	CAWUQR01	439
mBalPhy2.hap1.1	GCA_965194825.1	GCF_965194825.1	Balaenoptera physalus								Chromosome	2025-03-10	CBDAEZ01	2611
mBalPhy2.hap1.1	GCF_965194825.1	GCA_965194825.1	Balaenoptera physalus							GCF_965194825.1-RS_2025_10	Chromosome	2025-03-10	CBDAEZ01	2611
MUSNIG.SB6536	GCA_022355385.1	GCF_022355385.1	Mustela nigripes					SB6536	male		Chromosome	2022-02-24	JABTCS01	20574
MUSNIG.SB6536	GCF_022355385.1	GCA_022355385.1	Mustela nigripes					SB6536	male	GCF_022355385.1-RS_2023_09	Chromosome	2022-02-24	JABTCS01	20574
meerkat_22Aug2017_6uvM2_HiC	GCA_006229205.1	GCF_006229205.1	Suricata suricatta					VVHF042			Chromosome	2019-07-03	VCRZ01	63791
meerkat_22Aug2017_6uvM2_HiC	GCF_006229205.1	GCA_006229205.1	Suricata suricatta					VVHF042		NCBI Suricata suricatta Annotation Release 100	Chromosome	2019-07-03	VCRZ01	63791
mBalAcu1.1	GCA_949987535.1	GCF_949987535.1	Balaenoptera acutorostrata								Chromosome	2023-05-01	CATLKF01	1374
mBalAcu1.1	GCF_949987535.1	GCA_949987535.1	Balaenoptera acutorostrata							GCF_949987535.1-RS_2023_06	Chromosome	2023-05-01	CATLKF01	1374
mHipAmp2.hap2	GCA_030028045.1	GCF_030028045.1	Hippopotamus amphibius kiboko					mHipAmp2	female		Chromosome	2023-05-18	JASFZL01	356
mHipAmp2.hap2	GCF_030028045.1	GCA_030028045.1	Hippopotamus amphibius kiboko					mHipAmp2	female	GCF_030028045.1-RS_2023_06	Chromosome	2023-05-18	JASFZL01	356
ASM2454274v1	GCA_024542745.1	GCF_024542745.1	Macaca thibetana thibetana					TM-01	male		Chromosome	2022-08-09	JANHGW01	623
ASM2454274v1	GCF_024542745.1	GCA_024542745.1	Macaca thibetana thibetana					TM-01	male	GCF_024542745.1-RS_2023_02	Chromosome	2022-08-09	JANHGW01	623
mTamHud3.hap1	GCA_057657825.1		Tamiasciurus hudsonicus					mTamHud3	female		Chromosome	2026-05-15	JBXXPO01	140
NWIPB_Pahodg_1.0	GCA_040182635.1		Pantholops hodgsonii					TAntelope-BX-2024	male		Chromosome	2024-06-17	JBBYXG01	540
ASM5485964v1	GCA_054859645.1		Tapirus indicus					ZXF-2023			Chromosome	2026-01-30	JAWJZD01	114
ASM4423182v1	GCA_044231825.1		Addax nasomaculatus					NWPU_XJL	female		Chromosome	2024-11-04	JAVHYU01	2643
ASM3311817v2	GCA_033118175.2	GCF_033118175.1	Dama dama					Ldn47	male		Chromosome	2024-10-18	JASJUW01	284
ASM3311817v2	GCF_033118175.1	GCA_033118175.2	Dama dama					Ldn47	male	GCF_033118175.1-RS_2023_11	Chromosome	2023-11-02	JASJUW01	284
mMarVan1_p1.2	GCA_040207255.2		Marmota vancouverensis					VancouverIslandMarmot03	male		Chromosome	2026-05-15	JBDUGT02	164
mDugDug1.hap1	GCA_030035585.1		Dugong dugon					mDugDug1	female	GCA_030035585.1-GB_2025_10_02	Chromosome	2023-05-18	JASCZL01	198
mAxiPor1.hap1	GCA_054883215.1		Axis porcinus					mAxiPor1	male		Chromosome	2026-01-30	JBTXHO01	719
mNeoNeb1.pri	GCA_028018385.1	GCF_028018385.1	Neofelis nebulosa					mNeoNeb1	male		Chromosome	2023-01-31	JAQMCS01	33
mNeoNeb1.pri	GCF_028018385.1	GCA_028018385.1	Neofelis nebulosa					mNeoNeb1	male	GCF_028018385.1-RS_2023_07	Chromosome	2023-01-31	JAQMCS01	33
ARS-OSU_banteng_1.0	GCA_032452875.1	GCF_032452875.1	Bos javanicus	banteng					male		Chromosome	2023-10-11	JAVLEU01	1517
ARS-OSU_banteng_1.0	GCF_032452875.1	GCA_032452875.1	Bos javanicus	banteng					male	GCF_032452875.1-RS_2023_12	Chromosome	2023-10-11	JAVLEU01	1517
mLepEur2.pri	GCA_033115175.1	GCF_033115175.1	Lepus europaeus					LE1	male		Chromosome	2023-10-31	JAVHNT01	650
mLepTim1.pri	GCF_033115175.1	GCA_033115175.1	Lepus europaeus					LE1	male	GCF_033115175.1-RS_2024_01	Chromosome	2023-10-31	JAVHNT01	650
CAU_Oori_1.0	GCA_014523465.1		Ovis orientalis		Amuf_v1				female		Chromosome	2020-09-11	JACSDQ01	128
DD_ASM_mAP_20210503	GCA_027563665.2		Antrozous pallidus					TK200870	male	GCA_027563665-GB_2025_12_03	Chromosome	2026-05-11	JAOAOB02	88
mNycCou1.pri	GCA_027406575.1	GCF_027406575.1	Nycticebus coucang					mNycCou1	male		Chromosome	2022-12-28	JAPZEE01	84
mNycCou1.pri	GCF_027406575.1	GCA_027406575.1	Nycticebus coucang					mNycCou1	male	GCF_027406575.1-RS_2023_03	Chromosome	2022-12-28	JAPZEE01	84
mDroGli1.pri	GCA_019393635.1	GCF_019393635.1	Dromiciops gliroides					mDroGli1	female		Chromosome	2021-08-03	JAHYBR01	17
mDroGli1.pri	GCF_019393635.1	GCA_019393635.1	Dromiciops gliroides					mDroGli1	female	NCBI Dromiciops gliroides Annotation Release 100	Chromosome	2021-08-03	JAHYBR01	17
P.lotor_Micro_v1.0	GCA_055474045.1		Procyon lotor					Micro	female		Chromosome	2026-02-24	JAKROE01	167
IOZCAS_Dsag_1.1	GCA_036346955.1		Dipus sagitta				halli	NM19106	female		Chromosome	2024-02-05	JAEEGE01	487
mJacJac1.mat.Y.cur	GCA_020740685.1	GCF_020740685.1	Jaculus jaculus					mJacJac1	male		Chromosome	2021-11-04	JAJGSA01	159
mJacJac1.mat.Y.cur	GCF_020740685.1	GCA_020740685.1	Jaculus jaculus					mJacJac1	male	NCBI Jaculus jaculus Annotation Release 102	Chromosome	2021-11-04	JAJGSA01	159
mChoDid1.pri	GCA_015220235.1	GCF_015220235.1	Choloepus didactylus					mChoDid1	male		Chromosome	2020-11-03	JADCNF01	145
mChoDid1.pri	GCF_015220235.1	GCA_015220235.1	Choloepus didactylus					mChoDid1	male	NCBI Choloepus didactylus Annotation Release 100	Chromosome	2020-11-03	JADCNF01	145
mSciVul1.2	GCA_902686455.2	GCF_902686455.1	Sciurus vulgaris								Chromosome	2020-07-31	CACRXJ02	638
mSciVul1.2	GCF_902686455.1	GCA_902686455.2	Sciurus vulgaris							GCF_902686455.1-RS_2025_09	Chromosome	2019-11-20	CACRXJ02	638
mPhyDis1.pri.v3	GCA_004126475.3	GCF_004126475.2	Phyllostomus discolor					MPI-MPIP mPhyDis1	male		Chromosome	2020-05-12	RXPA02	77
mPhyDis1.pri.v3	GCF_004126475.2	GCA_004126475.3	Phyllostomus discolor					MPI-MPIP mPhyDis1	male	NCBI Phyllostomus discolor Annotation Release 101	Chromosome	2020-05-12	RXPA02	77
mBalMus1.pri.v3	GCA_009873245.3	GCF_009873245.2	Balaenoptera musculus					JJ_BM4_2016_0621	male		Chromosome	2020-10-02	VNFC03	105
mBalMus1.pri.v3	GCF_009873245.2	GCA_009873245.3	Balaenoptera musculus					JJ_BM4_2016_0621	male	NCBI Balaenoptera musculus Annotation Release 100	Chromosome	2020-10-02	VNFC03	105
ASM4783464v1	GCA_047834645.1		Nasalis larvatus					XQ-2022a	male	Annotation submitted by Northwest University	Chromosome	2025-02-18	JBLOOW01	933
mDelDel1.2	GCA_949987515.2	GCF_949987515.2	Delphinus delphis								Chromosome	2024-09-07	CATLKE02	630
mDelDel1.2	GCF_949987515.2	GCA_949987515.2	Delphinus delphis							GCF_949987515.2-RS_2024_10	Chromosome	2024-09-07	CATLKE02	630
mGraGri1.hap1.1	GCA_964374135.1	GCF_964374135.1	Grampus griseus								Chromosome	2024-11-29	CAYJXX01	1145
mGraGri1.hap1.1	GCF_964374135.1	GCA_964374135.1	Grampus griseus							GCF_964374135.1-RS_2025_09	Chromosome	2024-11-29	CAYJXX01	1145
mEriEur2.1	GCA_950295315.1	GCF_950295315.1	Erinaceus europaeus								Chromosome	2023-05-01	CATNUA01	1174
mEriEur2.1	GCF_950295315.1	GCA_950295315.1	Erinaceus europaeus							GCF_950295315.1-RS_2023_10	Chromosome	2023-05-01	CATNUA01	1174
ASM1932006v1	GCA_019320065.1	GCF_019320065.1	Cervus canadensis					Bull #8, Minnesota	male		Chromosome	2021-07-26	JACTMD01	185
ASM1932006v1	GCF_019320065.1	GCA_019320065.1	Cervus canadensis					Bull #8, Minnesota	male	NCBI Cervus canadensis Annotation Release 100	Chromosome	2021-07-26	JACTMD01	185
Puncia_PCG_1.0	GCA_023721935.1	GCF_023721935.1	Panthera uncia					11264	female		Chromosome	2022-06-16	JAJAOB01	2635
Puncia_PCG_1.0	GCF_023721935.1	GCA_023721935.1	Panthera uncia					11264	female	GCF_023721935.1-RS_2023_02	Chromosome	2022-06-16	JAJAOB01	2635
mMusNiv2.hap1.1	GCA_964662115.1	GCF_964662115.1	Mustela nivalis								Chromosome	2025-01-03	CBAAEQ01	3179
mMusNiv2.hap1.1	GCF_964662115.1	GCA_964662115.1	Mustela nivalis							GCF_964662115.1-RS_2025_10	Chromosome	2024-12-23	CBAAEQ01	3179
mSaiBol1.pri	GCA_048565385.1	GCF_048565385.1	Saimiri boliviensis					mSaiBol1	male		Chromosome	2025-03-12	JBLWOU01	62
mSaiBol1.pri	GCF_048565385.1	GCA_048565385.1	Saimiri boliviensis					mSaiBol1	male	GCF_048565385.1-RS_2025_06	Chromosome	2025-03-12	JBLWOU01	62
mDicBic1.mat.cur	GCA_020826845.1	GCF_020826845.1	Diceros bicornis minor					mBicDic1	female		Chromosome	2021-11-10	JAJIAY01	1075
mDicBic1.mat.cur	GCF_020826845.1	GCA_020826845.1	Diceros bicornis minor					mBicDic1	female	GCF_020826845.1-RS_2023_07	Chromosome	2021-11-10	JAJIAY01	1075
mDicSum1.hap1	GCA_060039915.1		Dicerorhinus sumatrensis sumatrensis					mDicSum1	male		Chromosome	2026-08-12	JCAJRG01	403
OtoMan_p1.0	GCA_028564725.2		Otocolobus manul					Tater	male		Chromosome	2023-11-27	JAQHUJ01	23
ASM3183507v1	GCA_031835075.1		Saguinus oedipus					B95-8	male	Annotation submitted by The Ohio State University	Chromosome	2023-09-25	JASSZA01	439
ASM5353835v2	GCA_053538355.2		Rousettus leschenaultii					GML-RouLes	male		Chromosome	2026-03-20	JBRKBD02	74
ASM3001541v1	GCA_030015415.1		Cynopterus sphinx					CYSPWHU	female		Chromosome	2023-05-16	JAKZJJ01	181
mMusLut2.pri	GCA_030435805.1	GCF_030435805.1	Mustela lutreola					mMusLut2	male		Chromosome	2023-07-13	JAUCGO01	25
mMusLut2.pri	GCF_030435805.1	GCA_030435805.1	Mustela lutreola					mMusLut2	male	GCF_030435805.1-RS_2023_08	Chromosome	2023-07-13	JAUCGO01	25
mHetBru1.pri	GCA_028571685.1		Heterohyrax brucei					mHetBru1	male	GCA_028571685.1-GB_2026_01_08	Chromosome	2023-02-10	JAQRHT01	62
CAU_F1_maternal_1.0	GCA_023701675.1		Ovis ammon polii x Ovis aries					F1 hybrid	male	Annotation submitted by China Agricultural University	Chromosome	2022-06-10	JALAIW01	337
mRupRup1.1	GCA_963981305.1		Rupicapra rupicapra								Chromosome	2024-03-10	CAXCFB01	75
ASM5485949v1	GCA_054859495.1		Tapirus terrestris					DDM	male		Chromosome	2026-01-30	JBNVTR01	50
UM_Priviv_1.0	GCA_022837055.1	GCF_022837055.1	Prionailurus viverrinus					Anna	female		Chromosome	2022-04-08	JALEAK01	191
UM_Priviv_1.0	GCF_022837055.1	GCA_022837055.1	Prionailurus viverrinus					Anna	female	GCF_022837055.1-RS_2023_03	Chromosome	2022-04-08	JALEAK01	191
ASM2941059v1	GCA_029410595.1		Martes flavigula					Sichuan	male		Chromosome	2023-03-27	JAODOS01	128
Takin1.1	GCA_023091745.2	GCF_023091745.1	Budorcas taxicolor					Tak-1	male		Chromosome	2022-04-22	JAKGDW01	1362
Takin1.1	GCF_023091745.1	GCA_023091745.2	Budorcas taxicolor					Tak-1	male	GCF_023091745.1-RS_2023_02	Chromosome	2022-04-22	JAKGDW01	1362
ASM4291946v1	GCA_042919465.1		Scaptochirus moschatus					CL_2024	male		Chromosome	2024-10-15	JBFCTN01	255
ASM4372783v1	GCA_043727835.1		Aselliscus stoliczkanus				China	2021113_DDA	male	GCA_043727835.1-GB_2025_08_08	Chromosome	2024-10-24	JARPMH01	74
Uoulu_pteVol_1.0	GCA_051107445.1		Pteromys volans					PV54	male		Chromosome	2025-06-26	JBFSHP01	637
UCinereo1.0	GCA_032313775.1		Urocyon cinereoargenteus				Vermont	ataVT051	male		Chromosome	2023-10-04	JAVLSZ01	898
mEquGre1.hap2	GCA_057877195.1		Equus grevyi					mEquGre1	female		Chromosome	2026-06-03	JBXADC01	274
mMopCon1.pri	GCA_043748645.2		Mops condylurus				Cote d'Ivoire	20210831_DDa	male		Chromosome	2026-05-15	JARPMO02	34
HLeliQue1A	GCA_051143605.1		Eliomys quercinus				Western European	TS-2025a			Chromosome	2025-06-30	JBOITW01	180
mCriCri2.1	GCA_964304595.1		Cricetus cricetus								Chromosome	2024-11-06	CAYAQO01	48
mMicPen1.hap1	GCA_037038515.1	GCF_037038515.1	Microtus pennsylvanicus					mMicPen1	male		Chromosome	2024-03-06	JBANDQ01	180
mMicPen1.hap1	GCF_037038515.1	GCA_037038515.1	Microtus pennsylvanicus					mMicPen1	male	GCF_037038515.1-RS_2025_08	Chromosome	2024-03-06	JBANDQ01	180
WHU_Tmel_v1	GCA_044509165.1		Taphozous melanopogon					203096	male		Chromosome	2024-11-06	JBBMOG01	26
NWIPB_Pralbi_1.0	GCA_046563475.2		Cervus albirostris					WLD_BCL_ZDX	male		Chromosome	2025-01-08	JBEFZJ01	1972
mIniGeo1.hap1	GCA_036417435.1		Inia geoffrensis					mIniGeo1	male	GCA_036417435.1-GB_2026_01_11	Chromosome	2024-02-06	JAZAQT01	902
mEubGla1.1.hap2.+ XY	GCA_028564815.2	GCF_028564815.1	Eubalaena glacialis					mEubGla1	male		Chromosome	2023-02-09	JAQRBK01	788
mEubGla1.1.hap2.+ XY	GCF_028564815.1	GCA_028564815.2	Eubalaena glacialis					mEubGla1	male	GCF_028564815.1-RS_2023_12	Chromosome	2023-02-09	JAQRBK01	788
mMusErm1.Pri	GCA_009829155.1	GCF_009829155.1	Mustela erminea					mMusErm1	male		Chromosome	2020-01-03	WNLY01	93
mMusErm1.Pri	GCF_009829155.1	GCA_009829155.1	Mustela erminea					mMusErm1	male	NCBI Mustela erminea Annotation Release 100	Chromosome	2020-01-03	WNLY01	93
mHipLar1.pri	GCA_031876335.1		Hipposideros larvatus					mHipLar1	female	GCA_031876335.1-GB_2025_10_17	Chromosome	2023-09-25	JAVKSA01	69
ASM3987782v1	GCA_039877825.1		Muntiacus vaginalis					HNJ_1	female		Chromosome	2024-05-29	JBDIXW01	329
mMyoDau2.hap1.2	GCA_963259705.2		Myotis daubentonii								Chromosome	2025-04-09	CAUJLG02	175
SNNU_Nfu_v1	GCA_047571435.1		Neodon fuscus					SNNU	male		Chromosome	2025-02-10	JBIEOQ01	338
mMolMol1.pri	GCA_014108415.2		Molossus molossus					mMolMol1	male		Chromosome	2026-01-22	JACASF02	45
mCorTow1.1.hap2	GCA_026230045.2		Corynorhinus townsendii					COTO_CA2020_CCGP	male		Chromosome	2025-12-17	JAPDVU02	165
mPhoSin1.pri	GCA_008692025.1	GCF_008692025.1	Phocoena sinus					mPhoSin1	female		Chromosome	2019-09-26	VOSU01	64
mPhoSin1.pri	GCF_008692025.1	GCA_008692025.1	Phocoena sinus					mPhoSin1	female	NCBI Phocoena sinus Annotation Release 100	Chromosome	2019-09-26	VOSU01	64
mEreDor1.pri	GCA_028451465.1		Erethizon dorsatum					mEreDor1	male	GCA_028451465.1-GB_2025_12_01	Chromosome	2023-02-06	JAQMCO01	115
ASM2149846v1	GCA_021498465.1		Hylobates pileatus					KIZ-2021_10	male		Chromosome	2022-01-19	JAKFGR01	743
mPipKuh1.pri	GCA_014108245.2		Pipistrellus kuhlii					mPipKuh1	male		Chromosome	2025-12-17	JACAGB02	81
mTamTet1.pri	GCA_023851605.1	GCF_023851605.1	Tamandua tetradactyla					mTamTet1	male		Chromosome	2022-06-22	JAMSGI01	200
mTamTet1.pri	GCF_023851605.1	GCA_023851605.1	Tamandua tetradactyla					mTamTet1	male	GCF_023851605.1-RS_2025_09	Chromosome	2022-06-22	JAMSGI01	200
mLynCan4.pri.v2	GCA_007474595.2	GCF_007474595.2	Lynx canadensis					LIC74	male		Chromosome	2020-07-14	VHLE02	54
mLynCan4.pri.v2	GCF_007474595.2	GCA_007474595.2	Lynx canadensis					LIC74	male	NCBI Lynx canadensis Annotation Release 102	Chromosome	2020-07-14	VHLE02	54
MCyc01	GCA_026956025.1		Macaca cyclopis					10D7	female		Chromosome	2022-12-19	JAHZQV01	119
mCalLat2.hap1	GCA_048772815.1	GCF_048772815.1	Callospermophilus lateralis					mCalLat2	male	GCA_048772815.1-GB_2025_10_14	Chromosome	2025-03-21	JBMETG01	8087
mCalLat2.hap1	GCF_048772815.1	GCA_048772815.1	Callospermophilus lateralis					mCalLat2	male	GCF_048772815.1-RS_2025_09	Chromosome	2025-03-21	JBMETG01	8087
BCGSAC_Cfer_1.0	GCA_009834535.1	GCF_009834535.1	Camelus ferus					YT-003-E	male		Chromosome	2020-01-08	VSZR01	2042
BCGSAC_Cfer_1.0	GCF_009834535.1	GCA_009834535.1	Camelus ferus					YT-003-E	male	NCBI Camelus ferus Annotation Release 102	Chromosome	2020-01-08	VSZR01	2042
mApoSyl1.1	GCA_947179515.1	GCF_947179515.1	Apodemus sylvaticus								Chromosome	2022-10-28	CAMXCG01	497
mApoSyl1.1	GCF_947179515.1	GCA_947179515.1	Apodemus sylvaticus							GCF_947179515.1-RS_2023_02	Chromosome	2022-10-28	CAMXCG01	497
mHalGry1.hap1.1	GCA_964656455.1	GCF_964656455.1	Halichoerus grypus								Chromosome	2025-01-02	CAZZRU01	170
mHalGry1.hap1.1	GCF_964656455.1	GCA_964656455.1	Halichoerus grypus							GCF_964656455.1-RS_2025_12	Chromosome	2025-01-02	CAZZRU01	170
mGloMel1.2	GCA_963455315.2	GCF_963455315.2	Globicephala melas								Chromosome	2024-09-07	CAUOHG02	992
mGloMel1.2	GCF_963455315.2	GCA_963455315.2	Globicephala melas							GCF_963455315.2-RS_2024_11	Chromosome	2024-09-07	CAUOHG02	992
mMesBid2.hap1.1	GCA_964165515.1	GCF_964165515.1	Mesoplodon bidens								Chromosome	2024-06-06	CAXLBW01	1601
mMesBid2.hap1.1	GCF_964165515.1	GCA_964165515.1	Mesoplodon bidens							GCF_964165515.1-RS_2025_09	Chromosome	2024-06-06	CAXLBW01	1601
mMyoDau2.1	GCA_963259705.1	GCF_963259705.1	Myotis daubentonii								Chromosome	2023-08-20	CAUJLG01	121
mMyoDau2.1	GCF_963259705.1	GCA_963259705.1	Myotis daubentonii							GCF_963259705.1-RS_2023_09	Chromosome	2023-08-20	CAUJLG01	121
mPerGun1.2_20251003	GCA_056321495.1		Perameles gunnii					EBB01	female		Chromosome	2026-03-25	JBWDPJ01	1462
mBalBor1.hap1.1	GCA_965194805.1	GCF_965194805.1	Balaenoptera borealis								Chromosome	2025-03-10	CBDAFA01	2571
mBalBor1.hap1.1	GCF_965194805.1	GCA_965194805.1	Balaenoptera borealis							GCF_965194805.1-RS_2025_10	Chromosome	2025-03-10	CBDAFA01	2571
mMusAve1.1	GCA_963383645.1	GCF_963383645.1	Muscardinus avellanarius								Chromosome	2023-08-26	CAUJNS01	212
mMusAve1.1	GCF_963383645.1	GCA_963383645.1	Muscardinus avellanarius							GCF_963383645.1-RS_2025_09	Chromosome	2023-08-24	CAUJNS01	212
mOncTor1.1	GCA_903995425.1	GCF_903995425.1	Onychomys torridus								Chromosome	2020-08-21	CAJFAA01	2949
mOncTor1.1	GCF_903995425.1	GCA_903995425.1	Onychomys torridus							NCBI Onychomys torridus Annotation Release 100	Chromosome	2020-08-21	CAJFAA01	2949
mMicMin1.1	GCA_963924665.1	GCF_963924665.1	Micromys minutus								Chromosome	2024-01-29	CAWUQU01	893
mMicMin1.1	GCF_963924665.1	GCA_963924665.1	Micromys minutus							GCF_963924665.1-RS_2025_09	Chromosome	2024-01-28	CAWUQU01	893
mMarMar1.1	GCA_963455335.1	GCF_963455335.1	Martes martes								Chromosome	2023-09-20	CAUOHJ01	476
mMarMar1.1	GCF_963455335.1	GCA_963455335.1	Martes martes							GCF_963455335.1-RS_2025_08	Chromosome	2023-09-14	CAUOHJ01	476
bilby.v1.9.chrom.fasta	GCA_037893015.1	GCF_037893015.1	Macrotis lagotis					mMagLag1	female		Chromosome	2024-04-04	JAZEUY01	608
bilby.v1.9.chrom.fasta	GCF_037893015.1	GCA_037893015.1	Macrotis lagotis					mMagLag1	female	GCF_037893015.1-RS_2025_05	Chromosome	2024-04-04	JAZEUY01	608
mzib.min_150.pseudohap2.1_HiC.purged	GCA_040938815.1		Martes zibellina		10xmzib				female		Chromosome	2024-07-30	JBEHDY01	18010
UCB_Mmun_1.0	GCA_008782695.1		Muntiacus muntjak					UTSW_UCB_Mm	female	Annotation submitted by University of California, Berkeley	Chromosome	2019-10-07	VCEA01	25651
PAHARI_EIJ_v1.1	GCA_900095145.2	GCF_900095145.1	Mus pahari						female		Chromosome	2017-04-28	FMBV02	2581
PAHARI_EIJ_v1.1	GCF_900095145.1	GCA_900095145.2	Mus pahari						female	NCBI Mus pahari Annotation Release 101	Chromosome	2017-04-28	FMBV02	2581
mRucEld1.hap2	GCA_054824845.1		Rucervus eldii thamin					mRucEld1	female		Chromosome	2026-01-29	JBTVSE01	902
TAMU_Opar_alb_1.0	GCA_058742865.1		Leopardus pardalis albescens					LAO03M	male		Chromosome	2026-06-30	JBWGWQ01	108
TAMU_L.serval_SxD256_v1.0.pat	GCA_056512435.1		Leptailurus serval					LseSxD256	female		Chromosome	2026-04-01	JBNJOB01	113
mRhyNas2.hap2	GCA_037038555.1		Rhynchonycteris naso					mRhyNas2	male		Chromosome	2024-03-06	JBAKBJ01	38
serow.2	GCA_032405125.2	GCF_032405125.1	Capricornis sumatraensis					serow.1	pooled male and female		Chromosome	2024-03-13	JAXIOT01	158
serow.2	GCF_032405125.1	GCA_032405125.2	Capricornis sumatraensis					serow.1	pooled male and female	GCF_032405125.1-RS_2024_10	Chromosome	2024-03-13	JAXIOT01	158
mAnoDer1.hap1	GCA_058744715.1		Anomalurus derbianus					mAnoDer1	female		Chromosome	2026-07-02	JBZXKD01	223
mMyoVel1.0	GCA_056320415.1		Myotis velifer					LE001	male		Chromosome	2026-03-25	JBPVWJ01	156
mCapNub1.hap1	GCA_054855995.1		Capra nubiana					mCapNub1	male		Chromosome	2026-01-30	JBTVNK01	226
FelChav1.0	GCA_019924945.1		Felis chaus					Fch-1a	male		Chromosome	2021-09-14	JAGKTF01	52
OSU_ERuf_1	GCA_041146395.1	GCF_041146395.1	Eulemur rufifrons					Redbay	female		Chromosome	2024-08-16	JBFNAD01	647
OSU_ERuf_1	GCF_041146395.1	GCA_041146395.1	Eulemur rufifrons					Redbay	female	GCF_041146395.1-RS_2024_10	Chromosome	2024-08-16	JBFNAD01	647
mNotTyp1.pri	GCA_048126345.2		Notoryctes typhlops				Waite Creek area	ABTC07570	female		Chromosome	2026-01-23	JBLRMK02	688
mRouMad1.hap2	GCA_059802175.1		Rousettus madagascariensis					mRouMad1	male		Chromosome	2026-08-04	JCASON01	65
ASM4182541v1	GCA_041825415.1		Rhinolophus rex					M181101	male		Chromosome	2024-09-09	JBGVUD01	149
mMolNig1.hap1	GCA_039880945.1		Molossus nigricans					mMolNig1	male	GCA_039880945.1-GB_2025_09_03	Chromosome	2024-05-29	JBDPII01	365
mMolAlv2.hap2	GCA_037176705.1		Molossus alvarezi					mMolAlv2	female		Chromosome	2024-03-15	JBAWUJ01	287
mCynVol1.pri	GCA_027409185.1	GCF_027409185.1	Cynocephalus volans					mCynVol1	male		Chromosome	2022-12-28	JAPWCP01	130
mCynVol1.pri	GCF_027409185.1	GCA_027409185.1	Cynocephalus volans					mCynVol1	male	GCF_027409185.1-RS_2024_02	Chromosome	2022-12-28	JAPWCP01	130
mPepEle1.hap2	GCA_051427955.1		Peponocephala electra					mPepEle1	male		Chromosome	2025-07-21	JBPPFU01	167
mMarFoi2.1	GCA_964304585.1		Martes foina								Chromosome	2024-11-06	CAYAQN01	22
TBG_Okapi_asm_v1	GCA_024291935.2		Okapia johnstoni					TBG_1119_Moyo	male		Chromosome	2022-07-16	JAGTYA01	3653
NENU_Navi_2.0	GCA_036971965.2		Nyctalus aviator					NycAvi_Female_1.0	female		Chromosome	2024-05-31	JAPZQD02	195
mTreOrn2.0.pri	GCA_054642835.1		Tremarctos ornatus					KB8897	male		Chromosome	2026-01-21	JBTVSB01	257
mArtLit1.hap2	GCA_038363175.3		Artibeus lituratus					mArtLit1	male		Chromosome	2025-04-29	JBAWUR03	312
mPseCra1.hap1	GCA_039906515.1	GCF_039906515.1	Pseudorca crassidens					mPseCra1	male		Chromosome	2024-05-31	JBDMAU01	438
mPseCra1.hap1	GCF_039906515.1	GCA_039906515.1	Pseudorca crassidens					mPseCra1	male	GCF_039906515.1-RS_2024_08	Chromosome	2024-05-31	JBDMAU01	438
mLasEga1.hap2	GCA_058972195.1		Lasiurus ega					mLasEga1	male		Chromosome	2026-07-06	JBZXKO01	591
CapIbe1.0	GCA_054642885.1		Capra ibex					Odissea	female	Annotation submitted by Istituto Italiano di Tecnologia	Chromosome	2026-01-07	JBIMMJ01	1037
CXZ	GCA_036325905.1		Lepus oiostolus				The Qinghai-Tibet Plateau	SH-2023			Chromosome	2024-02-05	JAWMBE01	112
ASM4488510v2	GCA_044885105.2		Pipistrellus abramus					XJ-2024a	male		Chromosome	2026-01-29	JBINKG02	48
BalEdn.hic.v1	GCA_052818205.1		Balaenoptera edeni					HK-072023	male		Chromosome	2025-09-24	JBDJPH01	128
VMU_Caureus_v.1.0	GCA_053574225.1	GCF_053574225.1	Canis aureus					CA01	male		Chromosome	2025-11-21	JBPVXR01	306
VMU_Caureus_v.1.0	GCF_053574225.1	GCA_053574225.1	Canis aureus					CA01	male	GCF_053574225.1-RS_2025_12	Chromosome	2025-11-21	JBPVXR01	306
mPipPyg2.hap1.2	GCA_949987585.2		Pipistrellus pygmaeus								Chromosome	2025-04-09	CATLKC02	327
mLeoRos1.hap1	GCA_054824895.1		Leontopithecus rosalia					mLeoRos1	male		Chromosome	2026-01-29	JBTBFD01	429
mTadTen1.hap1.1	GCA_976988885.1		Tadarida teniotis								Chromosome	2025-11-08	CDRKIM01	640
ASM2450048v1	GCA_024500485.1		Vulpes ferrilata					lyu1992	male		Chromosome	2022-08-01	JAJBZS01	234
AdamAnt_v2	GCA_016432865.2	GCF_016432865.1	Antechinus flavipes				Samford, QLD, Australia	AdamAnt	male		Chromosome	2021-01-06	JADWMD01	485
AdamAnt_v2	GCF_016432865.1	GCA_016432865.2	Antechinus flavipes				Samford, QLD, Australia	AdamAnt	male	GCF_016432865.1-RS_2023_02	Chromosome	2021-01-06	JADWMD01	485
mVesMur1.hap1.2	GCA_963924515.2		Vespertilio murinus								Chromosome	2025-04-09	CAWUQJ02	267
mMesDen1 primary haplotype	GCA_025265405.1	GCF_025265405.1	Mesoplodon densirostris					mMesDen1	male		Chromosome	2022-09-19	JANXIL01	73
mMesDen1 primary haplotype	GCF_025265405.1	GCA_025265405.1	Mesoplodon densirostris					mMesDen1	male	GCF_025265405.1-RS_2023_10	Chromosome	2022-09-19	JANXIL01	73
mCenSen1.hap1	GCA_058972505.1		Centurio senex					mCenSen1	female		Chromosome	2026-07-06	JBZXKZ01	811
mMyoNat1.hap1.2	GCA_964212035.2	GCF_964212035.1	Myotis nattereri								Chromosome	2025-03-28	CAXOTG02	211
mMyoNat1.hap1.2	GCF_964212035.1	GCA_964212035.2	Myotis nattereri							GCF_964212035.1-RS_2025_08	Chromosome	2025-03-28	CAXOTG02	211
ASM5586095v1	GCA_055860955.1		Tylonycteris robustula					YYR-2026a			Chromosome	2026-03-13	JBVVKR01	64
zhanglab2022	GCA_030463245.1		Vulpes corsac					zsh2022	male		Chromosome	2023-07-18	JAOVTI01	202
mTenEca1.hap1	GCA_050624435.1	GCF_050624435.1	Tenrec ecaudatus					mTenEca1	male		Chromosome	2025-05-30	JBNYUK01	2180
mTenEca1.hap1	GCF_050624435.1	GCA_050624435.1	Tenrec ecaudatus					mTenEca1	male	GCF_050624435.1-RS_2025_07	Chromosome	2025-05-30	JBNYUK01	2180
mCteGun2.hap1	GCA_048771875.1		Ctenodactylus gundi					mCteGun2	female	GCA_048771875.1-GB_2025_08_12	Chromosome	2025-03-21	JBMERT01	535
mBalRic1.hap2	GCA_028023285.1	GCF_028023285.1	Balaenoptera ricei					mBalRic1	female		Chromosome	2023-01-30	JAQMGZ01	774
mBalRic1.hap2	GCF_028023285.1	GCA_028023285.1	Balaenoptera ricei					mBalRic1	female	GCF_028023285.1-RS_2023_09	Chromosome	2023-01-30	JAQMGZ01	774
mApoAgr2.1	GCA_964023405.1		Apodemus agrarius								Chromosome	2024-04-12	CAXIEO01	60
mSylFlo1.10	GCA_949820135.1		Sylvilagus floridanus								Chromosome	2023-04-19	CATKVR01	99
ASM4388054v1	GCA_043880545.1		Rhinopoma microphyllum					20210906_DDa	male	GCA_043880545.1-GB_2025_10_13	Chromosome	2024-10-28	JARUKN01	106
SNNU_BFC_1	GCA_032458615.1		Felis nigripes					JY-2023a	female		Chromosome	2023-10-11	JAVSGG01	357
mChiNiv1.1	GCA_950005125.1	GCF_950005125.1	Chionomys nivalis								Chromosome	2023-05-01	CATLKQ01	160
mChiNiv1.1	GCF_950005125.1	GCA_950005125.1	Chionomys nivalis							GCF_950005125.1-RS_2023_06	Chromosome	2023-05-01	CATLKQ01	160
NW_LepCap_1.0	GCA_042027585.1		Lepus capensis	Cape hare				XD-2024	male		Chromosome	2024-09-19	JBHEQN01	924
mMyoMys1.hap1.2	GCA_964094495.3		Myotis mystacinus								Chromosome	2025-10-26	CAXKYI03	240
ASM4388042v1	GCA_043880425.1		Rhinolophus yonghoiseni				Malaysia	20210929_DDd	female	GCA_043880425.1-GB_2025_11_02	Chromosome	2024-10-28	JARCGW01	1485
mTriInu1 haplotype 2	GCA_046562895.1		Trichechus inunguis					mTriInu1	male	GCA_046562895.1-GB_2025_09_06	Chromosome	2025-01-08	JBKGUF01	401
ASM4388059v1	GCA_043880595.1		Megaderma spasma				Vietnam	20211001_DDb	male	GCA_043880595.1-GB_2025_12_03	Chromosome	2024-10-28	JAREJN01	418
mSacBil1_pri_phased_curated	GCA_036850765.1	GCF_036850765.1	Saccopteryx bilineata					mSacBil1	male		Chromosome	2024-02-26	JAWMAK01	256
mSacBil1_pri_phased_curated	GCF_036850765.1	GCA_036850765.1	Saccopteryx bilineata					mSacBil1	male	GCF_036850765.1-RS_2024_07	Chromosome	2024-02-26	JAWMAK01	256
ASM2389825v1	GCA_023898255.1		Nycticebus bengalensis					KIZ-2021_18			Chromosome	2022-06-27	JAKFHK01	3383
mSacLep1_pri_phased_curated	GCA_036850995.1	GCF_036850995.1	Saccopteryx leptura					mSacLep1	male		Chromosome	2024-02-26	JAVMPD01	167
mSacLep1_pri_phased_curated	GCF_036850995.1	GCA_036850995.1	Saccopteryx leptura					mSacLep1	male	GCF_036850995.1-RS_2024_07	Chromosome	2024-02-26	JAVMPD01	167
mPipNat.pri	GCA_963693515.1		Pipistrellus nathusii							Annotation submitted by Leibniz Institute for Zoo and Wildlife Research	Chromosome	2024-02-07	CAVNZX01	153
PleCup_hybrid	GCA_040437455.1		Plecturocebus cupreus					I1	male	Annotation submitted by Arizona State University	Chromosome	2024-07-02	JBDJOS01	1288
ASM4388028v1	GCA_043880285.1		Doryrhina cyclops				Cote d'Ivoire	20210929_DDa	female	GCA_043880285.1-GB_2025_12_03	Chromosome	2024-10-28	JARCLX01	65
UniMelb_DasViv_v1.0	GCA_020854095.1		Dasyurus viverrinus					TARZ-13805.1	female		Chromosome	2021-11-12	JAJAFV01	76
ASM4372814v1	GCA_043728145.1		Rhinolophus trifoliatus				Malaysia		male	GCA_043728145.1-GB_2025_10_26	Chromosome	2024-10-24	JARDWN01	125
ROS_Pafr_v1	GCA_016906955.1	GCF_016906955.1	Phacochoerus africanus					WHEZ1	female		Chromosome	2021-02-19	JACMRZ01	194
ROS_Pafr_v1	GCF_016906955.1	GCA_016906955.1	Phacochoerus africanus					WHEZ1	female	GCF_016906955.1-RS_2023_03	Chromosome	2021-02-19	JACMRZ01	194
mTupTan1.pri	GCA_026018925.2		Tupaia tana					BS70		GCA_026018925.2-GB_2026_01_09	Chromosome	2025-12-17	JAKSZU02	1209
mArvAmp1.2	GCA_903992535.2	GCF_903992535.2	Arvicola amphibius								Chromosome	2021-05-15	CAJEUG02	215
mArvAmp1.2	GCF_903992535.2	GCA_903992535.2	Arvicola amphibius							NCBI Arvicola amphibius Annotation Release 101	Chromosome	2021-05-15	CAJEUG02	215
mSunEtr1.pri.cur	GCA_024139225.1	GCF_024139225.1	Suncus etruscus					mSunEtr1	male		Chromosome	2022-07-06	JAMYDX01	147
mSunEtr1.pri.cur	GCF_024139225.1	GCA_024139225.1	Suncus etruscus					mSunEtr1	male	GCF_024139225.1-RS_2023_02	Chromosome	2022-07-06	JAMYDX01	147
mAcoRus1.1	GCA_903995435.1	GCF_903995435.1	Acomys russatus								Chromosome	2020-08-21	CAJFAB01	623
mAcoRus1.1	GCF_903995435.1	GCA_903995435.1	Acomys russatus							GCF_903995435.1-RS_2023_02	Chromosome	2020-08-21	CAJFAB01	623
mSteCoe1.1	GCA_951394435.1	GCF_951394435.1	Stenella coeruleoalba								Chromosome	2023-06-16	CATOBZ01	637
mSteCoe1.1	GCF_951394435.1	GCA_951394435.1	Stenella coeruleoalba							GCF_951394435.1-RS_2025_09	Chromosome	2023-06-16	CATOBZ01	637
mSpeCit3.1	GCA_964194105.1	GCF_964194105.1	Spermophilus citellus								Chromosome	2024-06-28	CAXMLD01	497
mSpeCit3.1	GCF_964194105.1	GCA_964194105.1	Spermophilus citellus							GCF_964194105.1-RS_2025_09	Chromosome	2024-06-28	CAXMLD01	497
mTalEur1.hap1.1	GCA_964194135.1	GCF_964194135.1	Talpa europaea								Chromosome	2024-06-28	CAXMLJ01	463
mTalEur1.hap1.1	GCF_964194135.1	GCA_964194135.1	Talpa europaea							GCF_964194135.1-RS_2025_10	Chromosome	2024-06-28	CAXMLJ01	463
mLagAlb1.1	GCA_949774975.1	GCF_949774975.1	Lagenorhynchus albirostris								Chromosome	2023-04-08	CATKRZ01	409
mLagAlb1.1	GCF_949774975.1	GCA_949774975.1	Lagenorhynchus albirostris							GCF_949774975.1-RS_2023_10	Chromosome	2023-04-08	CATKRZ01	409
mMesMir1.hap1.2	GCA_964341445.2		Mesoplodon mirus								Chromosome	2026-07-06	CAYFDW02	2364
mMesMir1.hap1.1	GCA_964341445.1	GCF_964341445.1	Mesoplodon mirus								Chromosome	2024-11-28	CAYFDW01	2756
mMesMir1.hap1.1	GCF_964341445.1	GCA_964341445.1	Mesoplodon mirus							GCF_964341445.1-RS_2025_08	Chromosome	2024-11-28	CAYFDW01	2756
mHypAmp2.1	GCA_949752795.1	GCF_949752795.1	Hyperoodon ampullatus								Chromosome	2023-04-08	CATKHW01	756
mHypAmp2.1	GCF_949752795.1	GCA_949752795.1	Hyperoodon ampullatus							GCF_949752795.1-RS_2025_09	Chromosome	2023-03-31	CATKHW01	756
mPleAur1.1	GCA_963455305.1	GCF_963455305.1	Plecotus auritus								Chromosome	2023-09-20	CAUOHF01	64
mPleAur1.1	GCF_963455305.1	GCA_963455305.1	Plecotus auritus							GCF_963455305.1-RS_2025_08	Chromosome	2023-09-14	CAUOHF01	64
mRhiHip2.hap1.1	GCA_964194185.1	GCF_964194185.1	Rhinolophus hipposideros								Chromosome	2024-06-28	CAXMLL01	722
mRhiHip2.hap1.1	GCF_964194185.1	GCA_964194185.1	Rhinolophus hipposideros							GCF_964194185.1-RS_2025_08	Chromosome	2024-06-28	CAXMLL01	722
PerEre_H2_v1	GCA_949786415.1	GCF_949786415.1	Peromyscus eremicus								Chromosome	2023-04-08	CATKUO01	4296
PerEre_H2_v1	GCF_949786415.1	GCA_949786415.1	Peromyscus eremicus							GCF_949786415.1-RS_2023_08	Chromosome	2023-04-08	CATKUO01	4296
Obeecheyi_v1	GCA_051821045.1		Otospermophilus beecheyi		wild		Berkeley		female		Chromosome	2025-08-05	JBLFFD01	1383
CEY_v1	GCA_010411085.1		Cervus hanglu yarkandensis					CEY-2017	male	Annotation submitted by Institute of Special Wild Economic Animals and Plants, Chinese Academy of Agricultural Sciences	Chromosome	2020-02-12	WMHW01	17927
ASM220157v2	GCA_002201575.2	GCF_002201575.2	Neomonachus schauinslandi						male		Chromosome	2021-10-20	NINY02	8094
ASM220157v2	GCF_002201575.2	GCA_002201575.2	Neomonachus schauinslandi						male	NCBI Neomonachus schauinslandi Annotation Release 101	Chromosome	2021-10-20	NINY02	8094
Cryptoprocta_ferox_HiC	GCA_028646485.1		Cryptoprocta ferox					Sample0336	male		Chromosome	2023-02-16	JAQQST01	185515
Rhinoceros_unicornis_HiC	GCA_028646465.1		Rhinoceros unicornis					Sample0755	male		Chromosome	2023-02-16	JAQQSS01	273665
ASM277652v5	GCA_002776525.5	GCF_002776525.5	Piliocolobus tephrosceles					RC106	male		Chromosome	2019-12-12	PDMG03	32287
ASM277652v5	GCF_002776525.5	GCA_002776525.5	Piliocolobus tephrosceles					RC106	male	GCF_002776525.5-RS_2026_05	Chromosome	2019-12-12	PDMG03	32287
Chrysocyon_brachyurus_HiC	GCA_028533335.1		Chrysocyon brachyurus					Sample0146	male		Chromosome	2023-02-09	JAQIGB01	120371
Helarctos_malayanus_HiC	GCA_028533245.1		Helarctos malayanus					Sample0289	male		Chromosome	2023-02-09	JAPYYF01	726300
Steno_bredanensis_HiC	GCA_028646385.1		Steno bredanensis					Sample2567	male		Chromosome	2023-02-16	JAQQSN01	221678
ASM5417740v2	GCA_054177405.2	GCF_054177405.1	Leptonychotes weddellii								Chromosome	2025-12-24	JBLRMC01	396180
ASM5417740v2	GCF_054177405.1	GCA_054177405.2	Leptonychotes weddellii					Sample4059	female	GCF_054177405.1-RS_2026_04	Chromosome	2025-12-24	JBLRMC01	396180
Varecia_variegata_HiC	GCA_028533085.1		Varecia variegata					Sample0354	female		Chromosome	2023-02-10	JAQIFY01	984208
Cpen_1.0	GCA_046862485.1		Callithrix penicillata					BDCRC01	female		Chromosome	2025-01-22	JBKIDM01	12090
UCSF_Mcou_1	GCA_008632895.1	GCF_008632895.1	Mastomys coucha					ucsf_1	male		Chromosome	2019-09-24	VSBT01	27
UCSF_Mcou_1	GCF_008632895.1	GCA_008632895.1	Mastomys coucha					ucsf_1	male	NCBI Mastomys coucha Annotation Release 100	Chromosome	2019-09-24	VSBT01	27
PSIB_hic	GCA_028975605.1		Pusa sibirica		PUSI1m				male		Chromosome	2023-03-08	JAQFWT01	49645
ASM4374857v1	GCA_043748575.1		Rhinolophus perniger lanosus					20210929_DDc	male	GCA_043748575.1-GB_2025_11_02	Chromosome	2024-10-24	JARWAW01	65
mZapHud2.hap2	GCA_057945955.1		Zapus hudsonius luteus					mZapHud2	male		Chromosome	2026-06-04	JBYDFH01	262
mLagAcu1.hap1.1	GCA_964270905.1	GCF_964270905.1	Leucopleurus acutus								Chromosome	2024-09-29	CAXWTB01	898
mLagAcu1.hap1.1	GCF_964270905.1	GCA_964270905.1	Leucopleurus acutus							GCF_964270905.1-RS_2025_09	Chromosome	2024-09-29	CAXWTB01	898
mEptNil1.1	GCA_951640355.1	GCF_951640355.1	Cnephaeus nilssonii								Chromosome	2023-05-18	CATOCV01	206
mEptNil1.1	GCF_951640355.1	GCA_951640355.1	Cnephaeus nilssonii							GCF_951640355.1-RS_2025_09	Chromosome	2023-05-18	CATOCV01	206
mDerPha1.hap2	GCA_051107595.1		Dermanura phaeotis					mDerPha1	male		Chromosome	2025-06-26	JBPCCN01	102
mMyoEvo1.0	GCA_056320405.1		Myotis evotis					MEvo1			Chromosome	2026-03-25	JBPVWL01	117
mMyoVol1.0	GCA_056320705.1		Myotis volans					B2S1-22	male		Chromosome	2026-03-25	JBPVWN01	78
mMyoCai1.0	GCA_056320955.1		Myotis californicus					W8-MyCa	female		Chromosome	2026-03-25	JBPVWP01	84
mMyoThy1.0	GCA_056320715.1		Myotis thysanodes					MThy1	male		Chromosome	2026-03-25	JBPVWK01	75
mMonMoa1.1	GCA_976986665.1		Monachus monachus								Chromosome	2025-11-08	CDRKBZ01	275
mMyoOcc1.0	GCA_056320795.1		Myotis occultus					B2S1-25	male		Chromosome	2026-03-25	JBPVWM01	69
mGarKee1.hap2	GCA_050655445.1		Gardnerycteris keenani					mGarKee1	male		Chromosome	2025-06-02	JBOKGI01	83
mMyoAui1.0	GCA_056320785.1		Myotis auriculus					B2S1-17	male		Chromosome	2026-03-25	JBPVWO01	136
mGloMut1.hap1	GCA_039655065.1		Glossophaga mutica					mGloMut1	female	GCA_039655065.1-GB_2025_08_29	Chromosome	2024-05-17	JBCAQL01	81
mEidDup1.hap2	GCA_059749105.1		Eidolon dupreanum					mEidDup1	female		Chromosome	2026-08-03	JCBABP01	54
mArtInt1.hap2	GCA_038363225.1		Artibeus intermedius					mArtInt1	male		Chromosome	2024-04-22	JBAWUT01	187
mRhiCli1.hap1	GCA_054645015.1		Rhinolophus clivosus					mRhiCli1	male		Chromosome	2026-01-22	JBTNEC01	270
ARS_Pied_mat1.0	GCA_946052875.1		Bos gaurus x Bos taurus								Chromosome	2022-09-11	CAMGDQ01	996
mEumNan1.hap1	GCA_058972175.1		Eumops nanus					mEumNan1	female		Chromosome	2026-07-06	JBZXKL01	158
mCepZeb1.hap1	GCA_054099735.1		Cephalophula zebra					mCepZeb1	female		Chromosome	2025-12-18	JBSLPA01	598
mCarSow1.hap1	GCA_051307085.1		Carollia sowelli					mCarSow1	female		Chromosome	2025-07-14	JBOBQR01	508
mPerGos1.hap1	GCA_057877385.1		Peromyscus gossypinus allapaticola					mPerGos1	male		Chromosome	2026-06-03	JBXXQC01	463
mEptFur1.hap2	GCA_054644445.1		Neoeptesicus furinalis					mEptFur1	female		Chromosome	2026-01-22	JBRANB01	86
mMyoTri1.hap1	GCA_054824995.1		Myotis tricolor					mMyoTri1	male		Chromosome	2026-01-29	JBTBEZ01	188
mMyoPil1.hap1	GCA_057888715.1		Myotis pilosatibialis					mMyoPil1	female		Chromosome	2026-06-03	JBVAYK01	115
mMicMic1.hap2	GCA_051107335.1		Micronycteris microtis					mMicMic1	male		Chromosome	2025-06-26	JBPFCS01	158
mRhiDar1.hap1	GCA_057427945.1		Rhinolophus darlingi					mRhiDar1	male		Chromosome	2026-05-11	JBXXPU01	222
mLepCas1.Hap1.1	GCA_978442995.1		Lepus castroviejoi								Chromosome	2026-02-10	CDZNTQ01	212
mMyoNes1.hap2	GCA_054855975.1		Myotis nesopolus					mMyoNes1	male		Chromosome	2026-01-30	JBTVNJ01	150
mMyoSod1.hap1	GCA_057945255.1		Myotis sodalis					mMyoSod1	male		Chromosome	2026-06-04	JBXADV01	43
mLopEvo1.hap1	GCA_051307075.1		Lophostoma evote					mLopEvo1	male		Chromosome	2025-07-14	JBOBQC01	311
mPhs449_Pusa_saimensis_1	GCA_059488705.1		Pusa saimensis					Tuukka			Chromosome	2026-07-16	JBXAED01	251
mStuPar1.hap2	GCA_054855695.1		Sturnira parvidens					mStuPar1	male		Chromosome	2026-01-30	JBRFIH01	703
mPlaHel1.hap1	GCA_051107505.1		Platyrrhinus helleri					mPlaHel1	male		Chromosome	2025-06-26	JBPCCK01	364
mPipHan1.5	GCA_964339955.5	GCF_964339955.1	Pipistrellus hanaki								Chromosome	2025-07-07	CAYEYA05	140
mPipHan1.5	GCF_964339955.1	GCA_964339955.5	Pipistrellus hanaki							GCF_964339955.1-RS_2025_08	Chromosome	2025-07-07	CAYEYA05	140
mMyoEma1.hap1.2	GCA_965115925.2		Myotis emarginatus								Chromosome	2025-04-14	CBCPEJ02	305
mPteRuf1.hap2	GCA_056363655.1		Pteropus rufus					mPteRuf1	female		Chromosome	2026-03-27	JBWDIR01	91
mEptChi1.hap1	GCA_054100705.1		Neoeptesicus chiriquinus					mEptChi1	male		Chromosome	2025-12-18	JBSIDG01	132
mMyoRut1_p1.0	GCA_040207285.2		Clethrionomys rutilus					NRedBackedVole01	male		Chromosome	2025-02-12	JBCDMM02	83
mRhiBla1.hap2	GCA_057428315.1		Rhinolophus blasii					mRhiBla1	male		Chromosome	2026-05-11	JBXXPX01	150
Eruf_1.0	GCA_057930555.1		Eospalax rufescens					ML-2024b	male		Chromosome	2026-06-04	JBLNKN01	2974
ASM4919083v1	GCA_049190835.1		Myospalax aspalax				China's Inner Mongolia autonomous region population	NW-2023a	male		Chromosome	2025-03-31	JAVSBZ01	547
mRhiCys1.hap1	GCA_055761895.1		Rhinopoma cystops					mRhiCys1	male		Chromosome	2026-03-10	JBVQSX01	479
mAcoMin1.4	GCA_964271855.5	GCF_964271855.1	Acomys minous								Chromosome	2025-07-07	CAXWVK05	111
mAcoMin1.4	GCF_964271855.1	GCA_964271855.5	Acomys minous							GCF_964271855.1-RS_2025_09	Chromosome	2025-07-07	CAXWVK05	111
mNeoFlo1.hap1	GCA_050000055.1		Neotoma floridana					mNeoFlo1	male		Chromosome	2025-04-29	JBNBAX01	1381
OncAre_H1_v1	GCA_949786405.1		Onychomys arenicola								Chromosome	2023-04-08	CATKUM01	601
mNycLei1.hap1.2	GCA_964264875.2		Nyctalus leisleri								Chromosome	2025-04-03	CAXWAE02	584
mOliNig2.hap1	GCA_057876635.1		Oligoryzomys nigripes					mOliNig2	female		Chromosome	2026-06-03	JBYHCR01	130
ASM2027666v1	GCA_020276665.1		Muntiacus crinifrons					NWPU-IOZ-01	female		Chromosome	2021-10-05	JAGTXS01	836
DKFZ_Fans_1.0	GCA_053478225.1		Fukomys anselli					934000011235352li	male		Chromosome	2025-11-14	JBPETH01	412
WHU_Pdav_v1	GCA_058219175.1		Pteronotus davyi					M-278415	female		Chromosome	2026-06-16	JBBMOH01	209
ASM2306576v1	GCA_023065765.1		Hexaprotodon liberiensis					ZL_2021b	male		Chromosome	2022-04-22	JAKVTR01	99
Mpsi_1.0	GCA_057930495.1		Myospalax psilurus					ML-2024d	male		Chromosome	2026-06-04	JBLNKL01	2557
OncLeu_H2_v1	GCA_949786385.1		Onychomys leucogaster								Chromosome	2023-04-08	CATKUP01	1053
ASM3024704v1	GCA_030247045.1		Colobus guereza					XZ-2021d	male		Chromosome	2023-06-12	DAKLCV01	2570
mRhyPet1.hap2	GCA_043290065.1		Rhynchocyon petersi					mRhyPet1	male		Chromosome	2024-10-17	JBHNZO01	314
mBabCel1.hap1	GCA_057927545.1		Babyrousa celebensis					mBabCel1	male		Chromosome	2026-06-03	JBXADS01	2201
mLesInc1.hap1	GCA_054644205.1		Lestoros inca					mLesInc1	male		Chromosome	2026-01-22	JBTMPH01	187
ASM1759144v1	GCA_017591445.1		Giraffa camelopardalis rothschildi						male		Chromosome	2021-03-30	JABCKX01	2096
ASM2149847v1	GCA_021498475.1		Saguinus midas					KIZ-2021_24	male		Chromosome	2022-01-19	JAKFGQ01	1785
mSicTri.1	GCA_982266845.1		Sicista trizona								Chromosome	2026-03-14	CEVFMK01	161
Sgui2.0	GCA_060252115.1		Sotalia guianensis				Colombia	MN-2026a	male		Chromosome	2026-07-28	JBWYRC01	537
mBraTor.pri	GCA_963992745.1		Bradypus torquatus								Chromosome	2024-12-06	CAXDVJ01	2915
ASM4819727v1	GCA_048197275.1		Mustela strigidorsa		MSTR1m		Vietnam		male		Chromosome	2025-02-28	JBGGWQ01	263084
Unicamp_Sflu_1.0	GCA_059578065.1		Sotalia fluviatilis				Amazon River basin	MN-2026a			Chromosome	2026-07-22	JBUAZG01	4347
Miopithecus_talapoin_HiC	GCA_028551445.1		Miopithecus talapoin					Sample4097	male		Chromosome	2023-02-09	JAPYXX01	651021
AgileGrace	GCA_016433145.1	GCF_016433145.1	Gracilinanus agilis					LMUSP501	male		Chromosome	2021-01-06	JADWME01	60713
AgileGrace	GCF_016433145.1	GCA_016433145.1	Gracilinanus agilis					LMUSP501	male	NCBI Gracilinanus agilis Annotation Release 100	Chromosome	2021-01-06	JADWME01	60713
Potos_flavus_HiC	GCA_028534135.1		Potos flavus					Darwin	male		Chromosome	2023-02-09	JAPYYM01	841001
Nasua_narica_HiC	GCA_028533885.1		Nasua narica					Pearl	female		Chromosome	2023-02-09	JAPYYJ01	1091317
Arctocephalus_townsendi_HiC	GCA_028646355.1		Arctocephalus townsendi					Sample3856	male		Chromosome	2023-02-16	JAQQSM01	238431
Sylvilagus_bachmani_HiC	GCA_015711505.1		Sylvilagus bachmani					Sample2420	female		Chromosome	2020-12-04	JADBBT01	524010
Xerus_rutilus_HiC	GCA_028644305.1		Xerus rutilus					Sample2593	male		Chromosome	2023-02-16	JAQQSJ01	1123228
Lagorchestes_hirsutus_HiC	GCA_028533205.1		Lagorchestes hirsutus					LH01	male		Chromosome	2023-02-09	JAPYYB01	569642
Uromys_caudimaculatus_HiC	GCA_028551405.1		Uromys caudimaculatus					Sample2588	female		Chromosome	2023-02-09	JAPYYD01	559416
Pachyuromys_duprasi_HiC	GCA_028658305.1		Pachyuromys duprasi					Sample0678	female		Chromosome	2023-02-17	JAQQSO01	502065
Potorous_gilbertii_HiC	GCA_028658325.1		Potorous gilbertii					Sample3880	male		Chromosome	2023-02-17	JAQQSK01	1148168
mg-2k	GCA_028627215.1		Macropus giganteus					Sample1143	male		Chromosome	2023-02-16	JAQQTA01	1012328
Eulemur_mongoz_HiC	GCA_028534055.1		Eulemur mongoz					Sample1262	male		Chromosome	2023-02-09	JAPYYL01	1055658
Coendou_prehensilis_HiC	GCA_028534165.1		Coendou prehensilis					Bobby Sue	female		Chromosome	2023-02-09	JAPYYN01	1753065
mf-2k	GCA_028583105.1		Macropus fuliginosus					Sample1290	female		Chromosome	2023-02-10	JAQMYV01	1417799
Cercopithecus_mitis_HiC	GCA_028627265.1		Cercopithecus mitis					Sample3913	female		Chromosome	2023-02-16	JAQQSH01	1396160
pg-2k	GCA_028646595.1		Phalanger gymnotis					Sample0438	male		Chromosome	2023-02-16	JAQQSZ01	1142900
Pseudochirops_cupreus_HiC	GCA_028627135.1		Pseudochirops cupreus					Sample1791			Chromosome	2023-02-16	JAQQSU01	1056511
Pseudochirops_corinnae_HiC	GCA_028646515.1		Pseudochirops corinnae					Sample1771			Chromosome	2023-02-16	JAQQSV01	551799
mAcoPer2_REL_1905	GCA_907169655.1		Acomys percivali								Chromosome	2021-07-06	CAJRSG01	22442
Pseudocheirus_occidentalis_HiC	GCA_028646575.1		Pseudocheirus occidentalis					Sample1780			Chromosome	2023-02-16	JAQQSW01	917762
H9_T2T.hap1	GCA_054883195.1		Homo sapiens					H9_T2T	female		Chromosome	2026-01-30	JBTOFR01	23
hg002v1.1.mat	GCA_018852615.3		Homo sapiens					NA24385	male		Chromosome	2024-07-18		23
KOLF2.1Jv1.1.pri	GCA_058280895.1		Homo sapiens					iPSC	male		Chromosome	2026-06-17	JBZDRB01	23
H9_T2T.hap2	GCA_054883265.1		Homo sapiens					H9_T2T	female		Chromosome	2026-01-30	JBTOFS01	23
JCVblood-PB	GCA_059792095.1		Homo sapiens					JCVblood-2023-10-26	male		Chromosome	2026-08-04	JBTWEK01	24
hg002v1.1.pat	GCA_018852605.3		Homo sapiens					NA24385	male		Chromosome	2024-07-19		23
PAN027_pat_v1.1	GCA_046332035.2		Homo sapiens					HG06807	female		Chromosome	2026-07-22	JBKABQ02	23
KOLF2.1Jv1.1.alt	GCA_058280805.1		Homo sapiens					iPSC	male		Chromosome	2026-06-17	JBZDRC01	22
RPE1V1.1 Haplotype 1	GCA_050656345.1		Homo sapiens					RPE-1	female		Chromosome	2025-06-02	JBJQNK01	23
PAN010_hap2_v1.1	GCA_059568475.1		Homo sapiens					HG06803	female		Chromosome	2026-07-22	JCANXE01	23
PAN011_hap1_v1.1	GCA_059568455.1		Homo sapiens					HG06804	male		Chromosome	2026-07-22	JCANXB01	23
PAN028_hap2_v1.1	GCA_059568385.1		Homo sapiens					HG06808	female		Chromosome	2026-07-22	JCANXA01	23
PAN011_hap2_v1.1	GCA_059568435.1		Homo sapiens					HG06804	male		Chromosome	2026-07-22	JCANXC01	23
PAN027_mat_v1.1	GCA_046332005.3		Homo sapiens					HG06807	female		Chromosome	2026-07-22	JBKABR02	23
PAN028_hap1_v1.1	GCA_059568415.1		Homo sapiens					HG06808	female		Chromosome	2026-07-22	JCANWZ01	23
PAN010_hap1_v1.1	GCA_059568495.1		Homo sapiens					HG06803	female		Chromosome	2026-07-22	JCANXD01	23
ASM5632111v1	GCA_056321115.1		Homo sapiens					IMR-90	female		Chromosome	2026-03-25	JBVVOG01	23
ASM5632114v1	GCA_056321145.1		Homo sapiens					BJ	male		Chromosome	2026-03-25	JBVVOH01	23
ASM5632110v1	GCA_056321105.1		Homo sapiens					IMR-90	female		Chromosome	2026-03-25	JBVVOF01	23
ASM5632137v1	GCA_056321375.1		Homo sapiens					BJ	male		Chromosome	2026-03-25	JBVVOI01	23
IBAB_KIn_1.2	GCA_056632735.1		Homo sapiens					IBAB_KGP_30	female		Chromosome	2026-04-08	JBWQXG01	23
SAU_Npig_1.0	GCA_056361715.1		Sus scrofa	Neijiang pig					female		Chromosome	2026-03-25	JBTULV01	19
NSME_pig_1.2	GCA_006511355.2		Sus scrofa scrofa	NS					male		Chromosome	2021-04-09		20
Guyuan_Btau_1.0	GCA_051106085.1		Bos taurus	Guyuan cattle				GY063	male		Chromosome	2025-06-26	JBKSDG01	30
ASM1204487v1	GCA_012044875.1		Canis lupus familiaris	Labrador retriever					male		Chromosome	2020-04-06		39
ASM1204501v1	GCA_012045015.1		Canis lupus familiaris	Labrador retriever					male		Chromosome	2020-04-06		39
T2T-sheep1.0M	GCA_041121725.1		Ovis aries	Hu sheep				HU3095-Mother	female	Annotation submitted by China Agricultural University	Chromosome	2024-07-24		27
T2T-goat2.0M	GCA_040970035.1		Capra hircus	Inner Mongolia cashmere goat					male		Chromosome	2024-07-31		30
T2T-goat1.0M	GCA_041736475.1		Capra hircus	Inner Mongolia cashmere goat					male	Annotation submitted by China Agricultural University	Chromosome	2024-09-04		30
ASM4082201v1	GCA_040822015.1		Capra hircus	Inner Mongolia Cashmere goat				AEBS_806099	male		Chromosome	2024-07-23		31
wOryCun.alg1	GCA_982769885.1		Oryctolagus cuniculus								Chromosome	2026-05-15		22
calJac220_pri	GCA_049354665.1		Callithrix jacchus					220	female		Chromosome	2025-04-08	JBLWJD01	23
calJac220_alt	GCA_049354675.1		Callithrix jacchus					220	female		Chromosome	2025-04-08	JBLWJC01	23
ASM5663261v2	GCA_056632615.2		Equus asinus	taihang				SSD	male		Chromosome	2026-04-08	JBUQDP01	32
HU_Pman_SW_mat_3.1	GCA_049852335.1		Peromyscus maniculatus rubidus					BKxSW_F1_SW_parent	female		Chromosome	2025-04-22	JBMNXQ01	24
HU_Pman_BK_pat_3.1	GCA_049852355.1		Peromyscus maniculatus gambelii					BKxSW_F1_BK_parent	male		Chromosome	2025-04-22	JBMNXP01	24
ASM4859333v1	GCA_048593335.1		Notamacropus eugenii					Barry	male		Chromosome	2025-03-17	JBMDLQ01	8
ASM4859322v1	GCA_048593225.1		Sarcophilus harrisii					McLovin	male	GCA_048593225.1-GB_2025_09_01	Chromosome	2025-03-17	JBMDLT01	7
ASM296843v1	GCA_002968435.1		Bos mutus					yakQH1	female		Chromosome	2018-03-05		30
C.can genome v2.0	GCA_001984765.2		Castor canadensis					Ward	male		Chromosome	2026-01-29	MTKA02	21
ASM4859329v1	GCA_048593295.1		Sminthopsis crassicaudata					SCR6	female		Chromosome	2025-03-17	JBMDMD01	7
CAU_F1_paternal_1.0	GCA_023701655.1		Ovis ammon polii x Ovis aries					F1 hybrid	male	Annotation submitted by China Agricultural University	Chromosome	2022-06-10	JALAIX01	28
T2T-mGirTip1v1.2.alt	GCA_054371575.1		Giraffa tippelskirchi					mGirTip1	male		Chromosome	2026-01-06	JBRKMD01	14
T2T-mGirTip1v1.2.mat	GCA_054371825.1		Giraffa tippelskirchi					mGirTip1	male		Chromosome	2026-01-06	JBRKMA01	15
LTU_DasViv_v2.0_hap2	GCA_051122245.1		Dasyurus viverrinus					TARZ-13805.1	female		Chromosome	2025-06-27	JBNQXN01	7
LTU_DasViv_v2.0_hap1	GCA_051122235.1		Dasyurus viverrinus					TARZ-13805.1	female		Chromosome	2025-06-27	JBNQXM01	7
ASM4859328v1	GCA_048593285.1		Dasyurus maculatus					Chaos	male	GCA_048593285.1-GB_2025_09_17	Chromosome	2025-03-17	JBMDMC01	6
HG02040_haplotype2_hprc_rel2_verkko2_supp	GCA_056751295.1		Homo sapiens					HG02040	male		Chromosome	2026-04-16	JBVUMR01	57
HG01891_haplotype1_hprc_rel2_verkko2_supp	GCA_056698125.1		Homo sapiens					HG01891	female		Chromosome	2026-04-13	JBVUDO01	26
HG00235_haplotype1_hprc_rel2_verkko2_supp	GCA_056669185.1		Homo sapiens					HG00235	female		Chromosome	2026-04-10	JBVTYR01	55
HG03470_haplotype2_hprc_rel2_verkko2_supp	GCA_056750115.1		Homo sapiens					HG03470	female		Chromosome	2026-04-16	JBVUMJ01	40
HG01890_haplotype2_hprc-hgsvc_rel2_verkko2_supp	GCA_057056705.1		Homo sapiens					HG01890	male		Chromosome	2026-04-29	JBWQHC01	70
HG03371_hap2	GCA_056690335.1		Homo sapiens					HG03371	male		Chromosome	2026-04-13	DBNCQE01	37
HG03369_haplotype2_hprc_rel2_verkko2_supp	GCA_056717455.1		Homo sapiens					HG03369	female		Chromosome	2026-04-14	JBVUGV01	29
HG02559_haplotype2_hprc_rel2_verkko2_supp	GCA_056716475.1		Homo sapiens					HG02559	female		Chromosome	2026-04-14	JBVUEX01	50
NA19036_haplotype2_hprc_rel2_verkko2_supp	GCA_056739675.1		Homo sapiens					NA19036	female		Chromosome	2026-04-15	JBVUJT01	31
NA19043_haplotype2_hprc_rel2_verkko2_supp	GCA_056739645.1		Homo sapiens					NA19043	male		Chromosome	2026-04-15	JBVUJR01	38
HG03516_haplotype1_hprc_rel2_verkko2_supp	GCA_056750055.1		Homo sapiens					HG03516	female		Chromosome	2026-04-16	JBVUMG01	31
NA19705_haplotype2_hprc-hgsvc_rel2_verkko2_supp	GCA_057055885.1		Homo sapiens					NA19705	male		Chromosome	2026-04-29	JBWQFO01	27
NA18508_haplotype1_hprc_rel2_verkko2_supp	GCA_056739315.1		Homo sapiens					NA18508	female		Chromosome	2026-04-15	JBVUJC01	32
HG03225_haplotype2_hprc_rel2_verkko2_supp	GCA_056717115.1		Homo sapiens					HG03225	male		Chromosome	2026-04-14	JBVUGF01	30
Ash1_v2.2	GCA_011064465.2		Homo sapiens					NA24385	male	Annotation submitted by Johns Hopkins University	Chromosome	2022-06-02	JAAKGM02	65
hg01243.v3.0	GCA_018873775.2		Homo sapiens					HG01243	male	Annotation submitted by Johns Hopkins University	Chromosome	2021-09-27	JAHLSK02	88
Han1	GCA_024586135.1		Homo sapiens					HG00621	male		Chromosome	2022-08-09	JANJEX01	34
HG02984_haplotype1_hprc_rel2_verkko2_supp	GCA_056716995.1		Homo sapiens					HG02984	male		Chromosome	2026-04-14	JBVUFY01	35
HG01167_hap1_hprc_f2	GCA_044167135.1		Homo sapiens					HG01167	male		Chromosome	2024-10-31	JBIREP01	97
HG03195_haplotype1_hprc_rel2_verkko2_supp	GCA_056717135.1		Homo sapiens					HG03195	female		Chromosome	2026-04-14	JBVUGG01	44
NA19317_haplotype2_hprc-hgsvc_rel2_verkko2_supp	GCA_057056105.1		Homo sapiens					NA19317	male		Chromosome	2026-04-29	JBWQFY01	37
HG02965_haplotype2_hprc_rel2_verkko2_supp	GCA_056750905.1		Homo sapiens					HG02965	male		Chromosome	2026-04-16	JBVUNJ01	33
HG00096_haplotype2_hprc-hgsvc_rel2_verkko2_supp	GCA_057056985.1		Homo sapiens					HG00096	male		Chromosome	2026-04-29	JBWQHQ01	27
HG03516_haplotype2_hprc_rel2_verkko2_supp	GCA_056750085.1		Homo sapiens					HG03516	female		Chromosome	2026-04-16	JBVUMH01	70
HG02129_haplotype1_hprc_rel2_verkko2_supp	GCA_056695745.1		Homo sapiens					HG02129	male		Chromosome	2026-04-13	JBVTZJ01	39
NA20346_haplotype2_hprc_rel2_verkko2_supp	GCA_056748145.1		Homo sapiens					NA20346	male		Chromosome	2026-04-16	JBVUKZ01	32
NA19087_haplotype1_hprc_rel2_verkko2_supp	GCA_056740015.1		Homo sapiens					NA19087	female		Chromosome	2026-04-15	JBVUKI01	34
HG02040_haplotype1_hprc_rel2_verkko2_supp	GCA_056751265.1		Homo sapiens					HG02040	male		Chromosome	2026-04-16	JBVUMQ01	25
HG02486_mat_hprc_rel2_verkko2_supp	GCA_056697475.1		Homo sapiens					HG02486	male		Chromosome	2026-04-13	JBVUBW01	37
HG00133_hap2_hprc_f2	GCA_042077855.2		Homo sapiens					HG00133	female		Chromosome	2024-09-20	JBHIKR01	56
HG02392_haplotype1_hprc_rel2_verkko2_supp	GCA_056697545.1		Homo sapiens					HG02392	male		Chromosome	2026-04-13	JBVUBZ01	43
HG00128_haplotype2_hprc_rel2_verkko2_supp	GCA_056669485.1		Homo sapiens					HG00128	female		Chromosome	2026-04-10	JBVTZE01	42
NA19700_haplotype1_hprc_rel2_verkko2_supp	GCA_056740125.1		Homo sapiens					NA19700	male		Chromosome	2026-04-15	JBVUKO01	36
NA19776_haplotype2_hprc_rel2_verkko2_supp	GCA_056740095.1		Homo sapiens					NA19776	female		Chromosome	2026-04-15	JBVUKN01	29
HG02717_pat_hprc_rel2_verkko2_supp	GCA_056750725.1		Homo sapiens					HG02717	male		Chromosome	2026-04-16	JBVUNC01	36
HG02004_haplotype1_hprc_rel2_verkko2_supp	GCA_056697655.1		Homo sapiens					HG02004	female		Chromosome	2026-04-13	JBVUCQ01	48
HG02647_mat_hprc_rel2_verkko2_supp	GCA_056716575.1		Homo sapiens					HG02647	male		Chromosome	2026-04-14	JBVUFD01	85
NA19682_haplotype1_hprc_rel2_verkko2_supp	GCA_056740175.1		Homo sapiens					NA19682	male		Chromosome	2026-04-15	JBVUKQ01	29
HG02976_haplotype2_hprc_rel2_verkko2_supp	GCA_056717205.1		Homo sapiens					HG02976	female		Chromosome	2026-04-14	JBVUGB01	43
HG02109_haplotype2_hprc_rel2_verkko2_supp	GCA_056696005.1		Homo sapiens					HG02109	female		Chromosome	2026-04-13	JBVTZM01	42
HG02055_pat_hprc_rel2_verkko2_supp	GCA_056751255.1		Homo sapiens					HG02055	female		Chromosome	2026-04-16	JBVUMO01	59
HG02809_haplotype1_hprc_rel2_verkko2_supp	GCA_056716755.1		Homo sapiens					HG02809	female		Chromosome	2026-04-14	JBVUFM01	35
HG01074_haplotype2_hprc_rel2_verkko2_supp	GCA_056667915.1		Homo sapiens					HG01074	male		Chromosome	2026-04-10	JBVTWK01	35
NA21102_haplotype1_hprc_rel2_verkko2_supp	GCA_056748685.1		Homo sapiens					NA21102	female		Chromosome	2026-04-16	JBVULG01	24
HG01074_haplotype1_hprc_rel2_verkko2_supp	GCA_056667935.1		Homo sapiens					HG01074	male		Chromosome	2026-04-10	JBVTWJ01	59
HG01978_haplotype1_hprc_rel2_verkko2_supp	GCA_056697775.1		Homo sapiens					HG01978	female		Chromosome	2026-04-13	JBVUCW01	72
NA18522_haplotype2_hprc_rel2_verkko2_supp	GCA_056739295.1		Homo sapiens					NA18522	male		Chromosome	2026-04-15	JBVUJB01	34
HG02559_mat_hprc_f2	GCA_018466985.3		Homo sapiens					HG02559	female		Chromosome	2024-09-20	JAGYVJ02	69
HG00232_haplotype1_hprc_rel2_verkko2_supp	GCA_056669255.1		Homo sapiens					HG00232	female		Chromosome	2026-04-10	JBVTYT01	31
HG00128_haplotype1_hprc_rel2_verkko2_supp	GCA_056669445.1		Homo sapiens					HG00128	female		Chromosome	2026-04-10	JBVTZD01	29
HG02723_haplotype1_hprc_rel2_verkko2_supp	GCA_056716825.1		Homo sapiens					HG02723	female		Chromosome	2026-04-14	JBVUFQ01	37
NA20806_hap2_hprc_f2	GCA_046629225.2		Homo sapiens					NA20806	male		Chromosome	2025-01-14	JBKOQV01	34
NA19700_haplotype2_hprc_rel2_verkko2_supp	GCA_056740135.1		Homo sapiens					NA19700	male		Chromosome	2026-04-15	JBVUKP01	37
NA21102_hap1_hprc_f2	GCA_044166315.1		Homo sapiens					NA21102	female		Chromosome	2024-10-31	JBIREH01	78
HG02554_haplotype1_hprc-hgsvc_rel2_verkko2_supp	GCA_057056595.1		Homo sapiens					HG02554	male		Chromosome	2026-04-29	JBWQGV01	54
HG03784_haplotype1_hprc_rel2_verkko2_supp	GCA_056717475.1		Homo sapiens					HG03784	female		Chromosome	2026-04-14	JBVUGW01	48
NA18508_hap2_hprc_f2	GCA_042077155.2		Homo sapiens					NA18508	female		Chromosome	2024-09-20	JBHIJH01	56
HG00621_mat_hprc_f2	GCA_018472605.3		Homo sapiens					HG00621	male		Chromosome	2024-09-20	JAHBCC02	55
HG03831_haplotype1_hprc_rel2_verkko2_supp	GCA_056738575.1		Homo sapiens					HG03831	female		Chromosome	2026-04-15	JBVUHW01	61
HG03521_haplotype2_hprc_rel2_verkko2_supp	GCA_056717345.1		Homo sapiens					HG03521	male		Chromosome	2026-04-14	JBVUGR01	38
HG03009_haplotype2_hprc-hgsvc_rel2_verkko2_supp	GCA_057056465.1		Homo sapiens					HG03009	male		Chromosome	2026-04-29	JBWQGQ01	37
HG02056_pat_hprc_rel2_verkko2_supp	GCA_056751125.1		Homo sapiens					HG02056	male		Chromosome	2026-04-16	JBVUMM01	66
HG03710_haplotype2_hprc_rel2_verkko2_supp	GCA_056717555.1		Homo sapiens					HG03710	male		Chromosome	2026-04-14	JBVUHB01	41
HG02717_mat_hprc_rel2_verkko2_supp	GCA_057062045.1		Homo sapiens					HG02717	male		Chromosome	2026-04-16	JBVUND01	43
NA18522_haplotype1_hprc_rel2_verkko2_supp	GCA_056739265.1		Homo sapiens					NA18522	male		Chromosome	2026-04-15	JBVUJA01	142
HG04184_haplotype2_hprc_rel2_verkko2_supp	GCA_056739125.1		Homo sapiens					HG04184	female		Chromosome	2026-04-15	JBVUIV01	41
RPE1V1.1 Haplotype 2	GCA_050656315.1		Homo sapiens					RPE-1	female		Chromosome	2025-06-02	JBJQNL01	688
HG02258_haplotype1_hprc_rel2_verkko2_supp	GCA_056697325.1		Homo sapiens					HG02258	male		Chromosome	2026-04-13	JBVUBP01	35
ASM4633219v1	GCA_046332195.1		Homo sapiens					NA18967	male		Chromosome	2024-12-27	JBKABW01	69
HG03834_haplotype1_hprc_rel2_verkko2_supp	GCA_056738595.1		Homo sapiens					HG03834	female		Chromosome	2026-04-15	JBVUHU01	49
NA19338_haplotype2_hprc_rel2_verkko2_supp	GCA_056739865.1		Homo sapiens					NA19338	female		Chromosome	2026-04-15	JBVUKD01	53
NA19317_hap2	GCA_056689515.1		Homo sapiens					NA19317	male		Chromosome	2026-04-13	DBNCOW01	33
HG03050_pat_hprc_rel2_verkko2_supp	GCA_056716875.1		Homo sapiens					HG03050	male		Chromosome	2026-04-14	JBVUFS01	66
HG03139_haplotype1_hprc_rel2_verkko2_supp	GCA_056717175.1		Homo sapiens					HG03139	male		Chromosome	2026-04-14	JBVUGI01	32
NA19909_haplotype2_hprc_rel2_verkko2_supp	GCA_056748605.1		Homo sapiens					NA19909	female		Chromosome	2026-04-16	JBVULD01	32
HG00544_mat_hprc_f2	GCA_042076565.2		Homo sapiens					HG00544	female		Chromosome	2024-09-20	JBHIIN01	61
HG03225_haplotype1_hprc_rel2_verkko2_supp	GCA_056717095.1		Homo sapiens					HG03225	male		Chromosome	2026-04-14	JBVUGE01	36
HG03654_haplotype1_hprc_rel2_verkko2_supp	GCA_056717615.1		Homo sapiens					HG03654	male		Chromosome	2026-04-14	JBVUHE01	53
HG01960_haplotype2_hprc_rel2_verkko2_supp	GCA_056697865.1		Homo sapiens					HG01960	female		Chromosome	2026-04-13	JBVUDD01	76
NA19347_haplotype2_hprc-hgsvc_rel2_verkko2_supp	GCA_057056045.1		Homo sapiens					NA19347	male		Chromosome	2026-04-29	JBWQFU01	50
HG02055_mat_hprc_rel2_verkko2_supp	GCA_056751115.1		Homo sapiens					HG02055	female		Chromosome	2026-04-16	JBVUMP01	80
HG03041_haplotype1_hprc_rel2_verkko2_supp	GCA_056716895.1		Homo sapiens					HG03041	female		Chromosome	2026-04-14	JBVUFU01	28
NA19087_hap1_hprc_f2	GCA_042034335.1		Homo sapiens					NA19087	female		Chromosome	2024-09-20	JBHDXP01	93
HG02922_haplotype1_hprc_rel2_verkko2_supp	GCA_056716695.1		Homo sapiens					HG02922	female		Chromosome	2026-04-14	JBVUFI01	44
ASM4633247v1	GCA_046332475.1		Homo sapiens					NA18943	male		Chromosome	2024-12-27	JBKACJ01	39
HG02165_haplotype1_hprc_rel2_verkko2_supp	GCA_056696475.1		Homo sapiens					HG02165	female		Chromosome	2026-04-13	JBVUAT01	39
HG02280_haplotype1_hprc_rel2_verkko2_supp	GCA_056697055.1		Homo sapiens					HG02280	female		Chromosome	2026-04-13	JBVUBL01	133
HG03065_haplotype2_hprc-hgsvc_rel2_verkko2_supp	GCA_057056415.1		Homo sapiens					HG03065	male		Chromosome	2026-04-29	JBWQGO01	44
HG02735_haplotype2_hprc_rel2_verkko2_supp	GCA_056749955.1		Homo sapiens					HG02735	male		Chromosome	2026-04-16	JBVUMB01	110
NA19185_haplotype2_hprc_rel2_verkko2_supp	GCA_056739925.1		Homo sapiens					NA19185	female		Chromosome	2026-04-15	JBVUKF01	60
NA19185_haplotype1_hprc_rel2_verkko2_supp	GCA_056739915.1		Homo sapiens					NA19185	female		Chromosome	2026-04-15	JBVUKE01	39
HG04199_mat_hprc_f2	GCA_042029385.2		Homo sapiens					HG04199	male		Chromosome	2024-09-19	JBHDTI01	82
NA19338_haplotype1_hprc_rel2_verkko2_supp	GCA_056739895.1		Homo sapiens					NA19338	female		Chromosome	2026-04-15	JBVUKC01	42
NA20805_hap2_hprc_f2	GCA_043304515.2		Homo sapiens					NA20805	male		Chromosome	2024-10-17	JBIECA01	88
HG00544_pat_hprc_f2	GCA_042076675.1		Homo sapiens					HG00544	female		Chromosome	2024-09-20	JBHIIM01	61
HG00609_pat_hprc_f2	GCA_042027545.1		Homo sapiens					HG00609	male		Chromosome	2024-09-19	JBHDRX01	94
HG03065_haplotype1_hprc-hgsvc_rel2_verkko2_supp	GCA_057056445.1		Homo sapiens					HG03065	male		Chromosome	2026-04-29	JBWQGN01	94
HG03050_mat_hprc_rel2_verkko2_supp	GCA_056716835.1		Homo sapiens					HG03050	male		Chromosome	2026-04-14	JBVUFT01	84
HG03683_hap2	GCA_056690095.1		Homo sapiens					HG03683	female		Chromosome	2026-04-13	DBNCPW01	92
NA20805_hap1_hprc_f2	GCA_043304975.1		Homo sapiens					NA20805	male		Chromosome	2024-10-17	JBIEBZ01	89
NA18565_haplotype1_hprc_rel2_verkko2_supp	GCA_056739225.1		Homo sapiens					NA18565	female		Chromosome	2026-04-15	JBVUIY01	35
ASM4633213v1	GCA_046332135.1		Homo sapiens					NA18970	male		Chromosome	2024-12-27	JBKABU01	48
HG03371_mat_hprc-hgsvc_rel2_verkko2_supp	GCA_057056345.1		Homo sapiens					HG03371	male		Chromosome	2026-04-29	JBWQGK01	38
HG01993_haplotype2_hprc_rel2_verkko2_supp	GCA_056697675.1		Homo sapiens					HG01993	female		Chromosome	2026-04-13	JBVUCT01	42
HG02011_haplotype1_hprc-hgsvc_rel2_verkko2_supp	GCA_057056685.1		Homo sapiens					HG02011	male		Chromosome	2026-04-29	JBWQGZ01	27
HG01167_haplotype2_hprc_rel2_verkko2_supp	GCA_056667625.1		Homo sapiens					HG01167	male		Chromosome	2026-04-10	JBVTVW01	40
HG03784_haplotype2_hprc_rel2_verkko2_supp	GCA_056717485.1		Homo sapiens					HG03784	female		Chromosome	2026-04-14	JBVUGX01	27
NA21093_haplotype2_hprc_rel2_verkko2_supp	GCA_056695555.1		Homo sapiens					NA21093	male		Chromosome	2026-04-13	JBVTVK01	101
HG02165_haplotype2_hprc_rel2_verkko2_supp	GCA_056696485.1		Homo sapiens					HG02165	female		Chromosome	2026-04-13	JBVUAU01	32
HG01505_mat_hprc-hgsvc_rel2_verkko2_supp	GCA_057056805.1		Homo sapiens					HG01505	male		Chromosome	2026-04-29	JBWQHG01	46
HG01928_mat_hprc_rel2_verkko2_supp	GCA_056698095.1		Homo sapiens					HG01928	male		Chromosome	2026-04-13	JBVUDN01	55
HG00731_haplotype1_hprc-hgsvc_rel2_verkko2_supp	GCA_057056885.1		Homo sapiens					HG00731	male		Chromosome	2026-04-29	JBWQHJ01	27
HG01358_mat_hprc_rel2_verkko2_supp	GCA_056699375.1		Homo sapiens					HG01358	male		Chromosome	2026-04-13	JBVUEF01	83
HG01071_haplotype1_hprc_rel2_verkko2_supp	GCA_056667985.1		Homo sapiens					HG01071	female		Chromosome	2026-04-10	JBVTWL01	93
HG00126_hap1_hprc_f2	GCA_042078065.1		Homo sapiens					HG00126	male		Chromosome	2024-09-20	JBHIKU01	74
HG00126_haplotype1_hprc_rel2_verkko2_supp	GCA_056669525.1		Homo sapiens					HG00126	male		Chromosome	2026-04-10	JBVTZF01	26
HG00558_haplotype1_hprc_rel2_verkko2_supp	GCA_056668535.1		Homo sapiens					HG00558	female		Chromosome	2026-04-10	JBVTXL01	149
HG03209_haplotype2_hprc_rel2_verkko2_supp	GCA_056749765.1		Homo sapiens					HG03209	male		Chromosome	2026-04-16	JBVULV01	75
NA18608_haplotype2_hprc_rel2_verkko2_supp	GCA_056739205.1		Homo sapiens					NA18608	male		Chromosome	2026-04-15	JBVUIX01	28
HG02922_haplotype2_hprc_rel2_verkko2_supp	GCA_056717675.1		Homo sapiens					HG02922	female		Chromosome	2026-04-14	JBVUFJ01	52
HG00438_haplotype1_hprc_rel2_verkko2_supp	GCA_056668655.1		Homo sapiens					HG00438	female		Chromosome	2026-04-10	JBVTXR01	94
NA19043_haplotype1_hprc_rel2_verkko2_supp	GCA_056739575.1		Homo sapiens					NA19043	male		Chromosome	2026-04-15	JBVUJQ01	77
HG00733_haplotype1_hprc_rel2_verkko2_supp	GCA_056668155.1		Homo sapiens					HG00733	female		Chromosome	2026-04-10	JBVTWT01	29
HG02514_haplotype1_hprc_rel2_verkko2_supp	GCA_056697375.1		Homo sapiens					HG02514	male		Chromosome	2026-04-13	JBVUBT01	36
HG03009_haplotype1_hprc-hgsvc_rel2_verkko2_supp	GCA_057056485.1		Homo sapiens					HG03009	male		Chromosome	2026-04-29	JBWQGP01	35
NA18974_haplotype1_hprc_rel2_verkko2_supp	GCA_056739795.1		Homo sapiens					NA18974	male		Chromosome	2026-04-15	JBVUJY01	56
NA21102_haplotype2_hprc_rel2_verkko2_supp	GCA_056748705.1		Homo sapiens					NA21102	female		Chromosome	2026-04-16	JBVULH01	51
HG00621_pat_hprc_f2	GCA_018472575.2		Homo sapiens					HG00621	male		Chromosome	2024-09-20	JAHBCD02	73
HG00597_pat_hprc_rel2	GCA_041900365.1		Homo sapiens					HG00597	female		Chromosome	2024-09-11	JBHDUU01	81
HG01361_haplotype2_hprc_rel2_verkko2_supp	GCA_056698965.1		Homo sapiens					HG01361	female		Chromosome	2026-04-13	JBVUED01	47
HG03017_haplotype1_hprc_rel2_verkko2_supp	GCA_056716965.1		Homo sapiens					HG03017	male		Chromosome	2026-04-14	JBVUFW01	40
ASM4633248v1	GCA_046332485.1		Homo sapiens					NA18943	male		Chromosome	2024-12-27	JBKACI01	51
HG01255_pat_hprc_f2	GCA_042029915.1		Homo sapiens					HG01255	male		Chromosome	2024-09-19	JBHDTB01	92
HG01255_haplotype2_hprc_rel2_verkko2_supp	GCA_056700505.1		Homo sapiens					HG01255	male		Chromosome	2026-04-13	JBVUEN01	77
HG03456_haplotype1_hprc-hgsvc_rel2_verkko2_supp	GCA_057056305.1		Homo sapiens					HG03456	male		Chromosome	2026-04-29	JBWQGH01	34
HG03456_hap1	GCA_056690215.1		Homo sapiens					HG03456	female		Chromosome	2026-04-13	DBNCPZ01	587
HG00706_mat_hprc_f2	GCA_046116005.2		Homo sapiens					HG00706	male		Chromosome	2024-12-16	JBJXWE01	82
HG00597_haplotype1_hprc_rel2_verkko2_supp	GCA_056668475.1		Homo sapiens					HG00597	female		Chromosome	2026-04-10	JBVTXJ01	38
ASM4633243v1	GCA_046332435.1		Homo sapiens					NA18944	male		Chromosome	2024-12-27	JBKACG01	54
HG00146_hap1_hprc_f2	GCA_042077995.1		Homo sapiens					HG00146	female		Chromosome	2024-09-20	JBHIKO01	97
HG02583_haplotype2_hprc_rel2_verkko2_supp	GCA_056716375.1		Homo sapiens					HG02583	female		Chromosome	2026-04-14	JBVUET01	42
NA19331_haplotype1_hprc-hgsvc_rel2_verkko2_supp	GCA_057056065.1		Homo sapiens					NA19331	male		Chromosome	2026-04-29	JBWQFV01	49
HG00597_mat_hprc_rel2	GCA_041900265.2		Homo sapiens					HG00597	female		Chromosome	2024-09-11	JBHDUV01	90
NA21093_haplotype1_hprc_rel2_verkko2_supp	GCA_056695505.1		Homo sapiens					NA21093	male		Chromosome	2026-04-13	JBVTVJ01	46
HG00140_hap2_hprc_f2	GCA_042030705.2		Homo sapiens					HG00140	male		Chromosome	2024-09-19	JBHDVZ01	60
HG02717_mat_hprc_f2	GCA_018469935.3		Homo sapiens					HG02717	male		Chromosome	2024-09-20	JAHAOR02	75
HG02011_haplotype2_hprc-hgsvc_rel2_verkko2_supp	GCA_057056645.1		Homo sapiens					HG02011	male		Chromosome	2026-04-29	JBWQHA01	31
HG02155_haplotype2_hprc_rel2_verkko2_supp	GCA_056696655.1		Homo sapiens					HG02155	female		Chromosome	2026-04-13	JBVUAW01	37
HG03579_haplotype1_hprc_rel2_verkko2_supp	GCA_056717315.1		Homo sapiens					HG03579	male		Chromosome	2026-04-14	JBVUGO01	28
HG02083_mat_hprc_rel2_verkko2_supp	GCA_056696045.1		Homo sapiens					HG02083	male		Chromosome	2026-04-13	JBVTZO01	138
HG03521_hap2_hprc_f2	GCA_044166645.2		Homo sapiens					HG03521	male		Chromosome	2024-10-31	JBIREG01	89
HG02976_haplotype1_hprc_rel2_verkko2_supp	GCA_056717025.1		Homo sapiens					HG02976	female		Chromosome	2026-04-14	JBVUGA01	45
NA18534_haplotype1_hprc-hgsvc_rel2_verkko2_supp	GCA_057056245.1		Homo sapiens					NA18534	male		Chromosome	2026-04-29	JBWQGD01	109
HG01252_pat_hprc_f2	GCA_042038865.1		Homo sapiens					HG01252	male		Chromosome	2024-09-20	JBHIHY01	68
HG00096_haplotype1_hprc-hgsvc_rel2_verkko2_supp	GCA_057057025.1		Homo sapiens					HG00096	male		Chromosome	2026-04-29	JBWQHP01	62
ASM4633230v1	GCA_046332305.1		Homo sapiens					NA18948	male		Chromosome	2024-12-27	JBKACD01	61
HG02027_mat_hprc_rel2_verkko2_supp	GCA_056751455.1		Homo sapiens					HG02027	male		Chromosome	2026-04-16	JBVUMT01	79
NA19835_haplotype2_hprc_rel2_verkko2_supp	GCA_056740045.1		Homo sapiens					NA19835	female		Chromosome	2026-04-15	JBVUKL01	93
HG03804_haplotype2_hprc_rel2_verkko2_supp	GCA_056738665.1		Homo sapiens					HG03804	female		Chromosome	2026-04-15	JBVUIB01	99
HG00350_haplotype2_hprc_rel2_verkko2_supp	GCA_056668755.1		Homo sapiens					HG00350	female		Chromosome	2026-04-10	JBVTXY01	45
HG03583_haplotype2_hprc_rel2_verkko2_supp	GCA_056717295.1		Homo sapiens					HG03583	female		Chromosome	2026-04-14	JBVUGN01	71
NA19087_haplotype2_hprc_rel2_verkko2_supp	GCA_056739985.1		Homo sapiens					NA19087	female		Chromosome	2026-04-15	JBVUKJ01	63
NA18612_haplotype1_hprc_rel2_verkko2_supp	GCA_056751925.1		Homo sapiens					NA18612	male		Chromosome	2026-04-16	JBVUSY01	60
HG01890_haplotype1_hprc-hgsvc_rel2_verkko2_supp	GCA_057056715.1		Homo sapiens					HG01890	male		Chromosome	2026-04-29	JBWQHB01	112
HG01081_haplotype2_hprc_rel2_verkko2_supp	GCA_056667895.1		Homo sapiens					HG01081	female		Chromosome	2026-04-10	JBVTWI01	28
HG02984_haplotype2_hprc_rel2_verkko2_supp	GCA_056717015.1		Homo sapiens					HG02984	male		Chromosome	2026-04-14	JBVUFZ01	40
HG02622_haplotype2_hprc_rel2_verkko2_supp	GCA_056716655.1		Homo sapiens					HG02622	female		Chromosome	2026-04-14	JBVUFH01	59
HG03874_haplotype2_hprc_rel2_verkko2_supp	GCA_056738535.1		Homo sapiens					HG03874	female		Chromosome	2026-04-15	JBVUHT01	55
HG03874_hap1_hprc_f2	GCA_042076925.1		Homo sapiens					HG03874	female		Chromosome	2024-09-20	JBHIIS01	70
NA19391_haplotype1_hprc_rel2_verkko2_supp	GCA_056738385.1		Homo sapiens					NA19391	female		Chromosome	2026-04-15	JBVUHM01	57
HG03874_hap2_hprc_f2	GCA_042076685.2		Homo sapiens					HG03874	female		Chromosome	2024-09-20	JBHIIT01	67
NA19776_haplotype1_hprc_rel2_verkko2_supp	GCA_056740115.1		Homo sapiens					NA19776	female		Chromosome	2026-04-15	JBVUKM01	44
HG02615_haplotype2_hprc_rel2_verkko2_supp	GCA_056716355.1		Homo sapiens					HG02615	female		Chromosome	2026-04-14	JBVUEP01	74
NA20805_haplotype2_hprc_rel2_verkko2_supp	GCA_056738315.1		Homo sapiens					NA20805	male		Chromosome	2026-04-15	JBVUHJ01	36
HG02615_haplotype1_hprc_rel2_verkko2_supp	GCA_056716365.1		Homo sapiens					HG02615	female		Chromosome	2026-04-14	JBVUEO01	45
HG00321_hap1_hprc_f2	GCA_042077015.1		Homo sapiens					HG00321	male		Chromosome	2024-09-20	JBHIIY01	112
HG04160_haplotype2_hprc_rel2_verkko2_supp	GCA_056738785.1		Homo sapiens					HG04160	male		Chromosome	2026-04-15	JBVUID01	46
NA18505_haplotype2_hprc_rel2_verkko2_supp	GCA_056739385.1		Homo sapiens					NA18505	female		Chromosome	2026-04-15	JBVUJF01	35
NA20282_haplotype1_hprc_rel2_verkko2_supp	GCA_056748565.1		Homo sapiens					NA20282	female		Chromosome	2026-04-16	JBVULA01	36
HG00140_haplotype1_hprc_rel2_verkko2_supp	GCA_056669385.1		Homo sapiens					HG00140	male		Chromosome	2026-04-10	JBVTYZ01	37
HG01175_haplotype1_hprc_rel2_verkko2_supp	GCA_056667615.1		Homo sapiens					HG01175	female		Chromosome	2026-04-10	JBVTVT01	59
HG01099_haplotype1_hprc_rel2_verkko2_supp	GCA_056667855.1		Homo sapiens					HG01099	male		Chromosome	2026-04-10	JBVTWF01	43
HG01981_mat_hprc_f2	GCA_042027065.2		Homo sapiens					HG01981	female		Chromosome	2024-09-19	JBHDRW01	76
NA21106_haplotype1_hprc_rel2_verkko2_supp	GCA_056748645.1		Homo sapiens					NA21106	female		Chromosome	2026-04-16	JBVULE01	40
NA20850_haplotype2_hprc_rel2_verkko2_supp	GCA_056748825.1		Homo sapiens					NA20850	male		Chromosome	2026-04-16	JBVULN01	38
HG00290_hap2_hprc_f2	GCA_042077735.2		Homo sapiens					HG00290	male		Chromosome	2024-09-20	JBHIKL01	56
HG00099_haplotype1_hprc_rel2_verkko2_supp	GCA_056669545.1		Homo sapiens					HG00099	female		Chromosome	2026-04-10	JBVTZH01	55
NA19391_haplotype2_hprc_rel2_verkko2_supp	GCA_056738395.1		Homo sapiens					NA19391	female		Chromosome	2026-04-15	JBVUHN01	50
HG01890_hap2	GCA_056691055.1		Homo sapiens					HG01890	male		Chromosome	2026-04-13	DBNCRK01	113
HG01081_haplotype1_hprc_rel2_verkko2_supp	GCA_056667875.1		Homo sapiens					HG01081	female		Chromosome	2026-04-10	JBVTWH01	42
HG03009_hap2	GCA_056690555.1		Homo sapiens					HG03009	male		Chromosome	2026-04-13	DBNCQK01	38
NA20870_haplotype1_hprc_rel2_verkko2_supp	GCA_056748755.1		Homo sapiens					NA20870	male		Chromosome	2026-04-16	JBVULK01	35
ASM4633218v1	GCA_046332185.1		Homo sapiens					NA18960	male		Chromosome	2024-12-27	JBKABY01	56
NA19650_pat_hprc-hgsvc_rel2_verkko2_supp	GCA_057055935.1		Homo sapiens					NA19650	male		Chromosome	2026-04-29	JBWQFP01	58
NA19705_haplotype1_hprc-hgsvc_rel2_verkko2_supp	GCA_057055925.1		Homo sapiens					NA19705	male		Chromosome	2026-04-29	JBWQFN01	41
HG00321_haplotype2_hprc_rel2_verkko2_supp	GCA_056668915.1		Homo sapiens					HG00321	male		Chromosome	2026-04-10	JBVTYG01	54
HG03521_haplotype1_hprc_rel2_verkko2_supp	GCA_056717375.1		Homo sapiens					HG03521	male		Chromosome	2026-04-14	JBVUGQ01	56
HG00344_haplotype1_hprc_rel2_verkko2_supp	GCA_056668805.1		Homo sapiens					HG00344	female		Chromosome	2026-04-10	JBVTXZ01	35
HG01952_haplotype2_hprc_rel2_verkko2_supp	GCA_056697915.1		Homo sapiens					HG01952	male		Chromosome	2026-04-13	JBVUDF01	50
HG04184_mat_hprc_f2	GCA_042027765.2		Homo sapiens					HG04184	female		Chromosome	2024-09-19	JBHDSI01	95
NA20850_hap2_hprc_f2	GCA_044165565.2		Homo sapiens					NA20850	male		Chromosome	2024-10-31	JBIRDW01	78
NA18747_haplotype2_hprc_rel2_verkko2_supp	GCA_056739505.1		Homo sapiens					NA18747	male		Chromosome	2026-04-15	JBVUJN01	25
HG005_pat_hprc_rel2_verkko2_supp	GCA_056668595.1		Homo sapiens					NA24631	male		Chromosome	2026-04-10	JBVTXP01	44
HG01505_pat_hprc-hgsvc_rel2_verkko2_supp	GCA_057056775.1		Homo sapiens					HG01505	male		Chromosome	2026-04-29	JBWQHF01	81
HG01786_haplotype2_hprc_rel2_verkko2_supp	GCA_056698215.1		Homo sapiens					HG01786	female		Chromosome	2026-04-13	JBVUDT01	37
HG00621_mat_hprc_rel2_verkko2_supp	GCA_056668415.1		Homo sapiens					HG00621	male		Chromosome	2026-04-10	JBVTXG01	50
HG00146_haplotype1_hprc_rel2_verkko2_supp	GCA_056669345.1		Homo sapiens					HG00146	female		Chromosome	2026-04-10	JBVTYX01	42
HG02602_mat_hprc_f2	GCA_046000055.2		Homo sapiens					HG02602	male		Chromosome	2024-12-11	JBJUVL01	62
NA19239_haplotype2_hprc-hgsvc_rel2_verkko2_supp	GCA_057056135.1		Homo sapiens					NA19239	male		Chromosome	2026-04-29	JBWQGA01	41
NA19239_hap1	GCA_056689625.1		Homo sapiens					NA19239	male		Chromosome	2026-04-13	DBNCOZ01	771
HG00438_pat_hprc_f2	GCA_018472595.2		Homo sapiens					HG00438	female		Chromosome	2024-09-20	JAHBCB02	75
HG01891_haplotype2_hprc_rel2_verkko2_supp	GCA_056698115.1		Homo sapiens					HG01891	female		Chromosome	2026-04-13	JBVUDP01	86
NA19036_hap1_hprc_f2	GCA_042077495.1		Homo sapiens					NA19036	female		Chromosome	2024-09-20	JBHIJM01	71
NA18522_hap2_hprc_f2	GCA_042030975.2		Homo sapiens					NA18522	male		Chromosome	2024-09-19	JBHDWD01	77
NA18570_haplotype2_hprc_rel2_verkko2_supp	GCA_056738455.1		Homo sapiens					NA18570	female		Chromosome	2026-04-15	JBVUHP01	98
HG01890_hap1	GCA_056691075.1		Homo sapiens					HG01890	male		Chromosome	2026-04-13	DBNCRJ01	655
HG02178_haplotype2_hprc_rel2_verkko2_supp	GCA_056696355.1		Homo sapiens					HG02178	female		Chromosome	2026-04-13	JBVUAS01	36
HG02391_haplotype2_hprc_rel2_verkko2_supp	GCA_056697605.1		Homo sapiens					HG02391	male		Chromosome	2026-04-13	JBVUCC01	45
NA19384_haplotype2_hprc-hgsvc_rel2_verkko2_supp	GCA_057055985.1		Homo sapiens					NA19384	male		Chromosome	2026-04-29	JBWQFS01	43
HG00320_haplotype1_hprc_rel2_verkko2_supp	GCA_056668985.1		Homo sapiens					HG00320	female		Chromosome	2026-04-10	JBVTYH01	25
HG01255_haplotype1_hprc_rel2_verkko2_supp	GCA_056700655.1		Homo sapiens					HG01255	male		Chromosome	2026-04-13	JBVUEM01	67
ASM4633223v1	GCA_046332235.1		Homo sapiens					NA18959	male		Chromosome	2024-12-27	JBKACB01	70
HG03270_hap2_hprc_f2	GCA_042077465.2		Homo sapiens					HG03270	female		Chromosome	2024-09-20	JBHIKD01	77
HG01258_pat_hprc_rel2_verkko2_supp	GCA_056700125.1		Homo sapiens					HG01258	male		Chromosome	2026-04-13	JBVUEK01	59
HG02922_hap1_hprc_f2	GCA_042031165.1		Homo sapiens					HG02922	female		Chromosome	2024-09-19	JBHDVO01	96
HG01928_pat_hprc_f2	GCA_018472705.2		Homo sapiens					HG01928	male		Chromosome	2024-09-20	JAGYVQ02	71
HG03139_haplotype2_hprc_rel2_verkko2_supp	GCA_056717195.1		Homo sapiens					HG03139	male		Chromosome	2026-04-14	JBVUGJ01	63
HG01981_haplotype1_hprc_rel2_verkko2_supp	GCA_056697735.1		Homo sapiens					HG01981	female		Chromosome	2026-04-13	JBVUCU01	48
HG04228_haplotype2_hprc_rel2_verkko2_supp	GCA_056738995.1		Homo sapiens					HG04228	male		Chromosome	2026-04-15	JBVUIN01	86
NA18620_haplotype2_hprc_rel2_verkko2_supp	GCA_056739615.1		Homo sapiens					NA18620	male		Chromosome	2026-04-15	JBVUJP01	88
HG01258_mat_hprc_rel2_verkko2_supp	GCA_056700145.1		Homo sapiens					HG01258	male		Chromosome	2026-04-13	JBVUEL01	95
NA18570_hap2_hprc_f2	GCA_042034465.2		Homo sapiens					NA18570	female		Chromosome	2024-09-20	JBHDXO01	62
NA18952_haplotype1_hprc_rel2_verkko2_supp	GCA_056739375.1		Homo sapiens					NA18952	male		Chromosome	2026-04-15	JBVUJI01	43
NA19700_hap1_hprc_f2	GCA_042077085.1		Homo sapiens					NA19700	male		Chromosome	2024-09-20	JBHIJE01	64
HG02698_haplotype2_hprc_rel2_verkko2_supp	GCA_056716515.1		Homo sapiens					HG02698	male		Chromosome	2026-04-14	JBVUEZ01	42
NA18879_hap1_hprc_f2	GCA_046000005.1		Homo sapiens					NA18879	male		Chromosome	2024-12-11	JBJUVM01	92
HG02953_haplotype1_hprc-hgsvc_rel2_verkko2_supp	GCA_057056525.1		Homo sapiens					HG02953	male		Chromosome	2026-04-29	JBWQGR01	84
NA18983_haplotype1_hprc_rel2_verkko2_supp	GCA_056739695.1		Homo sapiens					NA18983	male		Chromosome	2026-04-15	JBVUJU01	33
NA19650_mat_hprc-hgsvc_rel2_verkko2_supp	GCA_057055965.1		Homo sapiens					NA19650	male		Chromosome	2026-04-29	JBWQFQ01	35
HG01167_haplotype1_hprc_rel2_verkko2_supp	GCA_056667655.1		Homo sapiens					HG01167	male		Chromosome	2026-04-10	JBVTVV01	58
NA20282_haplotype2_hprc_rel2_verkko2_supp	GCA_056748585.1		Homo sapiens					NA20282	female		Chromosome	2026-04-16	JBVULB01	54
HG02109_haplotype1_hprc_rel2_verkko2_supp	GCA_056695975.1		Homo sapiens					HG02109	female		Chromosome	2026-04-13	JBVTZL01	143
HG00280_haplotype1_hprc_rel2_verkko2_supp	GCA_056669065.1		Homo sapiens					HG00280	male		Chromosome	2026-04-10	JBVTYL01	41
HG00321_haplotype1_hprc_rel2_verkko2_supp	GCA_056668935.1		Homo sapiens					HG00321	male		Chromosome	2026-04-10	JBVTYF01	35
NA18608_hap1_hprc_f2	GCA_042077625.1		Homo sapiens					NA18608	male		Chromosome	2024-09-20	JBHIJW01	61
NA19384_haplotype1_hprc-hgsvc_rel2_verkko2_supp	GCA_057056005.1		Homo sapiens					NA19384	male		Chromosome	2026-04-29	JBWQFR01	93
HG01243_haplotype1_hprc_rel2_verkko2_supp	GCA_056667535.1		Homo sapiens					HG01243	male		Chromosome	2026-04-10	JBVTVP01	42
HG01960_haplotype1_hprc_rel2_verkko2_supp	GCA_056697885.1		Homo sapiens					HG01960	female		Chromosome	2026-04-13	JBVUDC01	89
HG00321_hap2_hprc_f2	GCA_042076825.2		Homo sapiens					HG00321	male		Chromosome	2024-09-20	JBHIIZ01	56
NA18983_haplotype2_hprc_rel2_verkko2_supp	GCA_056739735.1		Homo sapiens					NA18983	male		Chromosome	2026-04-15	JBVUJV01	119
NA18608_haplotype1_hprc_rel2_verkko2_supp	GCA_056739135.1		Homo sapiens					NA18608	male		Chromosome	2026-04-15	JBVUIW01	35
HG03371_hap1	GCA_056690385.1		Homo sapiens					HG03371	male		Chromosome	2026-04-13	DBNCQD01	618
HG00658_mat_hprc_f2	GCA_042037715.2		Homo sapiens					HG00658	male		Chromosome	2024-09-20	JBHIHV01	57
HG00358_haplotype1_hprc-hgsvc_rel2_verkko2_supp	GCA_057056955.1		Homo sapiens					HG00358	male		Chromosome	2026-04-29	JBWQHN01	50
HG02165_hap2_hprc_f2	GCA_042032115.2		Homo sapiens					HG02165	female		Chromosome	2024-09-19	JBHDWX01	72
HG01346_haplotype2_hprc_rel2_verkko2_supp	GCA_056699705.1		Homo sapiens					HG01346	female		Chromosome	2026-04-13	JBVUEH01	63
HG00733_haplotype2_hprc_rel2_verkko2_supp	GCA_056668115.1		Homo sapiens					HG00733	female		Chromosome	2026-04-10	JBVTWU01	43
HG04187_pat_hprc_rel2_verkko2_supp	GCA_056739115.1		Homo sapiens					HG04187	male		Chromosome	2026-04-15	JBVUIS01	55
HG00272_haplotype1_hprc_rel2_verkko2_supp	GCA_056669105.1		Homo sapiens					HG00272	female		Chromosome	2026-04-10	JBVTYN01	42
HG01784_haplotype2_hprc_rel2_verkko2_supp	GCA_056698415.1		Homo sapiens					HG01784	female		Chromosome	2026-04-13	JBVUDV01	39
HG01786_haplotype1_hprc_rel2_verkko2_supp	GCA_056698275.1		Homo sapiens					HG01786	female		Chromosome	2026-04-13	JBVUDS01	55
HG00133_haplotype2_hprc_rel2_verkko2_supp	GCA_056669405.1		Homo sapiens					HG00133	female		Chromosome	2026-04-10	JBVTZC01	90
HG01928_mat_hprc_f2	GCA_018472695.3		Homo sapiens					HG01928	male		Chromosome	2024-09-20	JAGYVP02	70
HG03816_haplotype1_hprc_rel2_verkko2_supp	GCA_056738675.1		Homo sapiens					HG03816	female		Chromosome	2026-04-15	JBVUHY01	39
NA20799_hap1_hprc_f2	GCA_045523085.1		Homo sapiens					NA20799	female		Chromosome	2024-12-02	JBJKOE01	101
HG01884_haplotype1_hprc_rel2_verkko2_supp	GCA_056698245.1		Homo sapiens					HG01884	female		Chromosome	2026-04-13	JBVUDQ01	32
HG02554_haplotype2_hprc-hgsvc_rel2_verkko2_supp	GCA_057056585.1		Homo sapiens					HG02554	male		Chromosome	2026-04-29	JBWQGW01	68
NA19705_hap1	GCA_056689315.1		Homo sapiens					NA19705	male		Chromosome	2026-04-13	DBNCOJ01	824
HG03579_haplotype2_hprc_rel2_verkko2_supp	GCA_056717335.1		Homo sapiens					HG03579	male		Chromosome	2026-04-14	JBVUGP01	173
NA19347_haplotype1_hprc-hgsvc_rel2_verkko2_supp	GCA_057056015.1		Homo sapiens					NA19347	male		Chromosome	2026-04-29	JBWQFT01	52
NA18612_haplotype2_hprc_rel2_verkko2_supp	GCA_056751855.1		Homo sapiens					NA18612	male		Chromosome	2026-04-16	JBVUSZ01	271
NA20762_hap1_hprc_f2	GCA_046629215.1		Homo sapiens					NA20762	male		Chromosome	2025-01-14	JBKOQW01	32
NA20752_haplotype1_hprc_rel2_verkko2_supp	GCA_056748155.1		Homo sapiens					NA20752	male		Chromosome	2026-04-16	JBVUKW01	27
NA19776_hap2_hprc_f2	GCA_044165205.2		Homo sapiens					NA19776	female		Chromosome	2024-10-31	JBIRDC01	65
NA18565_haplotype2_hprc_rel2_verkko2_supp	GCA_056739255.1		Homo sapiens					NA18565	female		Chromosome	2026-04-15	JBVUIZ01	85
HG00639_haplotype1_hprc_rel2_verkko2_supp	GCA_056668375.1		Homo sapiens					HG00639	female		Chromosome	2026-04-10	JBVTXD01	44
HG03209_haplotype1_hprc_rel2_verkko2_supp	GCA_056749755.1		Homo sapiens					HG03209	male		Chromosome	2026-04-16	JBVULU01	86
HG01150_mat_hprc_f2	GCA_042037355.2		Homo sapiens					HG01150	female		Chromosome	2024-09-20	JBHIHJ01	55
HG00673_haplotype2_hprc_rel2_verkko2_supp	GCA_056668215.1		Homo sapiens					HG00673	male		Chromosome	2026-04-10	JBVTWY01	42
HG03130_haplotype2_hprc_rel2_verkko2_supp	GCA_056717255.1		Homo sapiens					HG03130	male		Chromosome	2026-04-14	JBVUGL01	70
HG03195_haplotype2_hprc_rel2_verkko2_supp	GCA_056717155.1		Homo sapiens					HG03195	female		Chromosome	2026-04-14	JBVUGH01	57
HG04115_mat_hprc_rel2_verkko2_supp	GCA_056738835.1		Homo sapiens					HG04115	male		Chromosome	2026-04-15	JBVUIH01	169
HG02056_mat_hprc_rel2_verkko2_supp	GCA_056751055.1		Homo sapiens					HG02056	male		Chromosome	2026-04-16	JBVUMN01	46
HG03704_haplotype1_hprc_rel2_verkko2_supp	GCA_056738475.1		Homo sapiens					HG03704	female		Chromosome	2026-04-15	JBVUHQ01	50
HG02514_mat_hprc_f2	GCA_045524175.2		Homo sapiens					HG02514	male		Chromosome	2024-12-02	JBJKOJ01	68
HG03139_hap2_hprc_f2	GCA_043304535.2		Homo sapiens					HG03139	male		Chromosome	2024-10-17	JBIEBY01	67
HG00658_mat_hprc_rel2_verkko2_supp	GCA_056668275.1		Homo sapiens					HG00658	male		Chromosome	2026-04-10	JBVTXA01	64
HG00558_haplotype2_hprc_rel2_verkko2_supp	GCA_056668485.1		Homo sapiens					HG00558	female		Chromosome	2026-04-10	JBVTXM01	110
NA21144_hap2_hprc_f2	GCA_044165025.2		Homo sapiens					NA21144	female		Chromosome	2024-10-31	JBIRDG01	75
NA19087_hap2_hprc_f2	GCA_042034505.2		Homo sapiens					NA19087	female		Chromosome	2024-09-20	JBHDXQ01	72
HG02984_pat_hprc_f2	GCA_045524125.1		Homo sapiens					HG02984	male		Chromosome	2024-12-02	JBJKOM01	70
HG01261_haplotype2_hprc_rel2_verkko2_supp	GCA_056699755.1		Homo sapiens					HG01261	male		Chromosome	2026-04-13	JBVUEJ01	41
HG01530_haplotype1_hprc_rel2_verkko2_supp	GCA_056698595.1		Homo sapiens					HG01530	male		Chromosome	2026-04-13	JBVUDW01	32
HG00320_haplotype2_hprc_rel2_verkko2_supp	GCA_056668955.1		Homo sapiens					HG00320	female		Chromosome	2026-04-10	JBVTYI01	34
HG03239_haplotype2_hprc_rel2_verkko2_supp	GCA_056749705.1		Homo sapiens					HG03239	female		Chromosome	2026-04-16	JBVULT01	46
HG02965_hap1_hprc_f2	GCA_042032535.1		Homo sapiens					HG02965	male		Chromosome	2024-09-19	JBHDWQ01	95
HG00235_hap2_hprc_f2	GCA_044165735.2		Homo sapiens					HG00235	female		Chromosome	2024-10-31	JBIREE01	60
NA19331_haplotype2_hprc-hgsvc_rel2_verkko2_supp	GCA_057056075.1		Homo sapiens					NA19331	male		Chromosome	2026-04-29	JBWQFW01	41
NA19705_hap2	GCA_056689255.1		Homo sapiens					NA19705	male		Chromosome	2026-04-13	DBNCOK01	36
HG01361_haplotype1_hprc_rel2_verkko2_supp	GCA_056699355.1		Homo sapiens					HG01361	female		Chromosome	2026-04-13	JBVUEC01	88
HG03369_haplotype1_hprc_rel2_verkko2_supp	GCA_056717435.1		Homo sapiens					HG03369	female		Chromosome	2026-04-14	JBVUGU01	51
HG02809_haplotype2_hprc_rel2_verkko2_supp	GCA_056716765.1		Homo sapiens					HG02809	female		Chromosome	2026-04-14	JBVUFN01	71
HG02451_haplotype2_hprc_rel2_verkko2_supp	GCA_056697535.1		Homo sapiens					HG02451	female		Chromosome	2026-04-13	JBVUBY01	66
HG00642_haplotype1_hprc_rel2_verkko2_supp	GCA_056668295.1		Homo sapiens					HG00642	male		Chromosome	2026-04-10	JBVTXB01	47
HG00099_haplotype2_hprc_rel2_verkko2_supp	GCA_056669555.1		Homo sapiens					HG00099	female		Chromosome	2026-04-10	JBVTZI01	31
HG03834_haplotype2_hprc_rel2_verkko2_supp	GCA_056738585.1		Homo sapiens					HG03834	female		Chromosome	2026-04-15	JBVUHV01	43
HG02965_hap2_hprc_f2	GCA_042031845.2		Homo sapiens					HG02965	male		Chromosome	2024-09-19	JBHDWR01	73
HG00639_haplotype2_hprc_rel2_verkko2_supp	GCA_056668355.1		Homo sapiens					HG00639	female		Chromosome	2026-04-10	JBVTXE01	40
HG00097_haplotype1_hprc_rel2_verkko2_supp	GCA_056695735.1		Homo sapiens					HG00097	female		Chromosome	2026-04-13	JBVTVL01	40
HG01358_pat_hprc_f2	GCA_018469965.2		Homo sapiens					HG01358	male		Chromosome	2024-09-20	JAGYZB02	83
HG02145_haplotype1_hprc_rel2_verkko2_supp	GCA_056750195.1		Homo sapiens					HG02145	male		Chromosome	2026-04-16	JBVUMW01	73
NA18879_haplotype1_hprc_rel2_verkko2_supp	GCA_056739455.1		Homo sapiens					NA18879	male		Chromosome	2026-04-15	JBVUJK01	62
HG02572_haplotype1_hprc_rel2_verkko2_supp	GCA_056716415.1		Homo sapiens					HG02572	male		Chromosome	2026-04-14	JBVUEU01	54
HG03516_pat_hprc_f2	GCA_018469425.2		Homo sapiens					HG03516	female		Chromosome	2024-09-20	JAGYYS02	74
HG02451_haplotype1_hprc_rel2_verkko2_supp	GCA_056697495.1		Homo sapiens					HG02451	female		Chromosome	2026-04-13	JBVUBX01	36
HG02668_pat_hprc_rel2_verkko2_supp	GCA_056716535.1		Homo sapiens					HG02668	male		Chromosome	2026-04-14	JBVUFA01	76
HG02145_haplotype2_hprc_rel2_verkko2_supp	GCA_056750335.1		Homo sapiens					HG02145	male		Chromosome	2026-04-16	JBVUMX01	90
HG01934_haplotype2_hprc_rel2_verkko2_supp	GCA_056698035.1		Homo sapiens					HG01934	male		Chromosome	2026-04-13	JBVUDL01	84
NA19347_hap2	GCA_056689445.1		Homo sapiens					NA19347	male		Chromosome	2026-04-13	DBNCOS01	45
HG01192_haplotype1_hprc_rel2_verkko2_supp	GCA_056667595.1		Homo sapiens					HG01192	male		Chromosome	2026-04-10	JBVTVR01	68
ASM4633202v1	GCA_046332025.1		Homo sapiens					NA18982	male		Chromosome	2024-12-27	JBKABS01	49
HG01934_pat_hprc_f2	GCA_042038875.1		Homo sapiens					HG01934	male		Chromosome	2024-09-20	JBHIIA01	103
HG00140_haplotype2_hprc_rel2_verkko2_supp	GCA_056669355.1		Homo sapiens					HG00140	male		Chromosome	2026-04-10	JBVTZA01	35
HG00558_pat_hprc_f2	GCA_042037725.1		Homo sapiens					HG00558	female		Chromosome	2024-09-20	JBHIHC01	113
NA21144_hap1_hprc_f2	GCA_044164725.1		Homo sapiens					NA21144	female		Chromosome	2024-10-31	JBIRDF01	80
NA21144_haplotype1_hprc_rel2_verkko2_supp	GCA_056749635.1		Homo sapiens					NA21144	female		Chromosome	2026-04-16	JBVULO01	59
HG01255_mat_hprc_f2	GCA_042028895.2		Homo sapiens					HG01255	male		Chromosome	2024-09-19	JBHDTC01	62
NA21144_haplotype2_hprc_rel2_verkko2_supp	GCA_056749645.1		Homo sapiens					NA21144	female		Chromosome	2026-04-16	JBVULP01	51
HG01457_haplotype2_hprc-hgsvc_rel2_verkko2_supp	GCA_057056835.1		Homo sapiens					HG01457	male		Chromosome	2026-04-29	JBWQHI01	39
NA20509_haplotype1_hprc-hgsvc_rel2_verkko2_supp	GCA_057055865.1		Homo sapiens					NA20509	male		Chromosome	2026-04-29	JBWQFL01	113
HG00133_haplotype1_hprc_rel2_verkko2_supp	GCA_056669415.1		Homo sapiens					HG00133	female		Chromosome	2026-04-10	JBVTZB01	43
NA18976_haplotype1_hprc_rel2_verkko2_supp	GCA_056739725.1		Homo sapiens					NA18976	female		Chromosome	2026-04-15	JBVUJW01	38
HG02965_haplotype1_hprc_rel2_verkko2_supp	GCA_056751745.1		Homo sapiens					HG02965	male		Chromosome	2026-04-16	JBVUNI01	84
NA19036_haplotype1_hprc_rel2_verkko2_supp	GCA_056739635.1		Homo sapiens					NA19036	female		Chromosome	2026-04-15	JBVUJS01	40
HG00323_hap2_hprc_f2	GCA_042031775.2		Homo sapiens					HG00323	female		Chromosome	2024-09-19	JBHDWN01	83
NA18747_haplotype1_hprc_rel2_verkko2_supp	GCA_056739515.1		Homo sapiens					NA18747	male		Chromosome	2026-04-15	JBVUJM01	39
HG02486_mat_hprc_f2	GCA_018467015.3		Homo sapiens					HG02486	male		Chromosome	2024-09-20	JAGYVL02	57
NA20799_hap2_hprc_f2	GCA_045524135.2		Homo sapiens					NA20799	female		Chromosome	2024-12-02	JBJKOF01	67
NA18989_haplotype2_hprc-hgsvc_rel2_verkko2_supp	GCA_057056165.1		Homo sapiens					NA18989	male		Chromosome	2026-04-29	JBWQGC01	48
HG03098_haplotype1_hprc_rel2_verkko2_supp	GCA_056749785.1		Homo sapiens					HG03098	female		Chromosome	2026-04-16	JBVULW01	78
NA18974_hap1_hprc_f2	GCA_042077575.1		Homo sapiens					NA18974	male		Chromosome	2024-09-20	JBHIJQ01	118
HG03041_mat_hprc_f2	GCA_042037625.2		Homo sapiens					HG03041	female		Chromosome	2024-09-20	JBHIHR01	63
HG02523_pat_hprc_f2	GCA_042030115.1		Homo sapiens					HG02523	female		Chromosome	2024-09-19	JBHDTT01	105
NA19239_haplotype1_hprc-hgsvc_rel2_verkko2_supp	GCA_057056175.1		Homo sapiens					NA19239	male		Chromosome	2026-04-29	JBWQFZ01	49
NA19239_hap2	GCA_056689605.1		Homo sapiens					NA19239	male		Chromosome	2026-04-13	DBNCPA01	61
ASM4633236v1	GCA_046332365.1		Homo sapiens					NA18945	male		Chromosome	2024-12-27	JBKACF01	52
HG02559_haplotype1_hprc_rel2_verkko2_supp	GCA_056716445.1		Homo sapiens					HG02559	female		Chromosome	2026-04-14	JBVUEW01	57
HG03371_pat_hprc-hgsvc_rel2_verkko2_supp	GCA_057056325.1		Homo sapiens					HG03371	male		Chromosome	2026-04-29	JBWQGJ01	70
HG02841_haplotype1_hprc_rel2_verkko2_supp	GCA_056716715.1		Homo sapiens					HG02841	female		Chromosome	2026-04-14	JBVUFK01	74
HG02583_haplotype1_hprc_rel2_verkko2_supp	GCA_056716295.1		Homo sapiens					HG02583	female		Chromosome	2026-04-14	JBVUES01	37
HG01784_haplotype1_hprc_rel2_verkko2_supp	GCA_056698425.1		Homo sapiens					HG01784	female		Chromosome	2026-04-13	JBVUDU01	44
HG01940_haplotype1_hprc_rel2_verkko2_supp	GCA_056698005.1		Homo sapiens					HG01940	female		Chromosome	2026-04-13	JBVUDI01	77
NA18989_haplotype1_hprc-hgsvc_rel2_verkko2_supp	GCA_057056205.1		Homo sapiens					NA18989	male		Chromosome	2026-04-29	JBWQGB01	70
NA20827_hap2_hprc_f2	GCA_046629265.2		Homo sapiens					NA20827	male		Chromosome	2025-01-14	JBKOQZ01	39
HG00350_haplotype1_hprc_rel2_verkko2_supp	GCA_056668775.1		Homo sapiens					HG00350	female		Chromosome	2026-04-10	JBVTXX01	32
HG03270_haplotype2_hprc_rel2_verkko2_supp	GCA_056717055.1		Homo sapiens					HG03270	female		Chromosome	2026-04-14	JBVUGD01	110
HG00097_haplotype2_hprc_rel2_verkko2_supp	GCA_056695495.1		Homo sapiens					HG00097	female		Chromosome	2026-04-13	JBVTVM01	31
HG02011_hap2	GCA_056691015.1		Homo sapiens					HG02011	male		Chromosome	2026-04-13	DBNCRI01	82
NA20503_hap2_hprc_f2	GCA_046629565.2		Homo sapiens					NA20503	female		Chromosome	2025-01-14	JBKOQT01	42
HG00741_haplotype1_hprc_rel2_verkko2_supp	GCA_056668035.1		Homo sapiens					HG00741	female		Chromosome	2026-04-10	JBVTWN01	55
HG03654_pat_hprc_f2	GCA_042030035.1		Homo sapiens					HG03654	male		Chromosome	2024-09-19	JBHDTN01	86
HG02165_hap1_hprc_f2	GCA_042032565.1		Homo sapiens					HG02165	female		Chromosome	2024-09-19	JBHDWW01	81
HG01969_pat_hprc_f2	GCA_042037885.1		Homo sapiens					HG01969	female		Chromosome	2024-09-20	JBHIHO01	84
HG02257_haplotype2_hprc_rel2_verkko2_supp	GCA_056697385.1		Homo sapiens					HG02257	female		Chromosome	2026-04-13	JBVUBS01	43
HG03041_haplotype2_hprc_rel2_verkko2_supp	GCA_056716935.1		Homo sapiens					HG03041	female		Chromosome	2026-04-14	JBVUFV01	74
HG03710_mat_hprc_f2	GCA_042029485.2		Homo sapiens					HG03710	male		Chromosome	2024-09-19	JBHDTQ01	69
NA20850_haplotype1_hprc_rel2_verkko2_supp	GCA_056748805.1		Homo sapiens					NA20850	male		Chromosome	2026-04-16	JBVULM01	36
HG01099_haplotype2_hprc_rel2_verkko2_supp	GCA_056667795.1		Homo sapiens					HG01099	male		Chromosome	2026-04-10	JBVTWG01	45
HG04199_haplotype2_hprc_rel2_verkko2_supp	GCA_056739065.1		Homo sapiens					HG04199	male		Chromosome	2026-04-15	JBVUIR01	68
NA18534_haplotype2_hprc-hgsvc_rel2_verkko2_supp	GCA_057056225.1		Homo sapiens					NA18534	male		Chromosome	2026-04-29	JBWQGE01	44
HG03470_hap2_hprc_f2	GCA_043304965.2		Homo sapiens					HG03470	female		Chromosome	2024-10-17	JBICSG01	68
HG03470_haplotype1_hprc_rel2_verkko2_supp	GCA_056750075.1		Homo sapiens					HG03470	female		Chromosome	2026-04-16	JBVUMI01	120
HG02698_mat_hprc_f2	GCA_042029495.2		Homo sapiens					HG02698	male		Chromosome	2024-09-19	JBHDTM01	65
NA20503_hap1_hprc_f2	GCA_046629205.1		Homo sapiens					NA20503	female		Chromosome	2025-01-14	JBKOQS01	38
HG02129_haplotype2_hprc_rel2_verkko2_supp	GCA_056695795.1		Homo sapiens					HG02129	male		Chromosome	2026-04-13	JBVTZK01	73
NA18570_haplotype1_hprc_rel2_verkko2_supp	GCA_056738465.1		Homo sapiens					NA18570	female		Chromosome	2026-04-15	JBVUHO01	103
NA19185_hap1_hprc_f2	GCA_042035275.1		Homo sapiens					NA19185	female		Chromosome	2024-09-20	JBHDXR01	74
HG01978_mat_hprc_f2	GCA_018472845.3		Homo sapiens					HG01978	female		Chromosome	2024-09-20	JAGYVS02	82
NA18971_haplotype1_hprc_rel2_verkko2_supp	GCA_056739415.1		Homo sapiens					NA18971	male		Chromosome	2026-04-15	JBVUJG01	35
HG02155_haplotype1_hprc_rel2_verkko2_supp	GCA_056696565.1		Homo sapiens					HG02155	female		Chromosome	2026-04-13	JBVUAV01	106
NA18620_hap2_hprc_f2	GCA_042077305.2		Homo sapiens					NA18620	male		Chromosome	2024-09-20	JBHIJV01	110
HG00544_haplotype2_hprc_rel2_verkko2_supp	GCA_056668555.1		Homo sapiens					HG00544	female		Chromosome	2026-04-10	JBVTXO01	28
HG02004_pat_hprc_f2	GCA_042027455.1		Homo sapiens					HG02004	female		Chromosome	2024-09-19	JBHDRT01	88
HG02630_haplotype2_hprc_rel2_verkko2_supp	GCA_056716635.1		Homo sapiens					HG02630	female		Chromosome	2026-04-14	JBVUFF01	156
NA18983_hap1_hprc_f2	GCA_042032545.1		Homo sapiens					NA18983	male		Chromosome	2024-09-19	JBHDWU01	112
HG00350_hap1_hprc_f2	GCA_044167235.1		Homo sapiens					HG00350	female		Chromosome	2024-10-31	JBIREL01	76
HG01496_haplotype2_hprc_rel2_verkko2_supp	GCA_056698625.1		Homo sapiens					HG01496	female		Chromosome	2026-04-13	JBVUDZ01	100
HG03669_haplotype2_hprc_rel2_verkko2_supp	GCA_056750015.1		Homo sapiens					HG03669	female		Chromosome	2026-04-16	JBVUMD01	51
NA19159_hap2_hprc_f2	GCA_046056495.2		Homo sapiens					NA19159	female		Chromosome	2024-12-13	JBJXQM01	68
NA21110_hap1_hprc_f2	GCA_042077475.1		Homo sapiens					NA21110	female		Chromosome	2024-09-20	JBHIJI01	68
HG03927_haplotype1_hprc_rel2_verkko2_supp	GCA_056738895.1		Homo sapiens					HG03927	female		Chromosome	2026-04-15	JBVUIK01	39
HG01969_mat_hprc_f2	GCA_042037555.2		Homo sapiens					HG01969	female		Chromosome	2024-09-20	JBHIHP01	61
HG02583_hap1_hprc_f2	GCA_042076985.1		Homo sapiens					HG02583	female		Chromosome	2024-09-20	JBHIIU01	72
HG03456_haplotype2_hprc-hgsvc_rel2_verkko2_supp	GCA_057056405.1		Homo sapiens					HG03456	male		Chromosome	2026-04-29	JBWQGI01	147
HG01940_pat_hprc_f2	GCA_042037875.1		Homo sapiens					HG01940	female		Chromosome	2024-09-20	JBHIHK01	71
HG01192_pat_hprc_rel2	GCA_041900145.1		Homo sapiens					HG01192	male		Chromosome	2024-09-11	JBHDVI01	100
ASM3717755v1	GCA_037177555.1		Homo sapiens					KSA001	female		Chromosome	2024-03-18	JAYKMC01	164
HG00329_haplotype2_hprc_rel2_verkko2_supp	GCA_056668835.1		Homo sapiens					HG00329	male		Chromosome	2026-04-10	JBVTYC01	43
HG00140_hap1_hprc_f2	GCA_042031265.1		Homo sapiens					HG00140	male		Chromosome	2024-09-19	JBHDVY01	85
HG02723_haplotype2_hprc_rel2_verkko2_supp	GCA_056716885.1		Homo sapiens					HG02723	female		Chromosome	2026-04-14	JBVUFR01	32
HG02668_mat_hprc_rel2_verkko2_supp	GCA_056716525.1		Homo sapiens					HG02668	male		Chromosome	2026-04-14	JBVUFB01	164
HG03583_hap1_hprc_f2	GCA_042077635.1		Homo sapiens					HG03583	female		Chromosome	2024-09-20	JBHIKA01	89
NA20509_haplotype2_hprc-hgsvc_rel2_verkko2_supp	GCA_057055875.1		Homo sapiens					NA20509	male		Chromosome	2026-04-29	JBWQFM01	61
HG02666_haplotype1_hprc-hgsvc_rel2_verkko2_supp	GCA_057056565.1		Homo sapiens					HG02666	male		Chromosome	2026-04-29	JBWQGT01	42
HG02071_pat_hprc_f2	GCA_042036435.1		Homo sapiens					HG02071	male		Chromosome	2024-09-20	JBHIGI01	110
HG01192_haplotype2_hprc_rel2_verkko2_supp	GCA_056667515.1		Homo sapiens					HG01192	male		Chromosome	2026-04-10	JBVTVS01	55
HG02071_pat_hprc_rel2_verkko2_supp	GCA_056696285.1		Homo sapiens					HG02071	male		Chromosome	2026-04-13	JBVTZR01	125
HG03784_hap2_hprc_f2	GCA_044165595.2		Homo sapiens					HG03784	female		Chromosome	2024-10-31	JBIRDM01	74
ASM4633201v1	GCA_046332015.1		Homo sapiens					NA18982	male		Chromosome	2024-12-27	JBKABT01	68
NA19240_hap2	GCA_056689565.1		Homo sapiens					NA19240	female		Chromosome	2026-04-13	DBNCOY01	63
HG02647_mat_hprc_f2	GCA_042028065.2		Homo sapiens					HG02647	male		Chromosome	2024-09-19	JBHDSQ01	72
NA20346_haplotype1_hprc_rel2_verkko2_supp	GCA_056748085.1		Homo sapiens					NA20346	male		Chromosome	2026-04-16	JBVUKY01	125
HG02257_haplotype1_hprc_rel2_verkko2_supp	GCA_056697355.1		Homo sapiens					HG02257	female		Chromosome	2026-04-13	JBVUBR01	132
HG00253_hap1_hprc_f2	GCA_044166805.1		Homo sapiens					HG00253	female		Chromosome	2024-10-31	JBIREJ01	82
HG00126_haplotype2_hprc_rel2_verkko2_supp	GCA_056669505.1		Homo sapiens					HG00126	male		Chromosome	2026-04-10	JBVTZG01	39
HG03065_hap2	GCA_056690505.1		Homo sapiens					HG03065	male		Chromosome	2026-04-13	DBNCQI01	134
HG01109_pat_hprc_rel2_verkko2_supp	GCA_056667735.1		Homo sapiens					HG01109	female		Chromosome	2026-04-10	JBVTWB01	224
HG00320_hap1_hprc_f2	GCA_042077865.1		Homo sapiens					HG00320	female		Chromosome	2024-09-20	JBHIKI01	88
HG00408_haplotype1_hprc_rel2_verkko2_supp	GCA_056668725.1		Homo sapiens					HG00408	female		Chromosome	2026-04-10	JBVTXV01	177
HG02392_haplotype2_hprc_rel2_verkko2_supp	GCA_056697565.1		Homo sapiens					HG02392	male		Chromosome	2026-04-13	JBVUCA01	37
HG03834_mat_hprc_rel2	GCA_041900115.2		Homo sapiens					HG03834	female		Chromosome	2024-09-11	JBHDUX01	85
HG00235_haplotype2_hprc_rel2_verkko2_supp	GCA_056669155.1		Homo sapiens					HG00235	female		Chromosome	2026-04-10	JBVTYS01	30
HG00642_haplotype2_hprc_rel2_verkko2_supp	GCA_056668305.1		Homo sapiens					HG00642	male		Chromosome	2026-04-10	JBVTXC01	30
HG03732_pat_hprc-hgsvc_rel2_verkko2_supp	GCA_057056255.1		Homo sapiens					HG03732	male		Chromosome	2026-04-29	JBWQGF01	42
HG01175_haplotype2_hprc_rel2_verkko2_supp	GCA_056667525.1		Homo sapiens					HG01175	female		Chromosome	2026-04-10	JBVTVU01	89
HG01975_haplotype2_hprc_rel2_verkko2_supp	GCA_056697795.1		Homo sapiens					HG01975	female		Chromosome	2026-04-13	JBVUCZ01	158
HG02809_mat_hprc_f2	GCA_042036255.2		Homo sapiens					HG02809	female		Chromosome	2024-09-20	JBHIGP01	83
HG02523_mat_hprc_f2	GCA_042029905.2		Homo sapiens					HG02523	female		Chromosome	2024-09-19	JBHDTU01	59
HG00290_haplotype2_hprc_rel2_verkko2_supp	GCA_056669015.1		Homo sapiens					HG00290	male		Chromosome	2026-04-10	JBVTYK01	41
NA20809_haplotype1_hprc_rel2_verkko2_supp	GCA_056748045.1		Homo sapiens					NA20809	male		Chromosome	2026-04-16	JBVUKU01	57
HG02523_haplotype2_hprc_rel2_verkko2_supp	GCA_056750355.1		Homo sapiens					HG02523	female		Chromosome	2026-04-16	JBVUMZ01	77
HG01175_pat_hprc_f2	GCA_018471065.2		Homo sapiens					HG01175	female		Chromosome	2024-09-20	JAHAMA02	69
HG00146_hap2_hprc_f2	GCA_042078085.2		Homo sapiens					HG00146	female		Chromosome	2024-09-20	JBHIKP01	84
HG02074_mat_hprc_rel2_verkko2_supp	GCA_056696095.1		Homo sapiens					HG02074	male		Chromosome	2026-04-13	JBVTZQ01	249
HG02622_pat_hprc_f2	GCA_018469925.2		Homo sapiens					HG02622	female		Chromosome	2024-09-20	JAHAOO02	100
HG03130_hap1_hprc_f2	GCA_042032345.1		Homo sapiens					HG03130	male		Chromosome	2024-09-19	JBHDWI01	88
HG01433_mat_hprc_rel2_verkko2_supp	GCA_056698925.1		Homo sapiens					HG01433	male		Chromosome	2026-04-13	JBVUEB01	101
HG01784_hap2_hprc_f2	GCA_042034175.2		Homo sapiens					HG01784	female		Chromosome	2024-09-20	JBHDXI01	71
HG00738_pat_hprc_f2	GCA_042028835.1		Homo sapiens					HG00738	male		Chromosome	2024-09-19	JBHDSX01	93
HG02451_mat_hprc_f2	GCA_042026475.2		Homo sapiens					HG02451	female		Chromosome	2024-09-19	JBHDRK01	78
HG00738_pat_hprc_rel2_verkko2_supp	GCA_056668065.1		Homo sapiens					HG00738	male		Chromosome	2026-04-10	JBVTWP01	91
HG03804_haplotype1_hprc_rel2_verkko2_supp	GCA_056738725.1		Homo sapiens					HG03804	female		Chromosome	2026-04-15	JBVUIA01	108
HG03804_pat_hprc_f2	GCA_042036515.1		Homo sapiens					HG03804	female		Chromosome	2024-09-20	JBHIGQ01	79
HG00329_hap2_hprc_f2	GCA_044166465.2		Homo sapiens					HG00329	male		Chromosome	2024-10-31	JBIRDQ01	82
HG01496_haplotype1_hprc_rel2_verkko2_supp	GCA_056698655.1		Homo sapiens					HG01496	female		Chromosome	2026-04-13	JBVUDY01	53
NA20806_hap1_hprc_f2	GCA_046629235.1		Homo sapiens					NA20806	male		Chromosome	2025-01-14	JBKOQU01	31
HG03248_haplotype1_hprc-hgsvc_rel2_verkko2_supp	GCA_057056385.1		Homo sapiens					HG03248	male		Chromosome	2026-04-29	JBWQGL01	46
HG02273_haplotype2_hprc_rel2_verkko2_supp	GCA_056697155.1		Homo sapiens					HG02273	female		Chromosome	2026-04-13	JBVUBO01	62
HG02492_mat_hprc-hgsvc_rel2_verkko2_supp	GCA_057056655.1		Homo sapiens					HG02492	male		Chromosome	2026-04-29	JBWQGY01	214
HG02280_haplotype2_hprc_rel2_verkko2_supp	GCA_056697165.1		Homo sapiens					HG02280	female		Chromosome	2026-04-13	JBVUBM01	64
HG03816_pat_hprc_f2	GCA_046116025.1		Homo sapiens					HG03816	female		Chromosome	2024-12-16	JBJXWF01	79
HG02178_haplotype1_hprc_rel2_verkko2_supp	GCA_056696275.1		Homo sapiens					HG02178	female		Chromosome	2026-04-13	JBVUAR01	42
NA20870_hap1_hprc_f2	GCA_042077485.1		Homo sapiens					NA20870	male		Chromosome	2024-09-20	JBHIJK01	75
NA20870_haplotype2_hprc_rel2_verkko2_supp	GCA_056748765.1		Homo sapiens					NA20870	male		Chromosome	2026-04-16	JBVULL01	36
HG01457_haplotype1_hprc-hgsvc_rel2_verkko2_supp	GCA_057056825.1		Homo sapiens					HG01457	male		Chromosome	2026-04-29	JBWQHH01	43
HG02391_haplotype1_hprc_rel2_verkko2_supp	GCA_056697595.1		Homo sapiens					HG02391	male		Chromosome	2026-04-13	JBVUCB01	57
HG00639_pat_hprc_f2	GCA_042037765.1		Homo sapiens					HG00639	female		Chromosome	2024-09-20	JBHIHE01	73
HG02391_hap1_hprc_f2	GCA_042034315.1		Homo sapiens					HG02391	male		Chromosome	2024-09-20	JBHDXJ01	109
HG02300_haplotype1_hprc_rel2_verkko2_supp	GCA_056696925.1		Homo sapiens					HG02300	female		Chromosome	2026-04-13	JBVUBJ01	49
HG02698_haplotype1_hprc_rel2_verkko2_supp	GCA_056716495.1		Homo sapiens					HG02698	male		Chromosome	2026-04-14	JBVUEY01	43
HG01786_hap2_hprc_f2	GCA_042076735.2		Homo sapiens					HG01786	female		Chromosome	2024-09-20	JBHIIX01	88
HG00146_haplotype2_hprc_rel2_verkko2_supp	GCA_056669325.1		Homo sapiens					HG00146	female		Chromosome	2026-04-10	JBVTYY01	54
NA20827_hap1_hprc_f2	GCA_046629585.1		Homo sapiens					NA20827	male		Chromosome	2025-01-14	JBKOQY01	42
NA19682_hap2_hprc_f2	GCA_044164665.2		Homo sapiens					NA19682	male		Chromosome	2024-10-31	JBIRDK01	71
HG02145_mat_hprc_f2	GCA_018852585.3		Homo sapiens					HG02145	male		Chromosome	2024-12-11	JAHKSF02	103
HG00323_hap1_hprc_f2	GCA_042032465.1		Homo sapiens					HG00323	female		Chromosome	2024-09-19	JBHDWM01	89
HG00323_haplotype2_hprc_rel2_verkko2_supp	GCA_056668865.1		Homo sapiens					HG00323	female		Chromosome	2026-04-10	JBVTYE01	31
HG03669_pat_hprc_f2	GCA_042029925.1		Homo sapiens					HG03669	female		Chromosome	2024-09-19	JBHDTD01	122
HG03009_hap1	GCA_056690535.1		Homo sapiens					HG03009	male		Chromosome	2026-04-13	DBNCQJ01	437
HG03209_hap2_hprc_f2	GCA_042031355.2		Homo sapiens					HG03209	male		Chromosome	2024-09-19	JBHDWH01	73
HG03669_haplotype1_hprc_rel2_verkko2_supp	GCA_056749975.1		Homo sapiens					HG03669	female		Chromosome	2026-04-16	JBVUMC01	40
HG03225_hap1_hprc_f2	GCA_042076455.1		Homo sapiens					HG03225	male		Chromosome	2024-09-20	JBHIIG01	77
HG00731_haplotype2_hprc-hgsvc_rel2_verkko2_supp	GCA_057056865.1		Homo sapiens					HG00731	male		Chromosome	2026-04-29	JBWQHK01	56
HG002_mat_hprc_rel2_verkko2_supp	GCA_056669285.1		Homo sapiens					NA24385	male		Chromosome	2026-04-10	JBVTYW01	52
HG02583_hap2_hprc_f2	GCA_042076715.2		Homo sapiens					HG02583	female		Chromosome	2024-09-20	JBHIIV01	66
NA19835_haplotype1_hprc_rel2_verkko2_supp	GCA_056740035.1		Homo sapiens					NA19835	female		Chromosome	2026-04-15	JBVUKK01	49
HG02572_haplotype2_hprc_rel2_verkko2_supp	GCA_056716425.1		Homo sapiens					HG02572	male		Chromosome	2026-04-14	JBVUEV01	47
HG00358_haplotype2_hprc-hgsvc_rel2_verkko2_supp	GCA_057056945.1		Homo sapiens					HG00358	male		Chromosome	2026-04-29	JBWQHO01	35
NA19384_hap2	GCA_056689395.1		Homo sapiens					NA19384	male		Chromosome	2026-04-13	DBNCOQ01	108
HG02514_pat_hprc_f2	GCA_045523115.1		Homo sapiens					HG02514	male		Chromosome	2024-12-02	JBJKOI01	82
NA20752_haplotype2_hprc_rel2_verkko2_supp	GCA_056748095.1		Homo sapiens					NA20752	male		Chromosome	2026-04-16	JBVUKX01	28
HG04157_haplotype2_hprc_rel2_verkko2_supp	GCA_056738815.1		Homo sapiens					HG04157	male		Chromosome	2026-04-15	JBVUIF01	56
HG03239_pat_hprc_f2	GCA_042037925.1		Homo sapiens					HG03239	female		Chromosome	2024-09-20	JBHIHS01	71
NA21106_hap2_hprc_f2	GCA_042076865.2		Homo sapiens					NA21106	female		Chromosome	2024-09-20	JBHIJB01	59
HG01940_haplotype2_hprc_rel2_verkko2_supp	GCA_056697995.1		Homo sapiens					HG01940	female		Chromosome	2026-04-13	JBVUDJ01	115
HG03050_mat_hprc_f2	GCA_045524515.2		Homo sapiens					HG03050	male		Chromosome	2024-12-02	JBJKOL01	71
NA18508_haplotype2_hprc_rel2_verkko2_supp	GCA_056739325.1		Homo sapiens					NA18508	female		Chromosome	2026-04-15	JBVUJD01	38
NA20850_hap1_hprc_f2	GCA_044166535.1		Homo sapiens					NA20850	male		Chromosome	2024-10-31	JBIRDV01	73
NA19443_hap1_hprc_f2	GCA_042076855.1		Homo sapiens					NA19443	male		Chromosome	2024-09-20	JBHIIQ01	95
NA19443_haplotype2_hprc_rel2_verkko2_supp	GCA_056739855.1		Homo sapiens					NA19443	male		Chromosome	2026-04-15	JBVUKB01	56
HG01884_haplotype2_hprc_rel2_verkko2_supp	GCA_056698155.1		Homo sapiens					HG01884	female		Chromosome	2026-04-13	JBVUDR01	79
HG02735_haplotype1_hprc_rel2_verkko2_supp	GCA_056749935.1		Homo sapiens					HG02735	male		Chromosome	2026-04-16	JBVUMA01	38
HG00099_hap1_hprc_f2	GCA_042032525.1		Homo sapiens					HG00099	female		Chromosome	2024-09-19	JBHDWO01	120
HG02886_haplotype1_hprc_rel2_verkko2_supp	GCA_056749845.1		Homo sapiens					HG02886	female		Chromosome	2026-04-16	JBVULY01	184
HG00320_hap2_hprc_f2	GCA_042077765.2		Homo sapiens					HG00320	female		Chromosome	2024-09-20	JBHIKJ01	75
HG03065_hap1	GCA_056690485.1		Homo sapiens					HG03065	male		Chromosome	2026-04-13	DBNCQH01	1201
NA18976_haplotype2_hprc_rel2_verkko2_supp	GCA_056739775.1		Homo sapiens					NA18976	female		Chromosome	2026-04-15	JBVUJX01	38
HG02083_pat_hprc_rel2_verkko2_supp	GCA_056696075.1		Homo sapiens					HG02083	male		Chromosome	2026-04-13	JBVTZN01	53
HG01150_pat_hprc_f2	GCA_042037855.1		Homo sapiens					HG01150	female		Chromosome	2024-09-20	JBHIHI01	117
HG00514_hap1	GCA_056691535.1		Homo sapiens					HG00514			Chromosome	2026-04-13	DBNCSB01	671
HG01496_pat_hprc_f2	GCA_042027595.1		Homo sapiens					HG01496	female		Chromosome	2024-09-19	JBHDRZ01	105
HG03816_mat_hprc_f2	GCA_046116015.2		Homo sapiens					HG03816	female		Chromosome	2024-12-16	JBJXWG01	70
HG01099_mat_hprc_f2	GCA_042026525.2		Homo sapiens					HG01099	male		Chromosome	2024-09-19	JBHDRQ01	89
NA19682_haplotype2_hprc_rel2_verkko2_supp	GCA_056740225.1		Homo sapiens					NA19682	male		Chromosome	2026-04-15	JBVUKR01	38
NA19682_hap1_hprc_f2	GCA_044165125.1		Homo sapiens					NA19682	male		Chromosome	2024-10-31	JBIRDJ01	64
HG03579_mat_hprc_f2	GCA_018472825.3		Homo sapiens					HG03579	male		Chromosome	2024-09-20	JAGYVT02	103
NA20762_hap2_hprc_f2	GCA_046629575.2		Homo sapiens					NA20762	male		Chromosome	2025-01-14	JBKOQX01	35
HG01361_mat_hprc_f2	GCA_018469685.3		Homo sapiens					HG01361	female		Chromosome	2024-09-20	JAGYYW02	86
NA21110_haplotype2_hprc_rel2_verkko2_supp	GCA_056749655.1		Homo sapiens					NA21110	female		Chromosome	2026-04-16	JBVULR01	43
HG00329_haplotype1_hprc_rel2_verkko2_supp	GCA_056668855.1		Homo sapiens					HG00329	male		Chromosome	2026-04-10	JBVTYB01	66
NA19159_haplotype2_hprc_rel2_verkko2_supp	GCA_056739945.1		Homo sapiens					NA19159	female		Chromosome	2026-04-15	JBVUKH01	42
HG01978_haplotype2_hprc_rel2_verkko2_supp	GCA_056697745.1		Homo sapiens					HG01978	female		Chromosome	2026-04-13	JBVUCX01	129
HG00290_haplotype1_hprc_rel2_verkko2_supp	GCA_056669045.1		Homo sapiens					HG00290	male		Chromosome	2026-04-10	JBVTYJ01	38
NA18952_haplotype2_hprc_rel2_verkko2_supp	GCA_056739435.1		Homo sapiens					NA18952	male		Chromosome	2026-04-15	JBVUJJ01	43
NA19700_hap2_hprc_f2	GCA_042076885.2		Homo sapiens					NA19700	male		Chromosome	2024-09-20	JBHIJF01	55
HG01167_hap2_hprc_f2	GCA_044166785.2		Homo sapiens					HG01167	male		Chromosome	2024-10-31	JBIREQ01	62
HG02622_haplotype1_hprc_rel2_verkko2_supp	GCA_056716645.1		Homo sapiens					HG02622	female		Chromosome	2026-04-14	JBVUFG01	54
HG02492_pat_hprc-hgsvc_rel2_verkko2_supp	GCA_057056625.1		Homo sapiens					HG02492	male		Chromosome	2026-04-29	JBWQGX01	188
NA20805_haplotype1_hprc_rel2_verkko2_supp	GCA_056738325.1		Homo sapiens					NA20805	male		Chromosome	2026-04-15	JBVUHI01	62
HG01346_haplotype1_hprc_rel2_verkko2_supp	GCA_056699735.1		Homo sapiens					HG01346	female		Chromosome	2026-04-13	JBVUEG01	41
HG04160_pat_hprc_f2	GCA_042036805.1		Homo sapiens					HG04160	male		Chromosome	2024-09-20	JBHIGW01	108
HG02071_mat_hprc_rel2_verkko2_supp	GCA_056696175.1		Homo sapiens					HG02071	male		Chromosome	2026-04-13	JBVTZS01	112
HG03248_haplotype2_hprc-hgsvc_rel2_verkko2_supp	GCA_057056365.1		Homo sapiens					HG03248	male		Chromosome	2026-04-29	JBWQGM01	56
HG002_pat_hprc_rel2_verkko2_supp	GCA_056669245.1		Homo sapiens					NA24385	male		Chromosome	2026-04-10	JBVTYV01	144
HG03017_haplotype2_hprc_rel2_verkko2_supp	GCA_056716955.1		Homo sapiens					HG03017	male		Chromosome	2026-04-14	JBVUFX01	41
HG02132_haplotype1_hprc_rel2_verkko2_supp	GCA_056750895.1		Homo sapiens					HG02132	male		Chromosome	2026-04-16	JBVUNG01	124
HG03816_haplotype2_hprc_rel2_verkko2_supp	GCA_056738715.1		Homo sapiens					HG03816	female		Chromosome	2026-04-15	JBVUHZ01	84
HG03942_pat_hprc_rel2_verkko2_supp	GCA_056738875.1		Homo sapiens					HG03942	male		Chromosome	2026-04-15	JBVUII01	81
HG00609_haplotype1_hprc_rel2_verkko2_supp	GCA_056668435.1		Homo sapiens					HG00609	male		Chromosome	2026-04-10	JBVTXH01	28
HG03804_mat_hprc_f2	GCA_042036285.2		Homo sapiens					HG03804	female		Chromosome	2024-09-20	JBHIGR01	108
HG01784_hap1_hprc_f2	GCA_042034305.1		Homo sapiens					HG01784	female		Chromosome	2024-09-20	JBHDXH01	81
HG01975_haplotype1_hprc_rel2_verkko2_supp	GCA_056697805.1		Homo sapiens					HG01975	female		Chromosome	2026-04-13	JBVUCY01	60
HG01884_pat_hprc_f2	GCA_042028275.1		Homo sapiens					HG01884	female		Chromosome	2024-09-19	JBHDSB01	89
HG01071_haplotype2_hprc_rel2_verkko2_supp	GCA_056667975.1		Homo sapiens					HG01071	female		Chromosome	2026-04-10	JBVTWM01	63
NA18879_haplotype2_hprc_rel2_verkko2_supp	GCA_056739495.1		Homo sapiens					NA18879	male		Chromosome	2026-04-15	JBVUJL01	49
NA19185_hap2_hprc_f2	GCA_042034525.2		Homo sapiens					NA19185	female		Chromosome	2024-09-20	JBHDXS01	58
NA21106_hap1_hprc_f2	GCA_042077005.1		Homo sapiens					NA21106	female		Chromosome	2024-09-20	JBHIJA01	61
HG03583_haplotype1_hprc_rel2_verkko2_supp	GCA_056717275.1		Homo sapiens					HG03583	female		Chromosome	2026-04-14	JBVUGM01	35
NA19909_haplotype1_hprc_rel2_verkko2_supp	GCA_056748625.1		Homo sapiens					NA19909	female		Chromosome	2026-04-16	JBVULC01	35
HG01596_haplotype2_hprc-hgsvc_rel2_verkko2_supp	GCA_057056745.1		Homo sapiens					HG01596	male		Chromosome	2026-04-29	JBWQHE01	49
HG01952_pat_hprc_f2	GCA_018471555.2		Homo sapiens					HG01952	male		Chromosome	2024-09-20	JAHAME02	81
HG02135_mat_hprc_rel2_verkko2_supp	GCA_056696775.1		Homo sapiens					HG02135	male		Chromosome	2026-04-13	JBVUBA01	65
HG02392_hap1_hprc_f2	GCA_046043155.1		Homo sapiens					HG02392	male		Chromosome	2024-12-12	JBHIKE01	86
HG00097_hap1_hprc_f2	GCA_044165215.1		Homo sapiens					HG00097	female		Chromosome	2024-10-31	JBIRDD01	75
HG01252_mat_hprc_rel2_verkko2_supp	GCA_056667355.1		Homo sapiens					HG01252	male		Chromosome	2026-04-10	JBVTVO01	85
NA19159_hap1_hprc_f2	GCA_046056445.1		Homo sapiens					NA19159	female		Chromosome	2024-12-13	JBJXQL01	83
NA20905_haplotype1_hprc_rel2_verkko2_supp	GCA_056748725.1		Homo sapiens					NA20905	male		Chromosome	2026-04-16	JBVULI01	60
HG03017_mat_hprc_f2	GCA_042038595.2		Homo sapiens					HG03017	male		Chromosome	2024-09-20	JBHIIF01	88
HG03688_haplotype1_hprc_rel2_verkko2_supp	GCA_056717655.1		Homo sapiens					HG03688	male		Chromosome	2026-04-14	JBVUHC01	64
HG03704_pat_hprc_f2	GCA_042027445.1		Homo sapiens					HG03704	female		Chromosome	2024-09-19	JBHDRL01	67
ASM4633235v1	GCA_046332355.1		Homo sapiens					NA18944	male		Chromosome	2024-12-27	JBKACH01	75
NA19468_hap1_hprc_f2	GCA_042035225.1		Homo sapiens					NA19468	female		Chromosome	2024-09-20	JBHDXX01	90
HG01934_mat_hprc_f2	GCA_042038345.2		Homo sapiens					HG01934	male		Chromosome	2024-09-20	JBHIIB01	86
HG00423_pat_hprc_f2	GCA_042076665.1		Homo sapiens					HG00423	female		Chromosome	2024-09-20	JBHIIO01	68
HG02132_pat_hprc_f2	GCA_042030125.1		Homo sapiens					HG02132	male		Chromosome	2024-09-19	JBHDTR01	115
HG01530_haplotype2_hprc_rel2_verkko2_supp	GCA_056698455.1		Homo sapiens					HG01530	male		Chromosome	2026-04-13	JBVUDX01	34
HG03927_mat_hprc_f2	GCA_042028145.2		Homo sapiens					HG03927	female		Chromosome	2024-09-19	JBHDSW01	94
HG02080_haplotype1_hprc_rel2_verkko2_supp	GCA_056750735.1		Homo sapiens					HG02080	female		Chromosome	2026-04-16	JBVUNE01	54
HG00128_hap2_hprc_f2	GCA_042077885.2		Homo sapiens					HG00128	female		Chromosome	2024-09-20	JBHIKT01	71
HG00738_mat_hprc_rel2_verkko2_supp	GCA_056668055.1		Homo sapiens					HG00738	male		Chromosome	2026-04-10	JBVTWQ01	139
HG04199_pat_hprc_f2	GCA_042030015.1		Homo sapiens					HG04199	male		Chromosome	2024-09-19	JBHDTH01	96
NA18570_hap1_hprc_f2	GCA_042034345.1		Homo sapiens					NA18570	female		Chromosome	2024-09-20	JBHDXN01	100
HG03807_hap1	GCA_056690035.1		Homo sapiens					HG03807	female		Chromosome	2026-04-13	DBNCPR01	728
HG02258_haplotype2_hprc_rel2_verkko2_supp	GCA_056697315.1		Homo sapiens					HG02258	male		Chromosome	2026-04-13	JBVUBQ01	44
NA20905_haplotype2_hprc_rel2_verkko2_supp	GCA_056748745.1		Homo sapiens					NA20905	male		Chromosome	2026-04-16	JBVULJ01	39
HG03453_haplotype2_hprc_rel2_verkko2_supp	GCA_057084165.1		Homo sapiens					HG03453	female		Chromosome	2026-04-16	JBVUML01	224
HG02135_pat_hprc_rel2_verkko2_supp	GCA_056696865.1		Homo sapiens					HG02135	male		Chromosome	2026-04-13	JBVUAZ01	189
HG02300_haplotype2_hprc_rel2_verkko2_supp	GCA_056696965.1		Homo sapiens					HG02300	female		Chromosome	2026-04-13	JBVUBK01	61
HG03492_mat_hprc_rel2_verkko2_supp	GCA_056751895.1		Homo sapiens					HG03492	male		Chromosome	2026-04-16	JBVUTB01	56
ASM4633237v1	GCA_046332375.1		Homo sapiens					NA18945	male		Chromosome	2024-12-27	JBKACE01	43
NA20905_hap2_hprc_f2	GCA_042032335.2		Homo sapiens					NA20905	male		Chromosome	2024-09-19	JBHDWZ01	91
HG01960_mat_hprc_f2	GCA_042037445.2		Homo sapiens					HG01960	female		Chromosome	2024-09-20	JBHIHN01	84
HG02738_mat_hprc_f2	GCA_046056425.2		Homo sapiens					HG02738	male		Chromosome	2024-12-13	JBJXQK01	64
HG04228_mat_hprc_f2	GCA_042036915.2		Homo sapiens					HG04228	male		Chromosome	2024-09-20	JBHIHB01	61
HG01928_pat_hprc_rel2_verkko2_supp	GCA_056698065.1		Homo sapiens					HG01928	male		Chromosome	2026-04-13	JBVUDM01	101
NA19983_hap2	GCA_056689195.1		Homo sapiens					NA19983	female		Chromosome	2026-04-13	DBNCOG01	82
HG01123_mat_hprc_f2	GCA_018469665.3		Homo sapiens					HG01123	female		Chromosome	2024-09-20	JAGYYY02	57
HG02148_pat_hprc_f2	GCA_018471525.2		Homo sapiens					HG02148	female		Chromosome	2024-09-20	JAHAMG02	91
HG01175_mat_hprc_f2	GCA_018471085.3		Homo sapiens					HG01175	female		Chromosome	2024-09-20	JAHALZ02	58
HG01150_haplotype1_hprc_rel2_verkko2_supp	GCA_056667685.1		Homo sapiens					HG01150	female		Chromosome	2026-04-10	JBVTVX01	221
HG01433_pat_hprc_rel2_verkko2_supp	GCA_056698905.1		Homo sapiens					HG01433	male		Chromosome	2026-04-13	JBVUEA01	54
NA19468_haplotype1_hprc_rel2_verkko2_supp	GCA_056740195.1		Homo sapiens					NA19468	female		Chromosome	2026-04-15	JBVUKS01	66
HG01081_pat_hprc_f2	GCA_042037825.1		Homo sapiens					HG01081	female		Chromosome	2024-09-20	JBHIHG01	79
HG03579_pat_hprc_f2	GCA_018472835.2		Homo sapiens					HG03579	male		Chromosome	2024-09-20	JAGYVU02	82
HG00408_haplotype2_hprc_rel2_verkko2_supp	GCA_056668715.1		Homo sapiens					HG00408	female		Chromosome	2026-04-10	JBVTXW01	82
HG01258_pat_hprc_f2	GCA_018469675.2		Homo sapiens					HG01258	male		Chromosome	2024-09-20	JAGYYV02	67
HG02080_mat_hprc_f2	GCA_018504085.3		Homo sapiens					HG02080	female		Chromosome	2024-10-17	JAHEOV02	103
HG03239_mat_hprc_f2	GCA_042037705.2		Homo sapiens					HG03239	female		Chromosome	2024-09-20	JBHIHT01	67
NA19347_hap1	GCA_056689435.1		Homo sapiens					NA19347	male		Chromosome	2026-04-13	DBNCOR01	1031
HG00232_haplotype2_hprc_rel2_verkko2_supp	GCA_056669225.1		Homo sapiens					HG00232	female		Chromosome	2026-04-10	JBVTYU01	56
HG03139_hap1_hprc_f2	GCA_043304645.1		Homo sapiens					HG03139	male		Chromosome	2024-10-17	JBIEBX01	64
HG03050_pat_hprc_f2	GCA_045524245.1		Homo sapiens					HG03050	male		Chromosome	2024-12-02	JBJKOK01	98
NA18608_hap2_hprc_f2	GCA_042077335.2		Homo sapiens					NA18608	male		Chromosome	2024-09-20	JBHIJX01	62
HG01099_pat_hprc_f2	GCA_042027475.1		Homo sapiens					HG01099	male		Chromosome	2024-09-19	JBHDRP01	80
HG02486_pat_hprc_rel2_verkko2_supp	GCA_056697485.1		Homo sapiens					HG02486	male		Chromosome	2026-04-13	JBVUBV01	54
HG01940_mat_hprc_f2	GCA_042037435.2		Homo sapiens					HG01940	female		Chromosome	2024-09-20	JBHIHL01	55
HG02080_pat_hprc_f2	GCA_018504055.2		Homo sapiens					HG02080	female		Chromosome	2024-10-17	JAHEOW02	91
HG00731_hap2	GCA_056691475.1		Homo sapiens					HG00731	male		Chromosome	2026-04-13	DBNCSU01	51
HG02293_pat_hprc_f2	GCA_042027495.1		Homo sapiens					HG02293	female		Chromosome	2024-09-19	JBHDRN01	118
HG01993_mat_hprc_f2	GCA_042027655.2		Homo sapiens					HG01993	female		Chromosome	2024-09-19	JBHDSM01	94
HG01496_mat_hprc_f2	GCA_042027145.2		Homo sapiens					HG01496	female		Chromosome	2024-09-19	JBHDSA01	49
HG00512_haplotype1_hprc-hgsvc_rel2_verkko2_supp	GCA_057056925.1		Homo sapiens					HG00512	male		Chromosome	2026-04-29	JBWQHL01	72
HG03669_mat_hprc_f2	GCA_042028875.2		Homo sapiens					HG03669	female		Chromosome	2024-09-19	JBHDTE01	76
NA20752_hap1_hprc_f2	GCA_046000145.1		Homo sapiens					NA20752	male		Chromosome	2024-12-11	JBJUVQ01	78
HG01993_haplotype1_hprc_rel2_verkko2_supp	GCA_056697685.1		Homo sapiens					HG01993	female		Chromosome	2026-04-13	JBVUCS01	67
HG03710_haplotype1_hprc_rel2_verkko2_supp	GCA_056717535.1		Homo sapiens					HG03710	male		Chromosome	2026-04-14	JBVUHA01	70
NA19317_hap1	GCA_056689545.1		Homo sapiens					NA19317	male		Chromosome	2026-04-13	DBNCOV01	1235
HG00280_haplotype2_hprc_rel2_verkko2_supp	GCA_056669035.1		Homo sapiens					HG00280	male		Chromosome	2026-04-10	JBVTYM01	44
ASM4633206v1	GCA_046332065.1		Homo sapiens					NA18970	male		Chromosome	2024-12-27	JBKABV01	59
HG02698_pat_hprc_f2	GCA_042030045.1		Homo sapiens					HG02698	male		Chromosome	2024-09-19	JBHDTL01	93
NA18508_hap1_hprc_f2	GCA_042077095.1		Homo sapiens					NA18508	female		Chromosome	2024-09-20	JBHIJG01	62
NA18612_hap2_hprc_f2	GCA_045999875.1		Homo sapiens					NA18612	male		Chromosome	2024-12-11	JBJUVV01	106
ASM4633228v1	GCA_046332285.1		Homo sapiens					NA18959	male		Chromosome	2024-12-27	JBKACA01	62
HG02040_hap1_hprc_f2	GCA_042032555.1		Homo sapiens					HG02040	male		Chromosome	2024-09-19	JBHDWS01	79
HG00235_hap1_hprc_f2	GCA_044165645.1		Homo sapiens					HG00235	female		Chromosome	2024-10-31	JBIRED01	71
ASM4633214v1	GCA_046332145.1		Homo sapiens					NA18967	male		Chromosome	2024-12-27	JBKABX01	75
HG04184_pat_hprc_f2	GCA_042028635.1		Homo sapiens					HG04184	female		Chromosome	2024-09-19	JBHDSH01	102
HG02273_haplotype1_hprc_rel2_verkko2_supp	GCA_056697215.1		Homo sapiens					HG02273	female		Chromosome	2026-04-13	JBVUBN01	55
HG01074_mat_hprc_f2	GCA_042037735.2		Homo sapiens					HG01074	male		Chromosome	2024-09-20	JBHIHX01	70
HG00097_hap2_hprc_f2	GCA_044164745.2		Homo sapiens					HG00097	female		Chromosome	2024-10-31	JBIRDE01	61
HG00133_hap1_hprc_f2	GCA_042078005.1		Homo sapiens					HG00133	female		Chromosome	2024-09-20	JBHIKQ01	64
HG02011_hap1	GCA_056691035.1		Homo sapiens					HG02011	male		Chromosome	2026-04-13	DBNCRH01	401
HG03195_hap2_hprc_f2	GCA_042030635.2		Homo sapiens					HG03195	female		Chromosome	2024-09-19	JBHDVV01	78
HG01258_mat_hprc_f2	GCA_018469405.3		Homo sapiens					HG01258	male		Chromosome	2024-09-20	JAGYYU02	91
HG00735_haplotype2_hprc_rel2_verkko2_supp	GCA_056668095.1		Homo sapiens					HG00735	female		Chromosome	2026-04-10	JBVTWS01	153
HG01596_haplotype1_hprc-hgsvc_rel2_verkko2_supp	GCA_057056765.1		Homo sapiens					HG01596	male		Chromosome	2026-04-29	JBWQHD01	69
HG005_mat_hprc_rel2_verkko2_supp	GCA_056668615.1		Homo sapiens					NA24631	male		Chromosome	2026-04-10	JBVTXQ01	72
HG01433_pat_hprc_f2	GCA_042028645.1		Homo sapiens					HG01433	male		Chromosome	2024-09-19	JBHDSJ01	100
HG04036_hap2	GCA_056689985.1		Homo sapiens					HG04036	female		Chromosome	2026-04-13	DBNCPQ01	53
HG03098_haplotype2_hprc_rel2_verkko2_supp	GCA_056749815.1		Homo sapiens					HG03098	female		Chromosome	2026-04-16	JBVULX01	80
HG03704_mat_hprc_f2	GCA_042026535.2		Homo sapiens					HG03704	female		Chromosome	2024-09-19	JBHDRM01	63
HG04187_mat_hprc_rel2_verkko2_supp	GCA_056739085.1		Homo sapiens					HG04187	male		Chromosome	2026-04-15	JBVUIT01	57
HG02559_pat_hprc_f2	GCA_018466855.2		Homo sapiens					HG02559	female		Chromosome	2024-09-20	JAGYVK02	66
HG03927_pat_hprc_f2	GCA_042028845.1		Homo sapiens					HG03927	female		Chromosome	2024-09-19	JBHDSV01	113
HG03688_haplotype2_hprc_rel2_verkko2_supp	GCA_056717595.1		Homo sapiens					HG03688	male		Chromosome	2026-04-14	JBVUHD01	57
HG03540_haplotype2_hprc_rel2_verkko2_supp	GCA_056750035.1		Homo sapiens					HG03540	female		Chromosome	2026-04-16	JBVUMF01	200
HG04157_haplotype1_hprc_rel2_verkko2_supp	GCA_056738775.1		Homo sapiens					HG04157	male		Chromosome	2026-04-15	JBVUIE01	86
NA20346_hap2_hprc_f2	GCA_044166135.2		Homo sapiens					NA20346	male		Chromosome	2024-10-31	JBIRDS01	107
HG02647_pat_hprc_rel2_verkko2_supp	GCA_056716585.1		Homo sapiens					HG02647	male		Chromosome	2026-04-14	JBVUFC01	338
HG01123_haplotype2_hprc_rel2_verkko2_supp	GCA_056667715.1		Homo sapiens					HG01123	female		Chromosome	2026-04-10	JBVTWA01	97
HG00733_pat_hprc_f2	GCA_018506955.2		Homo sapiens					HG00733	female		Chromosome	2024-12-11	JAHEPQ02	90
NA19909_hap1_hprc_f2	GCA_044164695.1		Homo sapiens					NA19909	female		Chromosome	2024-10-31	JBIRDH01	66
HG02984_mat_hprc_f2	GCA_045524165.2		Homo sapiens					HG02984	male		Chromosome	2024-12-02	JBJKON01	83
HG03209_hap1_hprc_f2	GCA_042032445.1		Homo sapiens					HG03209	male		Chromosome	2024-09-19	JBHDWG01	66
HG01106_pat_hprc_rel2_verkko2_supp	GCA_056667775.1		Homo sapiens					HG01106	male		Chromosome	2026-04-10	JBVTWD01	74
HG03270_haplotype1_hprc_rel2_verkko2_supp	GCA_056717075.1		Homo sapiens					HG03270	female		Chromosome	2026-04-14	JBVUGC01	74
HG02129_mat_hprc_rel2	GCA_041900385.2		Homo sapiens					HG02129	male		Chromosome	2024-09-11	JBHDVB01	70
HG00731_hap1	GCA_056691495.1		Homo sapiens					HG00731	male		Chromosome	2026-04-13	DBNCST01	520
HG01252_mat_hprc_f2	GCA_042038095.2		Homo sapiens					HG01252	male		Chromosome	2024-09-20	JBHIHZ01	74
HG02293_mat_hprc_f2	GCA_042026455.2		Homo sapiens					HG02293	female		Chromosome	2024-09-19	JBHDRO01	104
HG01243_haplotype2_hprc_rel2_verkko2_supp	GCA_056667435.1		Homo sapiens					HG01243	male		Chromosome	2026-04-10	JBVTVQ01	119
HG00544_haplotype1_hprc_rel2_verkko2_supp	GCA_056668565.1		Homo sapiens					HG00544	female		Chromosome	2026-04-10	JBVTXN01	65
HG02630_haplotype1_hprc_rel2_verkko2_supp	GCA_056716595.1		Homo sapiens					HG02630	female		Chromosome	2026-04-14	JBVUFE01	323
HG00272_hap2_hprc_f2	GCA_044166665.2		Homo sapiens					HG00272	female		Chromosome	2024-10-31	JBIRDO01	67
HG01081_mat_hprc_f2	GCA_042037225.2		Homo sapiens					HG01081	female		Chromosome	2024-09-20	JBHIHH01	68
HG02074_pat_hprc_rel2_verkko2_supp	GCA_056696105.1		Homo sapiens					HG02074	male		Chromosome	2026-04-13	JBVTZP01	67
HG02602_mat_hprc_rel2_verkko2_supp	GCA_056716315.1		Homo sapiens					HG02602	male		Chromosome	2026-04-14	JBVUER01	132
HG01505_hap2	GCA_056691115.1		Homo sapiens					HG01505	male		Chromosome	2026-04-13	DBNCRO01	78
HG03492_pat_hprc_rel2_verkko2_supp	GCA_056751955.1		Homo sapiens					HG03492	male		Chromosome	2026-04-16	JBVUTA01	178
HG00323_haplotype1_hprc_rel2_verkko2_supp	GCA_056668895.1		Homo sapiens					HG00323	female		Chromosome	2026-04-10	JBVTYD01	51
HG02257_mat_hprc_f2	GCA_018466835.3		Homo sapiens					HG02257	female		Chromosome	2024-09-20	JAGYVI02	78
HG01358_pat_hprc_rel2_verkko2_supp	GCA_056699345.1		Homo sapiens					HG01358	male		Chromosome	2026-04-13	JBVUEE01	91
HG02666_hap1	GCA_056690705.1		Homo sapiens					HG02666	male		Chromosome	2026-04-13	DBNCQR01	808
HG02666_haplotype2_hprc-hgsvc_rel2_verkko2_supp	GCA_057056535.1		Homo sapiens					HG02666	male		Chromosome	2026-04-29	JBWQGU01	55
ASM4633232v1	GCA_046332325.1		Homo sapiens					NA18948	male		Chromosome	2024-12-27	JBKACC01	50
NA19776_hap1_hprc_f2	GCA_044165085.1		Homo sapiens					NA19776	female		Chromosome	2024-10-31	JBIRDB01	78
HG02738_pat_hprc_f2	GCA_046056435.1		Homo sapiens					HG02738	male		Chromosome	2024-12-13	JBJXQJ01	86
HG00096_hap2	GCA_056691755.1		Homo sapiens					HG00096	male		Chromosome	2026-04-13	DBNCSO01	103
HG02668_pat_hprc_f2	GCA_042038895.1		Homo sapiens					HG02668	male		Chromosome	2024-09-20	JBHIIC01	103
NA19317_haplotype1_hprc-hgsvc_rel2_verkko2_supp	GCA_057056115.1		Homo sapiens					NA19317	male		Chromosome	2026-04-29	JBWQFX01	47
HG01975_mat_hprc_f2	GCA_045999905.2		Homo sapiens					HG01975	female		Chromosome	2024-12-11	JBJUVT01	91
HG04115_mat_hprc_f2	GCA_042028945.2		Homo sapiens					HG04115	male		Chromosome	2024-09-19	JBHDTG01	98
HG04184_haplotype1_hprc_rel2_verkko2_supp	GCA_056739185.1		Homo sapiens					HG04184	female		Chromosome	2026-04-15	JBVUIU01	64
HG03521_hap1_hprc_f2	GCA_044166285.1		Homo sapiens					HG03521	male		Chromosome	2024-10-31	JBIREF01	79
NA19650_hap2	GCA_056689305.1		Homo sapiens					NA19650	male		Chromosome	2026-04-13	DBNCOM01	39
HG01346_pat_hprc_f2	GCA_042028795.1		Homo sapiens					HG01346	female		Chromosome	2024-09-19	JBHDSR01	91
HG01952_mat_hprc_f2	GCA_018471545.3		Homo sapiens					HG01952	male		Chromosome	2024-09-20	JAHAMD02	66
HG01433_mat_hprc_f2	GCA_042027645.2		Homo sapiens					HG01433	male		Chromosome	2024-09-19	JBHDSK01	74
HG03471_haplotype2_hprc_rel2_verkko2_supp	GCA_056717415.1		Homo sapiens					HG03471	male		Chromosome	2026-04-14	JBVUGT01	65
HG02056_mat_hprc_rel2	GCA_041900015.2		Homo sapiens					HG02056	male		Chromosome	2024-09-11	JBHDVD01	76
HG00280_hap1_hprc_f2	GCA_042031275.1		Homo sapiens					HG00280	male		Chromosome	2024-09-19	JBHDWA01	111
HG01530_hap1_hprc_f2	GCA_042034285.1		Homo sapiens					HG01530	male		Chromosome	2024-09-20	JBHDXF01	90
NA18983_hap2_hprc_f2	GCA_042031955.2		Homo sapiens					NA18983	male		Chromosome	2024-09-19	JBHDWV01	97
HG03742_haplotype1_hprc_rel2_verkko2_supp	GCA_056717505.1		Homo sapiens					HG03742	male		Chromosome	2026-04-14	JBVUGY01	74
NA21102_hap2_hprc_f2	GCA_044166635.2		Homo sapiens					NA21102	female		Chromosome	2024-10-31	JBIREI01	63
HG00438_mat_hprc_f2	GCA_018471515.3		Homo sapiens					HG00438	female		Chromosome	2024-09-20	JAHBCA02	75
HG00128_hap1_hprc_f2	GCA_042078025.1		Homo sapiens					HG00128	female		Chromosome	2024-09-20	JBHIKS01	78
HG04204_haplotype2_hprc_rel2_verkko2_supp	GCA_056739035.1		Homo sapiens					HG04204	male		Chromosome	2026-04-15	JBVUIP01	79
HG02280_mat_hprc_f2	GCA_042026465.2		Homo sapiens					HG02280	female		Chromosome	2024-09-19	JBHDRS01	105
HG00344_hap1_hprc_f2	GCA_044166765.1		Homo sapiens					HG00344	female		Chromosome	2024-10-31	JBIREN01	89
HG02148_haplotype2_hprc_rel2_verkko2_supp	GCA_056696695.1		Homo sapiens					HG02148	female		Chromosome	2026-04-13	JBVUAY01	39
HG01981_haplotype2_hprc_rel2_verkko2_supp	GCA_056697715.1		Homo sapiens					HG01981	female		Chromosome	2026-04-13	JBVUCV01	74
HG02738_pat_hprc_rel2_verkko2_supp	GCA_056716815.1		Homo sapiens					HG02738	male		Chromosome	2026-04-14	JBVUFO01	41
NA19835_hap2_hprc_f2	GCA_044165335.2		Homo sapiens					NA19835	female		Chromosome	2024-10-31	JBIRDA01	76
NA18565_hap2_hprc_f2	GCA_044165725.2		Homo sapiens					NA18565	female		Chromosome	2024-10-31	JBIRDY01	70
NA18971_haplotype2_hprc_rel2_verkko2_supp	GCA_056739445.1		Homo sapiens					NA18971	male		Chromosome	2026-04-15	JBVUJH01	158
HG00733_hap2	GCA_056691395.1		Homo sapiens					HG00733	female		Chromosome	2026-04-13	DBNCRY01	93
NA20282_hap1_hprc_f2	GCA_044166585.1		Homo sapiens					NA20282	female		Chromosome	2024-10-31	JBIRDT01	78
NA21110_hap2_hprc_f2	GCA_042077185.2		Homo sapiens					NA21110	female		Chromosome	2024-09-20	JBHIJJ01	59
NA18974_haplotype2_hprc_rel2_verkko2_supp	GCA_056739805.1		Homo sapiens					NA18974	male		Chromosome	2026-04-15	JBVUJZ01	86
NA21110_haplotype1_hprc_rel2_verkko2_supp	GCA_056749715.1		Homo sapiens					NA21110	female		Chromosome	2026-04-16	JBVULQ01	43
HG03516_mat_hprc_f2	GCA_018469415.3		Homo sapiens					HG03516	female		Chromosome	2024-09-20	JAGYYT02	71
HG00272_haplotype2_hprc_rel2_verkko2_supp	GCA_056669095.1		Homo sapiens					HG00272	female		Chromosome	2026-04-10	JBVTYO01	43
NA20870_hap2_hprc_f2	GCA_042077145.2		Homo sapiens					NA20870	male		Chromosome	2024-09-20	JBHIJL01	83
HG01530_hap2_hprc_f2	GCA_042034145.2		Homo sapiens					HG01530	male		Chromosome	2024-09-20	JBHDXG01	90
HG02155_hap1_hprc_f2	GCA_043304525.1		Homo sapiens					HG02155	female		Chromosome	2024-10-17	JBIECB01	83
HG00609_haplotype2_hprc_rel2_verkko2_supp	GCA_056668425.1		Homo sapiens					HG00609	male		Chromosome	2026-04-10	JBVTXI01	55
HG01981_pat_hprc_f2	GCA_042027505.1		Homo sapiens					HG01981	female		Chromosome	2024-09-19	JBHDRV01	79
HG02178_hap2_hprc_f2	GCA_042077755.2		Homo sapiens					HG02178	female		Chromosome	2024-09-20	JBHIKH01	58
HG00099_hap2_hprc_f2	GCA_042031945.2		Homo sapiens					HG00099	female		Chromosome	2024-09-19	JBHDWP01	98
HG01891_mat_hprc_f2	GCA_018467155.3		Homo sapiens					HG01891	female		Chromosome	2024-09-20	JAGYVN02	88
HG04187_pat_hprc_f2	GCA_046000115.1		Homo sapiens					HG04187	male		Chromosome	2024-12-11	JBJUVO01	112
HG02976_hap1_hprc_f2	GCA_042031255.1		Homo sapiens					HG02976	female		Chromosome	2024-09-19	JBHDVW01	86
HG00609_mat_hprc_f2	GCA_042027095.2		Homo sapiens					HG00609	male		Chromosome	2024-09-19	JBHDRY01	82
HG02074_mat_hprc_f2	GCA_042036205.2		Homo sapiens					HG02074	male		Chromosome	2024-09-20	JBHIGL01	97
ASM4633222v1	GCA_046332225.1		Homo sapiens					NA18960	male		Chromosome	2024-12-27	JBKABZ01	71
HG02922_hap2_hprc_f2	GCA_042030255.2		Homo sapiens					HG02922	female		Chromosome	2024-09-19	JBHDVP01	83
HG00438_haplotype2_hprc_rel2_verkko2_supp	GCA_056668635.1		Homo sapiens					HG00438	female		Chromosome	2026-04-10	JBVTXS01	54
HG01150_haplotype2_hprc_rel2_verkko2_supp	GCA_056667675.1		Homo sapiens					HG01150	female		Chromosome	2026-04-10	JBVTVY01	54
HG01960_pat_hprc_f2	GCA_042037895.1		Homo sapiens					HG01960	female		Chromosome	2024-09-20	JBHIHM01	72
HG00706_pat_hprc_f2	GCA_046116065.1		Homo sapiens					HG00706	male		Chromosome	2024-12-16	JBJXWD01	96
NA18974_hap2_hprc_f2	GCA_042077285.2		Homo sapiens					NA18974	male		Chromosome	2024-09-20	JBHIJR01	72
HG02615_mat_hprc_f2	GCA_042028975.2		Homo sapiens					HG02615	female		Chromosome	2024-09-19	JBHDTA01	74
HG02572_pat_hprc_f2	GCA_018470435.2		Homo sapiens					HG02572	male		Chromosome	2024-09-20	JAHAOW02	64
HG02514_haplotype2_hprc_rel2_verkko2_supp	GCA_056697395.1		Homo sapiens					HG02514	male		Chromosome	2026-04-13	JBVUBU01	55
HG03130_haplotype1_hprc_rel2_verkko2_supp	GCA_056717235.1		Homo sapiens					HG03130	male		Chromosome	2026-04-14	JBVUGK01	103
NA19909_hap2_hprc_f2	GCA_044165395.2		Homo sapiens					NA19909	female		Chromosome	2024-10-31	JBIRDI01	75
HG03041_pat_hprc_f2	GCA_042037905.1		Homo sapiens					HG03041	female		Chromosome	2024-09-20	JBHIHQ01	53
NA18747_hap2_hprc_f2	GCA_042031405.2		Homo sapiens					NA18747	male		Chromosome	2024-09-19	JBHDWF01	75
HG02391_hap2_hprc_f2	GCA_042034155.2		Homo sapiens					HG02391	male		Chromosome	2024-09-20	JBHDXK01	69
NA19835_hap1_hprc_f2	GCA_044164705.1		Homo sapiens					NA19835	female		Chromosome	2024-10-31	JBIRCZ01	82
NA19036_hap2_hprc_f2	GCA_042077135.2		Homo sapiens					NA19036	female		Chromosome	2024-09-20	JBHIJN01	69
HG02841_haplotype2_hprc_rel2_verkko2_supp	GCA_056716705.1		Homo sapiens					HG02841	female		Chromosome	2026-04-14	JBVUFL01	72
NA18505_hap1_hprc_f2	GCA_042077605.1		Homo sapiens					NA18505	female		Chromosome	2024-09-20	JBHIJY01	81
HG03470_hap1_hprc_f2	GCA_043305115.1		Homo sapiens					HG03470	female		Chromosome	2024-10-17	JBICSF01	94
HG03195_hap1_hprc_f2	GCA_042031175.1		Homo sapiens					HG03195	female		Chromosome	2024-09-19	JBHDVU01	77
NA19338_hap2_hprc_f2	GCA_042034585.2		Homo sapiens					NA19338	female		Chromosome	2024-09-20	JBHDXU01	74
HG02723_mat_hprc_f2	GCA_018504065.3		Homo sapiens					HG02723	female		Chromosome	2024-10-17	JAHEOT02	64
NA19468_hap2_hprc_f2	GCA_042035175.2		Homo sapiens					NA19468	female		Chromosome	2024-09-20	JBHDXY01	71
NA19443_hap2_hprc_f2	GCA_042076705.2		Homo sapiens					NA19443	male		Chromosome	2024-09-20	JBHIIR01	65
HG03225_hap2_hprc_f2	GCA_042076465.2		Homo sapiens					HG03225	male		Chromosome	2024-09-20	JBHIIH01	89
HG03704_haplotype2_hprc_rel2_verkko2_supp	GCA_056738525.1		Homo sapiens					HG03704	female		Chromosome	2026-04-15	JBVUHR01	80
HG00597_haplotype2_hprc_rel2_verkko2_supp	GCA_056668495.1		Homo sapiens					HG00597	female		Chromosome	2026-04-10	JBVTXK01	63
HG02668_mat_hprc_f2	GCA_042038585.2		Homo sapiens					HG02668	male		Chromosome	2024-09-20	JBHIID01	71
HG02886_haplotype2_hprc_rel2_verkko2_supp	GCA_056749835.1		Homo sapiens					HG02886	female		Chromosome	2026-04-16	JBVULZ01	150
HG01993_pat_hprc_f2	GCA_042028705.1		Homo sapiens					HG01993	female		Chromosome	2024-09-19	JBHDSL01	73
NA19238_hap2	GCA_056689635.1		Homo sapiens					NA19238	female		Chromosome	2026-04-13	DBNCPC01	89
HG02132_haplotype2_hprc_rel2_verkko2_supp	GCA_056751735.1		Homo sapiens					HG02132	male		Chromosome	2026-04-16	JBVUNH01	111
NA18747_hap1_hprc_f2	GCA_042031315.1		Homo sapiens					NA18747	male		Chromosome	2024-09-19	JBHDWE01	76
HG00706_haplotype1_hprc_rel2_verkko2_supp	GCA_056668175.1		Homo sapiens					HG00706	male		Chromosome	2026-04-10	JBVTWV01	86
HG03732_mat_hprc-hgsvc_rel2_verkko2_supp	GCA_057056285.1		Homo sapiens					HG03732	male		Chromosome	2026-04-29	JBWQGG01	108
HG03784_hap1_hprc_f2	GCA_044166095.1		Homo sapiens					HG03784	female		Chromosome	2024-10-31	JBIRDL01	92
HG01952_haplotype1_hprc_rel2_verkko2_supp	GCA_056697925.1		Homo sapiens					HG01952	male		Chromosome	2026-04-13	JBVUDE01	44
HG00706_haplotype2_hprc_rel2_verkko2_supp	GCA_056668185.1		Homo sapiens					HG00706	male		Chromosome	2026-04-10	JBVTWW01	63
HG02293_haplotype2_hprc_rel2_verkko2_supp	GCA_057062025.1		Homo sapiens					HG02293	female		Chromosome	2026-04-16	JBVUNB01	45
HG01969_haplotype1_hprc_rel2_verkko2_supp	GCA_056697855.1		Homo sapiens					HG01969	female		Chromosome	2026-04-13	JBVUDA01	151
HG00344_haplotype2_hprc_rel2_verkko2_supp	GCA_056668795.1		Homo sapiens					HG00344	female		Chromosome	2026-04-10	JBVTYA01	42
HG03742_hap2_hprc_f2	GCA_042034195.2		Homo sapiens					HG03742	male		Chromosome	2024-09-20	JBHDXM01	82
HG02083_mat_hprc_f2	GCA_042030175.2		Homo sapiens					HG02083	male		Chromosome	2024-09-19	JBHDTW01	70
NA19391_hap2_hprc_f2	GCA_042034575.2		Homo sapiens					NA19391	female		Chromosome	2024-09-20	JBHDXW01	70
HG00253_haplotype2_hprc_rel2_verkko2_supp	GCA_056669125.1		Homo sapiens					HG00253	female		Chromosome	2026-04-10	JBVTYQ01	71
HG02492_hap2	GCA_056690815.1		Homo sapiens					HG02492	male		Chromosome	2026-04-13	DBNCQY01	110
HG03742_haplotype2_hprc_rel2_verkko2_supp	GCA_056717545.1		Homo sapiens					HG03742	male		Chromosome	2026-04-14	JBVUGZ01	74
HG03520_hap2	GCA_056690155.1		Homo sapiens					HG03520	female		Chromosome	2026-04-13	DBNCPY01	117
HG005_mat_hprc_f2	GCA_018506965.3		Homo sapiens					NA24631	male		Chromosome	2024-12-13	JAHEPN02	134
HG01361_pat_hprc_f2	GCA_018469705.2		Homo sapiens					HG01361	female		Chromosome	2024-09-20	JAGYYX02	85
HG02666_hap2	GCA_056690695.1		Homo sapiens					HG02666	male		Chromosome	2026-04-13	DBNCQS01	38
HG01106_mat_hprc_f2	GCA_018471345.3		Homo sapiens					HG01106	male		Chromosome	2024-09-20	JAHAMB02	83
HG04187_mat_hprc_f2	GCA_045999925.2		Homo sapiens					HG04187	male		Chromosome	2024-12-11	JBJUVP01	103
HG02602_pat_hprc_rel2_verkko2_supp	GCA_056716305.1		Homo sapiens					HG02602	male		Chromosome	2026-04-14	JBVUEQ01	111
HG01114_hap2	GCA_056691215.1		Homo sapiens					HG01114	female		Chromosome	2026-04-13	DBNCRU01	65
HG00741_mat_hprc_f2	GCA_018471095.3		Homo sapiens					HG00741	female		Chromosome	2024-09-20	JAHALX02	72
HG03710_pat_hprc_f2	GCA_042030055.1		Homo sapiens					HG03710	male		Chromosome	2024-09-19	JBHDTP01	97
HG02953_haplotype2_hprc-hgsvc_rel2_verkko2_supp	GCA_057056505.1		Homo sapiens					HG02953	male		Chromosome	2026-04-29	JBWQGS01	102
HG04160_haplotype1_hprc_rel2_verkko2_supp	GCA_056738735.1		Homo sapiens					HG04160	male		Chromosome	2026-04-15	JBVUIC01	141
NA18522_hap1_hprc_f2	GCA_042031325.1		Homo sapiens					NA18522	male		Chromosome	2024-09-19	JBHDWC01	86
HG02257_pat_hprc_f2	GCA_018466845.2		Homo sapiens					HG02257	female		Chromosome	2024-09-20	JAGYVH02	113
NA19240_hap1	GCA_056689575.1		Homo sapiens					NA19240	female		Chromosome	2026-04-13	DBNCOX01	1055
HG03831_haplotype2_hprc_rel2_verkko2_supp	GCA_056738655.1		Homo sapiens					HG03831	female		Chromosome	2026-04-15	JBVUHX01	88
HG02027_pat_hprc_f2	GCA_042030215.1		Homo sapiens					HG02027	male		Chromosome	2024-09-19	JBHDTX01	205
HG02071_mat_hprc_f2	GCA_042036105.2		Homo sapiens					HG02071	male		Chromosome	2024-09-20	JBHIGJ01	97
HG02523_haplotype1_hprc_rel2_verkko2_supp	GCA_056750345.1		Homo sapiens					HG02523	female		Chromosome	2026-04-16	JBVUMY01	143
HG02809_pat_hprc_f2	GCA_042036525.1		Homo sapiens					HG02809	female		Chromosome	2024-09-20	JBHIGO01	92
HG02886_pat_hprc_f2	GCA_018470465.2		Homo sapiens					HG02886	female		Chromosome	2024-09-20	JAHAOU02	98
NA19338_hap1_hprc_f2	GCA_042035195.1		Homo sapiens					NA19338	female		Chromosome	2024-09-20	JBHDXT01	76
HG02155_hap2_hprc_f2	GCA_043304655.2		Homo sapiens					HG02155	female		Chromosome	2024-10-17	JBIECC01	81
HG01261_mat_hprc_rel2	GCA_041899995.2		Homo sapiens					HG01261	male		Chromosome	2024-09-11	JBHDVH01	83
HG00232_hap2_hprc_f2	GCA_042077745.2		Homo sapiens					HG00232	female		Chromosome	2024-09-20	JBHIKN01	64
HG02735_pat_hprc_f2	GCA_042076445.1		Homo sapiens					HG02735	male		Chromosome	2024-09-20	JBHIII01	110
NA18976_hap2_hprc_f2	GCA_042077165.2		Homo sapiens					NA18976	female		Chromosome	2024-09-20	JBHIJP01	87
NA20809_hap2_hprc_f2	GCA_044166615.2		Homo sapiens					NA20809	male		Chromosome	2024-10-31	JBIREA01	103
HG00741_haplotype2_hprc_rel2_verkko2_supp	GCA_056667995.1		Homo sapiens					HG00741	female		Chromosome	2026-04-10	JBVTWO01	200
HG03453_haplotype1_hprc_rel2_verkko2_supp	GCA_056750235.1		Homo sapiens					HG03453	female		Chromosome	2026-04-16	JBVUMK01	115
NA18952_hap2_hprc_f2	GCA_042077325.2		Homo sapiens					NA18952	male		Chromosome	2024-09-20	JBHIJT01	71
HG03017_pat_hprc_f2	GCA_042038885.1		Homo sapiens					HG03017	male		Chromosome	2024-09-20	JBHIIE01	77
NA19384_hap1	GCA_056689425.1		Homo sapiens					NA19384	male		Chromosome	2026-04-13	DBNCOP01	1390
HG03369_hap1_hprc_f2	GCA_044165925.1		Homo sapiens					HG03369	female		Chromosome	2024-10-31	JBIREB01	66
HG03492_pat_hprc_f2	GCA_018505835.3		Homo sapiens					HG03492	male		Chromosome	2025-01-31	JAHEPI03	132
HG01786_hap1_hprc_f2	GCA_042076995.1		Homo sapiens					HG01786	female		Chromosome	2024-09-20	JBHIIW01	89
HG01252_pat_hprc_rel2_verkko2_supp	GCA_056667365.1		Homo sapiens					HG01252	male		Chromosome	2026-04-10	JBVTVN01	65
HG00423_haplotype1_hprc_rel2_verkko2_supp	GCA_056668695.1		Homo sapiens					HG00423	female		Chromosome	2026-04-10	JBVTXT01	53
HG03270_hap1_hprc_f2	GCA_042077695.1		Homo sapiens					HG03270	female		Chromosome	2024-09-20	JBHIKC01	87
HG00272_hap1_hprc_f2	GCA_044166515.1		Homo sapiens					HG00272	female		Chromosome	2024-10-31	JBIRDN01	74
HG00253_hap2_hprc_f2	GCA_044166835.2		Homo sapiens					HG00253	female		Chromosome	2024-10-31	JBIREK01	72
HG00735_pat_hprc_f2	GCA_018472715.2		Homo sapiens					HG00735	female		Chromosome	2024-09-20	JAHBCH02	82
NA19036_hap2	GCA_056689725.1		Homo sapiens					NA19036	female		Chromosome	2026-04-13	DBNCPG01	81
NA18620_haplotype1_hprc_rel2_verkko2_supp	GCA_056739585.1		Homo sapiens					NA18620	male		Chromosome	2026-04-15	JBVUJO01	61
HG03248_hap1	GCA_056690475.1		Homo sapiens					HG03248	male		Chromosome	2026-04-13	DBNCQF01	638
HG02018_hap2	GCA_056690975.1		Homo sapiens					HG02018	female		Chromosome	2026-04-13	DBNCRG01	57
NA19159_haplotype1_hprc_rel2_verkko2_supp	GCA_056739975.1		Homo sapiens					NA19159	female		Chromosome	2026-04-15	JBVUKG01	96
HG00642_pat_hprc_f2	GCA_042028805.1		Homo sapiens					HG00642	male		Chromosome	2024-09-19	JBHDST01	69
HG02258_mat_hprc_rel2	GCA_041900135.2		Homo sapiens					HG02258	male		Chromosome	2024-09-11	JBHDUZ01	62
HG00658_pat_hprc_rel2_verkko2_supp	GCA_056668235.1		Homo sapiens					HG00658	male		Chromosome	2026-04-10	JBVTWZ01	141
NA18952_hap1_hprc_f2	GCA_042077595.1		Homo sapiens					NA18952	male		Chromosome	2024-09-20	JBHIJS01	102
HG01346_mat_hprc_f2	GCA_042028165.2		Homo sapiens					HG01346	female		Chromosome	2024-09-19	JBHDSS01	80
HG02148_mat_hprc_f2	GCA_018471535.3		Homo sapiens					HG02148	female		Chromosome	2024-09-20	JAHAMF02	70
HG03942_mat_hprc_f2	GCA_042036275.2		Homo sapiens					HG03942	male		Chromosome	2024-09-20	JBHIGT01	102
HG02040_hap2_hprc_f2	GCA_042031805.2		Homo sapiens					HG02040	male		Chromosome	2024-09-19	JBHDWT01	67
HG01109_mat_hprc_rel2_verkko2_supp	GCA_056667815.1		Homo sapiens					HG01109	female		Chromosome	2026-04-10	JBVTWC01	286
HG02738_mat_hprc_rel2_verkko2_supp	GCA_056716775.1		Homo sapiens					HG02738	male		Chromosome	2026-04-14	JBVUFP01	56
HG03540_haplotype1_hprc_rel2_verkko2_supp	GCA_056749995.1		Homo sapiens					HG03540	female		Chromosome	2026-04-16	JBVUME01	144
HG02129_pat_hprc_rel2	GCA_041899985.1		Homo sapiens					HG02129	male		Chromosome	2024-09-11	JBHDVA01	106
HG02074_pat_hprc_f2	GCA_042036445.1		Homo sapiens					HG02074	male		Chromosome	2024-09-20	JBHIGK01	141
HG03239_haplotype1_hprc_rel2_verkko2_supp	GCA_056749695.1		Homo sapiens					HG03239	female		Chromosome	2026-04-16	JBVULS01	63
HG03874_haplotype1_hprc_rel2_verkko2_supp	GCA_056738515.1		Homo sapiens					HG03874	female		Chromosome	2026-04-15	JBVUHS01	69
HG01243_pat_hprc_f2	GCA_018504045.2		Homo sapiens					HG01243	male		Chromosome	2024-12-11	JAHEOY02	94
HG00673_pat_hprc_f2	GCA_018472585.2		Homo sapiens					HG00673	male		Chromosome	2024-09-20	JAHBBZ02	89
HG005_pat_hprc_f2	GCA_018506945.2		Homo sapiens					NA24631	male		Chromosome	2024-12-13	JAHEPO02	110
NA18534_hap1	GCA_056689865.1		Homo sapiens					NA18534	male		Chromosome	2026-04-13	DBNCPL01	626
NA21106_haplotype2_hprc_rel2_verkko2_supp	GCA_056748665.1		Homo sapiens					NA21106	female		Chromosome	2026-04-16	JBVULF01	42
HG03942_mat_hprc_rel2_verkko2_supp	GCA_056738855.1		Homo sapiens					HG03942	male		Chromosome	2026-04-15	JBVUIJ01	98
HG00126_hap2_hprc_f2	GCA_042077875.2		Homo sapiens					HG00126	male		Chromosome	2024-09-20	JBHIKV01	63
HG02615_pat_hprc_f2	GCA_042029935.1		Homo sapiens					HG02615	female		Chromosome	2024-09-19	JBHDSZ01	72
HG00558_mat_hprc_f2	GCA_042036935.2		Homo sapiens					HG00558	female		Chromosome	2024-09-20	JBHIHD01	69
HG01243_mat_hprc_f2	GCA_018504375.3		Homo sapiens					HG01243	male		Chromosome	2024-12-11	JAHEOX02	92
HG01261_pat_hprc_rel2	GCA_041900235.1		Homo sapiens					HG01261	male		Chromosome	2024-09-11	JBHDVG01	82
HG03456_hap2	GCA_056690195.1		Homo sapiens					HG03456	female		Chromosome	2026-04-13	DBNCQA01	222
HG01943_mat_hprc_f2	GCA_042076535.2		Homo sapiens					HG01943	male		Chromosome	2024-09-20	JBHIIL01	126
NA12329_hap1	GCA_056691335.1		Homo sapiens					NA12329	female		Chromosome	2026-04-13	DBNCSP01	420
HG01934_haplotype1_hprc_rel2_verkko2_supp	GCA_056698055.1		Homo sapiens					HG01934	male		Chromosome	2026-04-13	JBVUDK01	35
HG01123_haplotype1_hprc_rel2_verkko2_supp	GCA_056667745.1		Homo sapiens					HG01123	female		Chromosome	2026-04-10	JBVTVZ01	91
HG00423_mat_hprc_f2	GCA_042076545.2		Homo sapiens					HG00423	female		Chromosome	2024-09-20	JBHIIP01	74
NA18612_hap1_hprc_f2	GCA_046000045.1		Homo sapiens					NA18612	male		Chromosome	2024-12-11	JBJUVU01	101
HG03540_pat_hprc_f2	GCA_018473315.2		Homo sapiens					HG03540	female		Chromosome	2024-09-20	JAGYVY02	130
HG01106_pat_hprc_f2	GCA_018471075.2		Homo sapiens					HG01106	male		Chromosome	2024-09-20	JAHAMC02	80
HG01114_hap1	GCA_056691255.1		Homo sapiens					HG01114	female		Chromosome	2026-04-13	DBNCRT01	794
HG02109_mat_hprc_f2	GCA_018505825.3		Homo sapiens					HG02109	female		Chromosome	2024-10-17	JAHEPF02	73
HG01358_mat_hprc_f2	GCA_018469865.3		Homo sapiens					HG01358	male		Chromosome	2024-09-20	JAGYZA02	80
HG02083_pat_hprc_f2	GCA_042030135.1		Homo sapiens					HG02083	male		Chromosome	2024-09-19	JBHDTV01	75
NA24385_hap1	GCA_056689005.1		Homo sapiens					HG002	male		Chromosome	2026-04-13	DBNCNV01	1789
HG00738_mat_hprc_f2	GCA_042028935.2		Homo sapiens					HG00738	male		Chromosome	2024-09-19	JBHDSY01	87
NA18534_hap2	GCA_056689845.1		Homo sapiens					NA18534	male		Chromosome	2026-04-13	DBNCPM01	122
HG01123_pat_hprc_f2	GCA_018469695.2		Homo sapiens					HG01123	female		Chromosome	2024-09-20	JAGYYZ02	79
HG03486_pat_hprc_f2	GCA_018503245.2		Homo sapiens					HG03486	female		Chromosome	2024-10-17	JAHEOQ02	124
NA19238_hap1	GCA_056689665.1		Homo sapiens					NA19238	female		Chromosome	2026-04-13	DBNCPB01	1164
HG02148_haplotype1_hprc_rel2_verkko2_supp	GCA_056696675.1		Homo sapiens					HG02148	female		Chromosome	2026-04-13	JBVUAX01	114
HG00735_haplotype1_hprc_rel2_verkko2_supp	GCA_056668125.1		Homo sapiens					HG00735	female		Chromosome	2026-04-10	JBVTWR01	196
NA19043_hap1_hprc_f2	GCA_042031205.1		Homo sapiens					NA19043	male		Chromosome	2024-09-19	JBHDVS01	74
HG03248_hap2	GCA_056690415.1		Homo sapiens					HG03248	male		Chromosome	2026-04-13	DBNCQG01	61
HG02273_hap1_hprc_f2	GCA_042031155.1		Homo sapiens					HG02273	female		Chromosome	2024-09-19	JBHDVQ01	84
NA18976_hap1_hprc_f2	GCA_042077505.1		Homo sapiens					NA18976	female		Chromosome	2024-09-20	JBHIJO01	96
HG00232_hap1_hprc_f2	GCA_042077985.1		Homo sapiens					HG00232	female		Chromosome	2024-09-20	JBHIKM01	69
NA18565_hap1_hprc_f2	GCA_044166395.1		Homo sapiens					NA18565	female		Chromosome	2024-10-31	JBIRDX01	86
HG02004_mat_hprc_f2	GCA_042027105.2		Homo sapiens					HG02004	female		Chromosome	2024-09-19	JBHDRU01	99
HG01109_mat_hprc_f2	GCA_018504365.3		Homo sapiens					HG01109	female		Chromosome	2024-10-17	JAHEOZ02	120
HG00290_hap1_hprc_f2	GCA_042077965.1		Homo sapiens					HG00290	male		Chromosome	2024-09-20	JBHIKK01	71
HG01975_pat_hprc_f2	GCA_046000135.1		Homo sapiens					HG01975	female		Chromosome	2024-12-11	JBJUVS01	88
HG02976_hap2_hprc_f2	GCA_042030695.2		Homo sapiens					HG02976	female		Chromosome	2024-09-19	JBHDVX01	93
HG02451_pat_hprc_f2	GCA_042027135.1		Homo sapiens					HG02451	female		Chromosome	2024-09-19	JBHDRJ01	95
HG00741_pat_hprc_f2	GCA_018471105.2		Homo sapiens					HG00741	female		Chromosome	2024-09-20	JAHALY02	80
NA18971_hap1_hprc_f2	GCA_042032395.1		Homo sapiens					NA18971	male		Chromosome	2024-09-19	JBHDWK01	127
HG00673_haplotype1_hprc_rel2_verkko2_supp	GCA_056668245.1		Homo sapiens					HG00673	male		Chromosome	2026-04-10	JBVTWX01	125
HG00423_haplotype2_hprc_rel2_verkko2_supp	GCA_056668665.1		Homo sapiens					HG00423	female		Chromosome	2026-04-10	JBVTXU01	49
HG01505_hap1	GCA_056691135.1		Homo sapiens					HG01505	male		Chromosome	2026-04-13	DBNCRN01	843
ASM4633249v1	GCA_046332495.1		Homo sapiens					NA18940	male		Chromosome	2024-12-27	JBKACL01	24
NA20752_hap2_hprc_f2	GCA_045999885.2		Homo sapiens					NA20752	male		Chromosome	2024-12-11	JBJUVR01	88
HG03942_pat_hprc_f2	GCA_042036505.1		Homo sapiens					HG03942	male		Chromosome	2024-09-20	JBHIGS01	96
HG03688_pat_hprc_f2	GCA_042030025.1		Homo sapiens					HG03688	male		Chromosome	2024-09-19	JBHDTJ01	88
HG00733_mat_hprc_f2	GCA_018506975.3		Homo sapiens					HG00733	female		Chromosome	2024-12-11	JAHEPP02	97
HG00733_hap1	GCA_056691405.1		Homo sapiens					HG00733	female		Chromosome	2026-04-13	DBNCRX01	1273
HG03654_haplotype2_hprc_rel2_verkko2_supp	GCA_056717605.1		Homo sapiens					HG03654	male		Chromosome	2026-04-14	JBVUHF01	65
HG00512_haplotype2_hprc-hgsvc_rel2_verkko2_supp	GCA_057056895.1		Homo sapiens					HG00512	male		Chromosome	2026-04-29	JBWQHM01	107
HG02135_mat_hprc_f2	GCA_042036245.2		Homo sapiens					HG02135	male		Chromosome	2024-09-20	JBHIGN01	100
HG02027_pat_hprc_rel2_verkko2_supp	GCA_056751545.1		Homo sapiens					HG02027	male		Chromosome	2026-04-16	JBVUMS01	603
HG02735_mat_hprc_f2	GCA_042076555.2		Homo sapiens					HG02735	male		Chromosome	2024-09-20	JBHIIJ01	108
HG03369_hap2_hprc_f2	GCA_044166625.2		Homo sapiens					HG03369	female		Chromosome	2024-10-31	JBIREC01	70
HG00514_hap2	GCA_056691515.1		Homo sapiens					HG00514			Chromosome	2026-04-13	DBNCSC01	75
HG00329_hap1_hprc_f2	GCA_044166575.1		Homo sapiens					HG00329	male		Chromosome	2024-10-31	JBIRDP01	66
HG04199_haplotype1_hprc_rel2_verkko2_supp	GCA_056739055.1		Homo sapiens					HG04199	male		Chromosome	2026-04-15	JBVUIQ01	76
NA19983_hap1	GCA_056689215.1		Homo sapiens					NA19983	female		Chromosome	2026-04-13	DBNCOF01	619
ASM4633245v1	GCA_046332455.1		Homo sapiens					NA18940	male		Chromosome	2024-12-27	JBKACK01	23
HG02293_haplotype1_hprc_rel2_verkko2_supp	GCA_057079665.1		Homo sapiens					HG02293	female		Chromosome	2026-04-16	JBVUNA01	51
HG02602_pat_hprc_f2	GCA_046000095.1		Homo sapiens					HG02602	male		Chromosome	2024-12-11	JBJUVK01	100
HG02004_haplotype2_hprc_rel2_verkko2_supp	GCA_056697625.1		Homo sapiens					HG02004	female		Chromosome	2026-04-13	JBVUCR01	67
NA24385_hap2	GCA_056688995.1		Homo sapiens					HG002	male		Chromosome	2026-04-13	DBNCNW01	63
HG02841_pat_hprc_f2	GCA_045523135.1		Homo sapiens					HG02841	female		Chromosome	2024-12-02	JBJKOG01	94
HG00642_mat_hprc_f2	GCA_042028155.2		Homo sapiens					HG00642	male		Chromosome	2024-09-19	JBHDSU01	71
NA12329_hap2	GCA_056691305.1		Homo sapiens					NA12329	female		Chromosome	2026-04-13	DBNCSQ01	42
HG01969_haplotype2_hprc_rel2_verkko2_supp	GCA_056697835.1		Homo sapiens					HG01969	female		Chromosome	2026-04-13	JBVUDB01	158
HG02027_mat_hprc_f2	GCA_042030185.2		Homo sapiens					HG02027	male		Chromosome	2024-09-19	JBHDTY01	83
HG00408_mat_hprc_rel2	GCA_041900245.2		Homo sapiens					HG00408	female		Chromosome	2024-09-11	JBHDVL01	71
HG03831_mat_hprc_f2	GCA_042028025.2		Homo sapiens					HG03831	female		Chromosome	2024-09-19	JBHDSO01	116
HG02132_mat_hprc_f2	GCA_042029645.2		Homo sapiens					HG02132	male		Chromosome	2024-09-19	JBHDTS01	79
NA19468_haplotype2_hprc_rel2_verkko2_supp	GCA_056740255.1		Homo sapiens					NA19468	female		Chromosome	2026-04-15	JBVUKT01	57
HG01884_mat_hprc_f2	GCA_042027665.2		Homo sapiens					HG01884	female		Chromosome	2024-09-19	JBHDSC01	82
HG00513_hap2	GCA_056691555.1		Homo sapiens					HG00513	female		Chromosome	2026-04-13	DBNCSE01	70
HG02647_pat_hprc_f2	GCA_042028775.1		Homo sapiens					HG02647	male		Chromosome	2024-09-19	JBHDSP01	127
HG01071_mat_hprc_f2	GCA_018472685.3		Homo sapiens					HG01071	female		Chromosome	2024-09-20	JAHBCE02	75
HG03834_pat_hprc_rel2	GCA_041899965.1		Homo sapiens					HG03834	female		Chromosome	2024-09-11	JBHDUW01	87
NA19650_hap1	GCA_056689335.1		Homo sapiens					NA19650	male		Chromosome	2026-04-13	DBNCOL01	538
HG00350_hap2_hprc_f2	GCA_044167285.2		Homo sapiens					HG00350	female		Chromosome	2024-10-31	JBIREM01	72
HG02486_pat_hprc_f2	GCA_018467005.2		Homo sapiens					HG02486	male		Chromosome	2024-09-20	JAGYVM02	59
NA18879_hap2_hprc_f2	GCA_045999895.2		Homo sapiens					NA18879	male		Chromosome	2024-12-11	JBJUVN01	86
NA20282_hap2_hprc_f2	GCA_044166065.2		Homo sapiens					NA20282	female		Chromosome	2024-10-31	JBIRDU01	66
HG04204_mat_hprc_f2	GCA_042036425.2		Homo sapiens					HG04204	male		Chromosome	2024-09-20	JBHIGZ01	101
NA19391_hap1_hprc_f2	GCA_042035185.1		Homo sapiens					NA19391	female		Chromosome	2024-09-20	JBHDXV01	94
HG04160_mat_hprc_f2	GCA_042036395.2		Homo sapiens					HG04160	male		Chromosome	2024-09-20	JBHIGX01	77
NA20809_haplotype2_hprc_rel2_verkko2_supp	GCA_056748055.1		Homo sapiens					NA20809	male		Chromosome	2026-04-16	JBVUKV01	65
HG01978_pat_hprc_f2	GCA_018472865.2		Homo sapiens					HG01978	female		Chromosome	2024-09-20	JAGYVR02	97
HG03540_mat_hprc_f2	GCA_018473295.3		Homo sapiens					HG03540	female		Chromosome	2024-09-20	JAGYVX02	99
NA18971_hap2_hprc_f2	GCA_042031415.2		Homo sapiens					NA18971	male		Chromosome	2024-09-19	JBHDWL01	92
HG02723_pat_hprc_f2	GCA_018504075.2		Homo sapiens					HG02723	female		Chromosome	2024-10-17	JAHEOU02	80
HG04157_pat_hprc_f2	GCA_042036535.1		Homo sapiens					HG04157	male		Chromosome	2024-09-20	JBHIGU01	130
HG01943_pat_hprc_f2	GCA_042076525.1		Homo sapiens					HG01943	male		Chromosome	2024-09-20	JBHIIK01	117
NA19443_haplotype1_hprc_rel2_verkko2_supp	GCA_056739835.1		Homo sapiens					NA19443	male		Chromosome	2026-04-15	JBVUKA01	63
HG02622_mat_hprc_f2	GCA_018469875.3		Homo sapiens					HG02622	female		Chromosome	2024-09-20	JAHAON02	112
NA18505_haplotype1_hprc_rel2_verkko2_supp	GCA_056739355.1		Homo sapiens					NA18505	female		Chromosome	2026-04-15	JBVUJE01	227
NA20809_hap1_hprc_f2	GCA_044166435.1		Homo sapiens					NA20809	male		Chromosome	2024-10-31	JBIRDZ01	102
HG01943_haplotype2_hprc_rel2_verkko2_supp	GCA_056697945.1		Homo sapiens					HG01943	male		Chromosome	2026-04-13	JBVUDH01	92
HG02280_pat_hprc_f2	GCA_042027485.1		Homo sapiens					HG02280	female		Chromosome	2024-09-19	JBHDRR01	87
HG00344_hap2_hprc_f2	GCA_044166845.2		Homo sapiens					HG00344	female		Chromosome	2024-10-31	JBIREO01	68
HG04217_hap2	GCA_056689885.1		Homo sapiens					HG04217	female		Chromosome	2026-04-13	DBNCPO01	89
HG02572_mat_hprc_f2	GCA_018470445.3		Homo sapiens					HG02572	male		Chromosome	2024-09-20	JAHAOV02	80
HG01457_hap2	GCA_056691155.1		Homo sapiens					HG01457	male		Chromosome	2026-04-13	DBNCRQ01	63
HG03742_hap1_hprc_f2	GCA_042034325.1		Homo sapiens					HG03742	male		Chromosome	2024-09-20	JBHDXL01	93
HG02080_haplotype2_hprc_rel2_verkko2_supp	GCA_056750875.1		Homo sapiens					HG02080	female		Chromosome	2026-04-16	JBVUNF01	130
HG02015_haplotype2_hprc_rel2_verkko2_supp	GCA_056751655.1		Homo sapiens					HG02015	male		Chromosome	2026-04-16	JBVUMV01	57
HG04115_pat_hprc_f2	GCA_042029955.1		Homo sapiens					HG04115	male		Chromosome	2024-09-19	JBHDTF01	106
HG01352_hap2	GCA_056691195.1		Homo sapiens					HG01352	female		Chromosome	2026-04-13	DBNCRS01	47
HG02717_pat_hprc_f2	GCA_018470425.2		Homo sapiens					HG02717	male		Chromosome	2024-09-20	JAHAOS02	86
NA20905_hap1_hprc_f2	GCA_042032625.1		Homo sapiens					NA20905	male		Chromosome	2024-09-19	JBHDWY01	89
HG03130_hap2_hprc_f2	GCA_042031485.2		Homo sapiens					HG03130	male		Chromosome	2024-09-19	JBHDWJ01	98
HG02178_hap1_hprc_f2	GCA_042077705.1		Homo sapiens					HG02178	female		Chromosome	2024-09-20	JBHIKG01	63
HG00408_pat_hprc_rel2	GCA_041900255.1		Homo sapiens					HG00408	female		Chromosome	2024-09-11	JBHDVK01	112
HG03831_pat_hprc_f2	GCA_042028725.1		Homo sapiens					HG03831	female		Chromosome	2024-09-19	JBHDSN01	82
HG02841_mat_hprc_f2	GCA_045524615.2		Homo sapiens					HG02841	female		Chromosome	2024-12-02	JBJKOH01	92
HG02055_mat_hprc_f2	GCA_018506125.3		Homo sapiens					HG02055	female		Chromosome	2024-10-17	JAHEPJ02	97
HG03453_pat_hprc_f2	GCA_018473305.2		Homo sapiens					HG03453	female		Chromosome	2024-09-20	JAGYVW02	132
HG00735_mat_hprc_f2	GCA_018472765.4		Homo sapiens					HG00735	female		Chromosome	2024-10-11	JAHBCG03	83
HG01192_mat_hprc_rel2	GCA_041900275.2		Homo sapiens					HG01192	male		Chromosome	2024-09-11	JBHDVJ01	68
HG02300_pat_hprc_f2	GCA_042028475.1		Homo sapiens					HG02300	female		Chromosome	2024-09-19	JBHDSD01	113
HG02587_hap1	GCA_056690745.1		Homo sapiens					HG02587	female		Chromosome	2026-04-13	DBNCQT01	726
HG00658_pat_hprc_f2	GCA_042037975.1		Homo sapiens					HG00658	male		Chromosome	2024-09-20	JBHIHU01	127
HG03732_hap1	GCA_056690085.1		Homo sapiens					HG03732	male		Chromosome	2026-04-13	DBNCPT01	668
HG01261_haplotype1_hprc_rel2_verkko2_supp	GCA_056700065.1		Homo sapiens					HG01261	male		Chromosome	2026-04-13	JBVUEI01	78
HG03492_mat_hprc_f2	GCA_018505845.3		Homo sapiens					HG03492	male		Chromosome	2025-08-06	JAHEPH03	75
HG02587_hap2	GCA_056690735.1		Homo sapiens					HG02587	female		Chromosome	2026-04-13	DBNCQU01	65
HG01596_hap1	GCA_056691795.1		Homo sapiens					HG01596	male		Chromosome	2026-04-13	DBNCRL01	771
HG00253_haplotype1_hprc_rel2_verkko2_supp	GCA_056669175.1		Homo sapiens					HG00253	female		Chromosome	2026-04-10	JBVTYP01	42
NA18505_hap2_hprc_f2	GCA_042077345.2		Homo sapiens					NA18505	female		Chromosome	2024-09-20	JBHIJZ01	71
HG03098_mat_hprc_f2	GCA_018506165.3		Homo sapiens					HG03098	female		Chromosome	2024-10-17	JAHEPL02	102
HG03471_haplotype1_hprc_rel2_verkko2_supp	GCA_056717395.1		Homo sapiens					HG03471	male		Chromosome	2026-04-14	JBVUGS01	76
HG02145_pat_hprc_f2	GCA_018852595.2		Homo sapiens					HG02145	male		Chromosome	2024-12-11	JAHKSG02	152
HG03471_hap1_hprc_f2	GCA_042034215.1		Homo sapiens					HG03471	male		Chromosome	2024-09-20	JBHDXD01	129
HG03688_mat_hprc_f2	GCA_042029545.2		Homo sapiens					HG03688	male		Chromosome	2024-09-19	JBHDTK01	96
HG00673_mat_hprc_f2	GCA_018472565.3		Homo sapiens					HG00673	male		Chromosome	2024-09-20	JAHBBY02	61
HG02015_pat_hprc_rel2	GCA_041900165.1		Homo sapiens					HG02015	male		Chromosome	2024-09-11	JBHDVE01	172
HG04228_pat_hprc_f2	GCA_042036925.1		Homo sapiens					HG04228	male		Chromosome	2024-09-20	JBHIHA01	93
HG04115_pat_hprc_rel2_verkko2_supp	GCA_056738915.1		Homo sapiens					HG04115	male		Chromosome	2026-04-15	JBVUIG01	135
NA19240_pat_hprc_f2	GCA_018503265.2		Homo sapiens					NA19240	female		Chromosome	2024-12-11	JAHEOM02	64
HG01943_haplotype1_hprc_rel2_verkko2_supp	GCA_056697975.1		Homo sapiens					HG01943	male		Chromosome	2026-04-13	JBVUDG01	68
HG02392_hap2_hprc_f2	GCA_046043145.2		Homo sapiens					HG02392	male		Chromosome	2024-12-12	JBHIKF01	88
NA20509_hap1	GCA_056689105.1		Homo sapiens					NA20509	male		Chromosome	2026-04-13	DBNCOB01	762
HG02273_hap2_hprc_f2	GCA_042030225.2		Homo sapiens					HG02273	female		Chromosome	2024-09-19	JBHDVR01	89
HG02300_mat_hprc_f2	GCA_042027635.2		Homo sapiens					HG02300	female		Chromosome	2024-09-19	JBHDSE01	101
HG02258_pat_hprc_rel2	GCA_041899975.1		Homo sapiens					HG02258	male		Chromosome	2024-09-11	JBHDUY01	73
HG04228_haplotype1_hprc_rel2_verkko2_supp	GCA_056738935.1		Homo sapiens					HG04228	male		Chromosome	2026-04-15	JBVUIM01	50
NA21093_hap1_hprc_f2	GCA_042077025.1		Homo sapiens					NA21093	male		Chromosome	2024-09-20	JBHIJC01	99
HG01109_pat_hprc_f2	GCA_018504645.2		Homo sapiens					HG01109	female		Chromosome	2024-10-17	JAHEPA02	119
HG00639_mat_hprc_f2	GCA_042037155.2		Homo sapiens					HG00639	female		Chromosome	2024-09-20	JBHIHF01	79
HG01106_mat_hprc_rel2_verkko2_supp	GCA_056667835.1		Homo sapiens					HG01106	male		Chromosome	2026-04-10	JBVTWE01	121
HG03098_pat_hprc_f2	GCA_018506155.2		Homo sapiens					HG03098	female		Chromosome	2024-10-17	JAHEPM02	112
HG02056_pat_hprc_rel2	GCA_041900085.1		Homo sapiens					HG02056	male		Chromosome	2024-09-11	JBHDVC01	89
HG02109_pat_hprc_f2	GCA_018505865.2		Homo sapiens					HG02109	female		Chromosome	2024-10-17	JAHEPG02	109
NA18906_pat_hprc_f2	GCA_018503285.2		Homo sapiens					NA18906	female		Chromosome	2024-10-17	JAHEOO02	126
HG01457_hap1	GCA_056691165.1		Homo sapiens					HG01457	male		Chromosome	2026-04-13	DBNCRP01	660
HG03807_hap2	GCA_056690025.1		Homo sapiens					HG03807	female		Chromosome	2026-04-13	DBNCPS01	82
HG04204_pat_hprc_f2	GCA_042036795.1		Homo sapiens					HG04204	male		Chromosome	2024-09-20	JBHIGY01	121
NA21309_mat_hprc_f2	GCA_018504655.3		Homo sapiens					NA21309	female		Chromosome	2024-10-17	JAHEPB02	83
HG02055_pat_hprc_f2	GCA_018505855.2		Homo sapiens					HG02055	female		Chromosome	2024-10-17	JAHEPK02	106
NA19043_hap2_hprc_f2	GCA_042030595.2		Homo sapiens					NA19043	male		Chromosome	2024-09-19	JBHDVT01	77
NA18906_mat_hprc_f2	GCA_018503255.3		Homo sapiens					NA18906	female		Chromosome	2024-10-17	JAHEON02	96
NA20346_hap1_hprc_f2	GCA_044166545.1		Homo sapiens					NA20346	male		Chromosome	2024-10-31	JBIRDR01	100
NA18620_hap1_hprc_f2	GCA_042077615.1		Homo sapiens					NA18620	male		Chromosome	2024-09-20	JBHIJU01	159
HG00358_hap2	GCA_056691615.1		Homo sapiens					HG00358	male		Chromosome	2026-04-13	DBNCSI01	41
HG03927_haplotype2_hprc_rel2_verkko2_supp	GCA_056738955.1		Homo sapiens					HG03927	female		Chromosome	2026-04-15	JBVUIL01	96
HG03654_mat_hprc_f2	GCA_042029535.2		Homo sapiens					HG03654	male		Chromosome	2024-09-19	JBHDTO01	100
HG00280_hap2_hprc_f2	GCA_042030605.2		Homo sapiens					HG00280	male		Chromosome	2024-09-19	JBHDWB01	78
ASM3717763v1	GCA_037177635.1		Homo sapiens					KSA001	female		Chromosome	2024-03-18	JAYKMB01	84
HG03683_hap1	GCA_056690125.1		Homo sapiens					HG03683	female		Chromosome	2026-04-13	DBNCPV01	434
HG02630_mat_hprc_f2	GCA_018469955.3		Homo sapiens					HG02630	female		Chromosome	2024-10-17	JAHAOP02	98
HG02630_pat_hprc_f2	GCA_018469945.2		Homo sapiens					HG02630	female		Chromosome	2024-10-17	JAHAOQ02	134
HG04204_haplotype1_hprc_rel2_verkko2_supp	GCA_056739005.1		Homo sapiens					HG04204	male		Chromosome	2026-04-15	JBVUIO01	89
HG01074_pat_hprc_f2	GCA_042037995.1		Homo sapiens					HG01074	male		Chromosome	2024-09-20	JBHIHW01	82
NA21093_hap2_hprc_f2	GCA_042076875.2		Homo sapiens					NA21093	male		Chromosome	2024-09-20	JBHIJD01	94
HG02015_haplotype1_hprc_rel2_verkko2_supp	GCA_056751535.1		Homo sapiens					HG02015	male		Chromosome	2026-04-16	JBVUMU01	145
HG00358_hap1	GCA_056691655.1		Homo sapiens					HG00358	male		Chromosome	2026-04-13	DBNCSH01	1126
HG03471_hap2_hprc_f2	GCA_042034105.2		Homo sapiens					HG03471	male		Chromosome	2024-09-20	JBHDXE01	105
NA19129_hap1	GCA_056689705.1		Homo sapiens					NA19129	female		Chromosome	2026-04-13	DBNCPD01	552
HG00621_pat_hprc_rel2_verkko2_supp	GCA_056668365.1		Homo sapiens					HG00621	male		Chromosome	2026-04-10	JBVTXF01	70
HG00268_hap1	GCA_056691685.1		Homo sapiens					HG00268	female		Chromosome	2026-04-13	DBNCSJ01	668
HG03732_hap2	GCA_056690065.1		Homo sapiens					HG03732	male		Chromosome	2026-04-13	DBNCPU01	105
HG02554_hap2	GCA_056690775.1		Homo sapiens					HG02554	male		Chromosome	2026-04-13	DBNCQW01	152
HG03520_hap1	GCA_056690165.1		Homo sapiens					HG03520	female		Chromosome	2026-04-13	DBNCPX01	746
NA20355_hap2	GCA_056689115.1		Homo sapiens					NA20355	female		Chromosome	2026-04-13	DBNCOE01	63
HG02135_pat_hprc_f2	GCA_042036495.1		Homo sapiens					HG02135	male		Chromosome	2024-09-20	JBHIGM01	175
HG01352_hap1	GCA_056691225.1		Homo sapiens					HG01352	female		Chromosome	2026-04-13	DBNCRR01	749
NA21487_hap2	GCA_056688985.1		Homo sapiens					NA21487	female		Chromosome	2026-04-13	DBNCNY01	65
NA20799_haplotype1_hprc_rel2_verkko2_supp	GCA_056738375.1		Homo sapiens					NA20799	female		Chromosome	2026-04-15	JBVUHK01	64
HG03583_hap2_hprc_f2	GCA_042077425.2		Homo sapiens					HG03583	female		Chromosome	2024-09-20	JBHIKB01	69
HG00096_hap1	GCA_056691775.1		Homo sapiens					HG00096	male		Chromosome	2026-04-13	DBNCSN01	628
HG02015_mat_hprc_rel2	GCA_041900105.2		Homo sapiens					HG02015	male		Chromosome	2024-09-11	JBHDVF01	100
NA20129_pat_hprc_f2	GCA_018504625.2		Homo sapiens					NA20129	female		Chromosome	2024-10-17	JAHEPE02	88
NA19240_mat_hprc_f2	GCA_018503275.3		Homo sapiens					NA19240	female		Chromosome	2024-12-11	JAHEOL02	64
HG02554_hap1	GCA_056690795.1		Homo sapiens					HG02554	male		Chromosome	2026-04-13	DBNCQV01	1118
HG01071_pat_hprc_f2	GCA_018472725.2		Homo sapiens					HG01071	female		Chromosome	2024-09-20	JAHBCF02	74
HG01891_pat_hprc_f2	GCA_018467165.2		Homo sapiens					HG01891	female		Chromosome	2024-09-20	JAGYVO02	104
NA19036_hap1	GCA_056689745.1		Homo sapiens					NA19036	female		Chromosome	2026-04-13	DBNCPF01	575
HG02886_mat_hprc_f2	GCA_018470455.3		Homo sapiens					HG02886	female		Chromosome	2024-09-20	JAHAOT02	111
HG04217_hap1	GCA_056689965.1		Homo sapiens					HG04217	female		Chromosome	2026-04-13	DBNCPN01	497
HG04157_mat_hprc_f2	GCA_042036305.2		Homo sapiens					HG04157	male		Chromosome	2024-09-20	JBHIGV01	96
HG03453_mat_hprc_f2	GCA_018472855.3		Homo sapiens					HG03453	female		Chromosome	2024-09-20	JAGYVV02	134
HG02953_hap1	GCA_056690595.1		Homo sapiens					HG02953	male		Chromosome	2026-04-13	DBNCQL01	1030
HG03486_mat_hprc_f2	GCA_018503525.3		Homo sapiens					HG03486	female		Chromosome	2024-10-17	JAHEOP02	114
NA19129_hap2	GCA_056689685.1		Homo sapiens					NA19129	female		Chromosome	2026-04-13	DBNCPE01	43
HG02492_hap1	GCA_056690835.1		Homo sapiens					HG02492	male		Chromosome	2026-04-13	DBNCQX01	863
NA20509_hap2	GCA_056689125.1		Homo sapiens					NA20509	male		Chromosome	2026-04-13	DBNCOC01	83
NA20355_hap1	GCA_056689185.1		Homo sapiens					NA20355	female		Chromosome	2026-04-13	DBNCOD01	670
NA21487_hap1	GCA_056689045.1		Homo sapiens					NA21487	female		Chromosome	2026-04-13	DBNCNX01	1185
HG02818_pat_hprc_f2	GCA_018503575.2		Homo sapiens					HG02818	female		Chromosome	2024-10-17	JAHEOS02	76
HG00171_hap2	GCA_056691715.1		Homo sapiens					HG00171	female		Chromosome	2026-04-13	DBNCSM01	56
HG01596_hap2	GCA_056691095.1		Homo sapiens					HG01596	male		Chromosome	2026-04-13	DBNCRM01	95
HG00171_hap1	GCA_056691735.1		Homo sapiens					HG00171	female		Chromosome	2026-04-13	DBNCSL01	512
HG00513_hap1	GCA_056691565.1		Homo sapiens					HG00513	female		Chromosome	2026-04-13	DBNCSD01	1118
NA20129_mat_hprc_f2	GCA_018504635.3		Homo sapiens					NA20129	female		Chromosome	2024-10-17	JAHEPD02	94
HG00732_hap2	GCA_056691435.1		Homo sapiens					HG00732	female		Chromosome	2026-04-13	DBNCSA01	149
HG00268_hap2	GCA_056691675.1		Homo sapiens					HG00268	female		Chromosome	2026-04-13	DBNCSK01	72
NA20847_hap1	GCA_056689065.1		Homo sapiens					NA20847	female		Chromosome	2026-04-13	DBNCNZ01	692
HG02282_hap1	GCA_056690875.1		Homo sapiens					HG02282	female		Chromosome	2026-04-13	DBNCQZ01	541
HG04036_hap1	GCA_056690005.1		Homo sapiens					HG04036	female		Chromosome	2026-04-13	DBNCPP01	1012
HG002.pat.cur.20211005	GCA_021950905.1		Homo sapiens					NA24385	male		Chromosome	2022-02-04	JAKCWS01	514
HG02018_hap1	GCA_056690995.1		Homo sapiens					HG02018	female		Chromosome	2026-04-13	DBNCRF01	3492
NA19836_hap2	GCA_056689245.1		Homo sapiens					NA19836	female		Chromosome	2026-04-13	DBNCOI01	73
NA18989_hap1	GCA_056689785.1		Homo sapiens					NA18989	male		Chromosome	2026-04-13	DBNCPH01	1215
HG02953_hap2	GCA_056690565.1		Homo sapiens					HG02953	male		Chromosome	2026-04-13	DBNCQM01	55
HG00732_hap1	GCA_056691455.1		Homo sapiens					HG00732	female		Chromosome	2026-04-13	DBNCRZ01	2140
UW_CHM1_v1.0	GCA_037575895.1		Homo sapiens					CHM1			Chromosome	2024-03-27	JASMMY01	477
NA20799_haplotype2_hprc_rel2_verkko2_supp	GCA_056738335.1		Homo sapiens					NA20799	female		Chromosome	2026-04-15	JBVUHL01	96
NA18989_hap2	GCA_056689765.1		Homo sapiens					NA18989	male		Chromosome	2026-04-13	DBNCPI01	82
HG02059_hap2	GCA_056690935.1		Homo sapiens					HG02059	female		Chromosome	2026-04-13	DBNCRE01	75
HG00864_hap1	GCA_056691285.1		Homo sapiens					HG00864	female		Chromosome	2026-04-13	DBNCRV01	692
HG00864_hap2	GCA_056691275.1		Homo sapiens					HG00864	female		Chromosome	2026-04-13	DBNCRW01	51
HG02282_hap2	GCA_056690855.1		Homo sapiens					HG02282	female		Chromosome	2026-04-13	DBNCRA01	140
NA19331_hap1	GCA_056689495.1		Homo sapiens					NA19331	male		Chromosome	2026-04-13	DBNCOT01	1107
HG00512_hap1	GCA_056691625.1		Homo sapiens					HG00512	male		Chromosome	2026-04-13	DBNCSF01	1177
NA21309_pat_hprc_f2	GCA_018504665.2		Homo sapiens					NA21309	female		Chromosome	2024-10-17	JAHEPC02	95
HG03452_hap2	GCA_056690225.1		Homo sapiens					HG03452	female		Chromosome	2026-04-13	DBNCQC01	186
HG00512_hap2	GCA_056691595.1		Homo sapiens					HG00512	male		Chromosome	2026-04-13	DBNCSG01	119
HG03452_hap1	GCA_056690235.1		Homo sapiens					HG03452	female		Chromosome	2026-04-13	DBNCQB01	1263
HG02059_hap1	GCA_056690955.1		Homo sapiens					HG02059	female		Chromosome	2026-04-13	DBNCRD01	795
NA19836_hap1	GCA_056689265.1		Homo sapiens					NA19836	female		Chromosome	2026-04-13	DBNCOH01	917
NA19331_hap2	GCA_056689485.1		Homo sapiens					NA19331	male		Chromosome	2026-04-13	DBNCOU01	110
HG02818_mat_hprc_f2	GCA_018503585.3		Homo sapiens					HG02818	female		Chromosome	2024-10-17	JAHEOR02	111
NA20847_hap2	GCA_056689055.1		Homo sapiens					NA20847	female		Chromosome	2026-04-13	DBNCOA01	76
HG002.mat.cur.20211005	GCA_021951015.1		Homo sapiens					NA24385	male		Chromosome	2022-02-04	JAKCWR01	355
HG02818_hap1	GCA_056690635.1		Homo sapiens					HG02818	female		Chromosome	2026-04-13	DBNCQN01	1101
HG01573_hap2	GCA_056691355.1		Homo sapiens					HG01573	female		Chromosome	2026-04-13	DBNCSS01	80
HG02769_hap1	GCA_056690675.1		Homo sapiens					HG02769	female		Chromosome	2026-04-13	DBNCQP01	1158
HG02769_hap2	GCA_056690655.1		Homo sapiens					HG02769	female		Chromosome	2026-04-13	DBNCQQ01	169
HG02818_hap2	GCA_056690605.1		Homo sapiens					HG02818	female		Chromosome	2026-04-13	DBNCQO01	129
HG02106_hap1	GCA_056690915.1		Homo sapiens					HG02106	female		Chromosome	2026-04-13	DBNCRB01	862
HG01573_hap1	GCA_056691365.1		Homo sapiens					HG01573	female		Chromosome	2026-04-13	DBNCSR01	934
NA19434_hap2	GCA_056689365.1		Homo sapiens					NA19434	female		Chromosome	2026-04-13	DBNCOO01	90
HG02106_hap2	GCA_056690895.1		Homo sapiens					HG02106	female		Chromosome	2026-04-13	DBNCRC01	60
NA19434_hap1	GCA_056689375.1		Homo sapiens					NA19434	female		Chromosome	2026-04-13	DBNCON01	515
NA18939_hap2	GCA_056689825.1		Homo sapiens					NA18939	female		Chromosome	2026-04-13	DBNCPK01	85
NA18939_hap1	GCA_056689805.1		Homo sapiens					NA18939	female		Chromosome	2026-04-13	DBNCPJ01	990
HG00514_prelim_3.0	GCA_002180035.3		Homo sapiens					HG00514	female		Chromosome	2018-05-22	NIOH01	2226
NA19240_prelim_3.0	GCA_001524155.4		Homo sapiens					NA19240	female		Chromosome	2017-07-19	LKPB02	1826
HG00733_Phased_Diploid	GCA_003634875.1		Homo sapiens					HG00733	female		Chromosome	2018-10-19	RBJD01	283
PGP1v1	GCA_020497115.1		Homo sapiens					PGP1	male		Chromosome	2021-10-14	JAHRGN01	3880
ASM1490585v1	GCA_014905855.1		Homo sapiens								Chromosome	2020-09-26		623
KOREF_S1v2.1	GCA_020497085.1		Homo sapiens					KOREF_S1	male		Chromosome	2021-10-14	JAHRJT01	2229
NA12878_prelim_3.0	GCA_002077035.3		Homo sapiens					NA12878	female		Chromosome	2018-02-09	NBMU01	2221
mHomSap3.pat	GCA_016700455.2		Homo sapiens					mHomSap3	male		Chromosome	2021-01-19	JACSEW01	994
mHomSap3.mat	GCA_016695395.2		Homo sapiens					mHomSap3	male		Chromosome	2021-01-19	JACSEX01	949
HC1-N	GCA_015476435.1		Homo sapiens					HCC1_normal	male		Chromosome	2020-11-16	JABWGK01	5272
ASM2283312v2	GCA_022833125.2		Homo sapiens							Annotation submitted by Celera Genomics	Chromosome	2005-09-08	AADB02	378343
HS1011_v1.1	GCA_001292825.2		Homo sapiens					CMT-001	male		Chromosome	2015-11-12	LIQK02	6553
HuRef diploid	GCA_000252825.1		Homo sapiens						male		Chromosome	2008-09-24	ABBA01	187643
HuRefPrime	GCA_000212995.1		Homo sapiens						male		Chromosome	2008-09-24	ABSL01	187643
KOREF1.0	GCA_001712695.1		Homo sapiens					KOREF	male		Chromosome	2016-09-20	LWKW01	68204
ASM5257556v1	GCA_052575565.1		Mus musculus		129S1/SvImJ				male		Chromosome	2025-09-12	JBPRBI01	37
ASM5257553v1	GCA_052575535.1		Mus musculus		C57BL/6J				male		Chromosome	2025-09-12	JBPRBH01	38
C57BL_6J_T2T_v1	GCA_964188535.1		Mus musculus		C57BL_6J						Chromosome	2024-06-23	CAXLPS01	237
ASM4397272v1	GCA_043972725.1		Mus musculus		C3H/HeNRj				male and female		Chromosome	2024-10-28	JBINZP01	113
FVB_NRj_v1	GCA_043792745.1		Mus musculus		FVB/NRj				male and female		Chromosome	2024-10-28	JBINZN01	781
DBA_2J_v3	GCA_921998315.2		Mus musculus								Chromosome	2022-07-01	CAKLHQ02	351
C57BL_6JRj_v1	GCA_043793115.1		Mus musculus		C57BL/6JRj				male and female		Chromosome	2024-10-28	JBINZO01	1150
NEI_Mmus_1.0	GCA_030265425.1		Mus musculus		B10.RIII				female		Chromosome	2023-06-13	JASNTV01	41
mMusMuc1.1	GCA_949316315.1		Mus musculus								Chromosome	2023-04-08	CASGGP01	178
NOD_SCID	GCA_031763685.1		Mus musculus		NOD/SCID				female		Chromosome	2023-09-22	JARLJY01	281
BALB_cJ_v3	GCA_921997145.2		Mus musculus								Chromosome	2022-07-01	CAKLHK02	209
NZO_HlLtJ_v3	GCA_947593165.1		Mus musculus								Chromosome	2022-12-18	CANQFN01	382
BALBC_Nude	GCA_031761455.1		Mus musculus		BALB/c Nude				female		Chromosome	2023-09-22	JARJHH01	1089
LP_J_v3	GCA_947599735.1		Mus musculus								Chromosome	2022-12-18	CANQGI01	427
A_J_v3	GCA_921998355.2		Mus musculus								Chromosome	2022-06-30	CAKLHP02	157
CBA_J_v3	GCA_921998905.2		Mus musculus								Chromosome	2022-06-30	CAKLHN02	142
C3H_HeJ_v3	GCA_921997125.2		Mus musculus								Chromosome	2022-07-01	CAKLHI02	170
C57BL_6NJ_v3	GCA_921999865.2		Mus musculus								Chromosome	2022-07-01	CAKLHV02	207
NOD_ShiLtJ_v3	GCA_921998325.2		Mus musculus								Chromosome	2022-07-01	CAKLHO02	167
129S1_SvImJ_v3	GCA_921998555.2		Mus musculus								Chromosome	2022-07-01	CAKLHM02	179
PWK_PhJ_v3	GCA_921998335.2		Mus musculus musculus								Chromosome	2022-07-01	CAKLHR02	207
JF1_MsJ_v3	GCA_921999095.2		Mus musculus molossinus								Chromosome	2022-07-01	CAKLHU02	1397
CAST_EiJ_T2T_v1	GCA_964188545.1		Mus musculus castaneus		CAST_EiJ						Chromosome	2024-06-23	CAXLPT01	338
SHRSP_T2T	GCA_021556685.2		Rattus norvegicus		SHRSP/BbbUtx				male		Chromosome	2026-05-20	JAKEKU02	192
LE Stm	GCA_058775275.1		Rattus norvegicus		LE/Stm			RGD_629485	male		Chromosome	2026-07-02	JBYFLJ01	1329
F344 StmMcwi	GCA_041222355.1		Rattus norvegicus		F344/Stm				male		Chromosome	2024-08-13	JBFMKR01	119
Lyon_Normot_Rat_Genome	GCA_045687995.1		Rattus norvegicus					RGD_10755354	male		Chromosome	2024-12-04	JBJKTU01	148
Dahl_SR_JrHsd	GCA_045688005.1		Rattus norvegicus					RGD_1582184	male		Chromosome	2024-12-04	JBJKTS01	136
Lyon_Hypertensive	GCA_045687965.1		Rattus norvegicus					RGD_10755352	male		Chromosome	2024-12-04	JBJKTT01	132
Genome assembly UTH_Rnor_WKY_Bbb_1.1	GCA_023515805.2		Rattus norvegicus		WKY/Bbb RGD_1581635				male		Chromosome	2024-08-16	JALPNS02	3510
UTH_Rnor_SHR_Utx_2.0	GCA_023515785.2		Rattus norvegicus		SHR/Utx RGD_8142385				male		Chromosome	2024-02-29	JALPNT02	2116
Dahl SS	GCA_058775205.1		Rattus norvegicus		Dahl SS/HsdMcwiCrl			RGD_2308886	male		Chromosome	2026-07-02	JBYFLI01	591
Sscrofa_HxYL_paternal_Hampshire_1.0	GCA_054392225.1		Sus scrofa					SSC_HxYL_T2T_F1_AM1	male		Chromosome	2026-01-07	JBSZGW01	23
norwegian_landrace	GCA_963921485.1		Sus scrofa								Chromosome	2024-01-11	CAWUFS01	53
CAU_GXLC	GCA_059440775.1		Sus scrofa	Luchuan pig				CAU_GXLC	male		Chromosome	2026-07-15	JBXWJN01	114
CAU_SXMS	GCA_059440605.1		Sus scrofa	Mashen pig				CAU_SXMS	female		Chromosome	2026-07-15	JBXWJM01	164
ASM5023112v1	GCA_050231125.1		Sus scrofa	Anqing Six-end-white pig				WZ-2025	male		Chromosome	2025-05-07	JBMNXD01	30
ASM3744751v1	GCA_037447515.1		Sus scrofa	Chenghua					male		Chromosome	2024-03-22	JAUPEB01	98
CAU_YNDN	GCA_059440095.1		Sus scrofa	Diannanxiaoer pig				CAU_YNDN	male		Chromosome	2026-07-15	JBXWJB01	126
CAU_HLJM	GCA_059440015.1		Sus scrofa	Min pig				CAU_HLJM	male		Chromosome	2026-07-15	JBXWIZ01	86
CAU_GZX	GCA_059439995.1		Sus scrofa	Xiang pig				CAU_GZX	female		Chromosome	2026-07-15	JBXWJA01	100
CAU_AHAQ	GCA_059440105.1		Sus scrofa	Anqing pig				CAU_AHAQ	female		Chromosome	2026-07-15	JBXWJD01	123
CAU_HBSX	GCA_059440525.1		Sus scrofa	Shenxian pig				CAU_HBSX	female		Chromosome	2026-07-15	JBXWJK01	182
NJ_2022_AUG	GCA_049999145.1		Sus scrofa	Neijiang pig				YW-2024	male		Chromosome	2025-04-29	JBFCZI01	60
CAU_FJPT	GCA_059469975.1		Sus scrofa	Putian pig				CAU_FJPT	male		Chromosome	2026-07-16	JBXWJI01	202
CAU_SDLW	GCA_059440595.1		Sus scrofa	Laiwu pig				CAU_SDLW	male		Chromosome	2026-07-15	JBXWJL01	110
CAU_HNWZS	GCA_059440315.1		Sus scrofa	Wuzhishan pig				CAU_HNWZS	female		Chromosome	2026-07-15	JBXWJJ01	130
CAU_CQRC	GCA_059488835.1		Sus scrofa	Rongchang pig				CAU_CQRC	female		Chromosome	2026-07-15	JBXWJC01	146
CAU_HNDWZ	GCA_059440175.1		Sus scrofa	Daweizi pig				CAU_HNDWZ	male		Chromosome	2026-07-15	JBXWJF01	86
CAU_GDDHB	GCA_059440285.1		Sus scrofa	Dahuabai pig				CAU_GDDHB	male		Chromosome	2026-07-15	JBXWJH01	167
CAU_HBQP	GCA_059440235.1		Sus scrofa	Qingping pig				CAU_HBQP	male		Chromosome	2026-07-15	JBXWJE01	101
ASM4086911v1	GCA_040869115.1		Sus scrofa	juema					male		Chromosome	2024-07-26	JASFZY01	124
CAU_HNNY	GCA_059440185.1		Sus scrofa	Nanyang pig				CAU_HNNY	male		Chromosome	2026-07-15	JBXWJG01	92
CAU_Yorkshire	GCA_059440005.1		Sus scrofa	Yorkshire				CAU_Yorkshire	male		Chromosome	2026-07-15	JBXWIY01	122
Banna	GCA_041937265.1		Sus scrofa	Banna miniature inbred pig				0028A3	male		Chromosome	2024-09-18	JBGNFW01	43
ASM5952598v1	GCA_059525985.1		Sus scrofa	Tibetan pig				JN-2026a	male		Chromosome	2026-07-20	JCAKFK01	90
ASM5544769v1	GCA_055447695.1		Sus scrofa	Kolbroek							Chromosome	2026-02-23	JBLUWV01	81
ASM4490618v1	GCA_044906185.1		Sus scrofa					HJB	male		Chromosome	2024-11-19	JAWMRP01	8508
ASM4490610v1	GCA_044906105.1		Sus scrofa	Large White					female		Chromosome	2024-11-19	JASHIA01	143
TPI_Babraham_pig_v1	GCA_031225015.1		Sus scrofa	Babraham				P18-11073	male		Chromosome	2023-09-08	JAVJHN01	1054
ASM2471841v1	GCA_024718415.1		Sus scrofa					no. 2702 (Donna)	female		Chromosome	2022-08-23	JAMXMM01	329
USMARCv1.0	GCA_002844635.1		Sus scrofa	Cross-bred				201423004	male		Chromosome	2017-12-20	NPJO01	14156
NCMD	GCA_031306245.1		Sus scrofa	Nanchukmacdon				F10-30	male		Chromosome	2023-09-14	JAVFKH01	1076
ASM3965481v1	GCA_039654815.1		Sus scrofa	Korean minipig				1702-0262-T	male		Chromosome	2024-05-17	JBCQFQ01	1042
Ninghe_Sus_1	GCA_015776825.1		Sus scrofa	Duroc				CAU-QG-20150412	male		Chromosome	2020-12-08	JACDOW01	70
ASM764409v1	GCA_007644095.1		Sus scrofa	Bama miniature					male		Chromosome	2019-08-01	SIDA01	6610
ICAR-NRCP-G1	GCA_046128825.1		Sus scrofa	Ghungroo				G1	female		Chromosome	2024-12-18	JBJXUT01	25393
ASM1795798v1	GCA_017957985.1		Sus scrofa domesticus	Meishan					female		Chromosome	2021-04-15	JABTCQ01	253
ASM2056790v1	GCA_020567905.1		Sus scrofa domesticus	Ningxiang					female		Chromosome	2021-10-26	JADCTU01	120
CAU_Huaizhu_1.1	GCA_041729645.1		Sus scrofa scrofa	Huai pig				CAU-Huaizhu-01	male		Chromosome	2024-09-05	JBGKAQ01	1364
UOA_Wagyu_1	GCA_040286185.1		Bos taurus	Wagyu				3DWFS0412	female		Chromosome	2024-06-25	JBEFCR01	401
ASM4388211v1	GCA_043882115.1		Bos taurus	Mongolian cattle				80415	male		Chromosome	2024-10-28	JBFSJU01	46
ASM4765221v1	GCA_047652215.1		Bos taurus	Tibetan					male		Chromosome	2025-02-11	JAMZRG01	59
UOA_Tuli_1	GCA_040285425.1		Bos taurus	Tuli				MAZUNGA	male		Chromosome	2024-06-25	JBEFCS01	878
NRF	GCA_963921495.1		Bos taurus								Chromosome	2024-06-26	CAWUFT01	715
NR2025_2P	GCA_977970235.1		Bos taurus								Chromosome	2025-12-20	CDWWTE01	1171
YB_JAAS	GCA_051122635.1		Bos taurus	Yanbian cattle					male		Chromosome	2025-06-27	JBPCCZ01	79
CRS_JAAS	GCA_059997585.1		Bos taurus	Chinese red steppe cattle				WF-2026a	male		Chromosome	2026-08-11	JCBPQG01	351
NR2025_3P	GCA_977927255.1		Bos taurus								Chromosome	2025-12-17	CDWRBM01	1172
seqoccin.Bt.char.v1.0	GCA_947034695.1		Bos taurus		mammals						Chromosome	2022-10-29	CAMQPY01	1391
NR2025_1P	GCA_977927265.1		Bos taurus								Chromosome	2025-12-17	CDWRBK01	610
NR2025_1M	GCA_977927225.1		Bos taurus								Chromosome	2025-12-17	CDWRBO01	568
NR2025_3M	GCA_977927285.1		Bos taurus								Chromosome	2025-12-17	CDWRBN01	723
NR2025_2M	GCA_977927245.1		Bos taurus								Chromosome	2025-12-17	CDWRBL01	626
SNU_Hanwoo_2.0	GCA_028973685.2		Bos taurus	Hanwoo				HWB-2050	male		Chromosome	2023-09-22	JARDUZ02	1598
ARS-LIC_NZ_Jersey	GCA_021234555.1		Bos taurus	Jersey				LICJ1	male		Chromosome	2021-12-20	JAJQWI01	228
ASM3988117v1	GCA_039881175.1		Bos taurus	Mongolian				NMG016	male		Chromosome	2024-05-29	JAMBMV01	391
YAU_Btau_1.0	GCA_034097375.1		Bos taurus	Yunling cattle				YAU-DSJ-ZCW-2023a	male		Chromosome	2023-12-05	JAWKDW01	826
ROSLIN_BTI_ANK1	GCA_905123885.1		Bos taurus								Chromosome	2022-02-18	CAJHOP01	7580
ROSLIN_BTT_NDA1	GCA_905123515.1		Bos taurus								Chromosome	2022-02-18	CAJHOO01	1209
ARS-LIC_NZ_Holstein-Friesian_1	GCA_021347905.1		Bos taurus	Holstein-Friesian				LICNZHF1	male		Chromosome	2022-01-11	JAJQWL01	2305
LK_Cfam_Beagle_1.1	GCA_044048985.1		Canis lupus familiaris	Beagle				D2023-6-2	female		Chromosome	2024-10-30	JBFSGE01	56
ASM4364393v1	GCA_043643935.1		Canis lupus familiaris	Whippet				TBG_BS_Lino_asm_v1	male		Chromosome	2024-10-24	JBEEQH01	147
CD.1	GCA_053572145.1		Canis lupus familiaris	Australian Cattle Dog				Sonar	female		Chromosome	2025-11-19	JBPXEH01	108
CD.2	GCA_053572105.1		Canis lupus familiaris	Australian Cattle Dog				Sonar	female		Chromosome	2025-11-19	JBPXEG01	101
NGSD.1	GCA_053569395.1		Canis lupus familiaris	New Guinea Singing Dog				Melody	female		Chromosome	2025-11-19	JBPXEF01	113
NGSD.2	GCA_053572085.1		Canis lupus familiaris	New Guinea Singing Dog				Melody	female		Chromosome	2025-11-19	JBPXEE01	119
TAMU_SiberianHusky	GCA_056151415.1		Canis lupus familiaris	Siberian Husky				Sorin	male		Chromosome	2026-03-19	JBUXEN01	177
ASMI_Cfam_JSB_1.0	GCA_059750645.1		Canis lupus familiaris	Japanese Shiba Inu					male		Chromosome	2026-08-03	JCASDR01	467
UNSW_CanFamBas_1.2	GCA_013276365.2		Canis lupus familiaris	Basenji				UNSW-BAS-2019	female		Chromosome	2021-02-23	JAAQRD02	631
CA611_1.0	GCA_031010295.1		Canis lupus familiaris	Cairn Terrier				CA611	male		Chromosome	2023-08-31	JARDRD01	141
ASM5712823v1	GCA_057128235.1		Canis lupus familiaris	Mixed breed				N25-0066	male		Chromosome	2026-04-30	JBNRNI01	1507
Dog10K_Boxer_Tasha	GCA_000002285.4	GCF_000002285.5	Canis lupus familiaris	boxer				Tasha	female		Chromosome	2020-10-06	AAEX04	146
Dog10K_Boxer_Tasha	GCF_000002285.5	GCA_000002285.4	Canis lupus familiaris	boxer				Tasha	female	NCBI Canis lupus familiaris Annotation Release 106	Chromosome	2020-10-06	AAEX04	146
BD_1.0	GCA_031010765.1		Canis lupus familiaris	Bernese Mountain Dog				BD	female		Chromosome	2023-08-31	JARDRF01	175
Yella_v2	GCA_031165255.1		Canis lupus familiaris	Labrador retriever					male		Chromosome	2023-09-07	DAOUOP01	675
ASM864105v3	GCA_008641055.3		Canis lupus familiaris	German Shepherd				Nala	female		Chromosome	2020-04-14	VSDE02	409
ROS_Cfam_1.0	GCA_014441545.1	GCF_014441545.1	Canis lupus familiaris	Labrador retriever				SID07034	male		Chromosome	2020-09-03	JAAUVH01	376
ROS_Cfam_1.0	GCF_014441545.1	GCA_014441545.1	Canis lupus familiaris	Labrador retriever				SID07034	male	NCBI Canis lupus familiaris Annotation Release 106	Chromosome	2020-09-03	JAAUVH01	376
OD_1.0	GCA_031010635.1		Canis lupus familiaris	Bernese Mountain Dog				OD	male		Chromosome	2023-08-31	JARDRE01	159
CC.1	GCA_053569475.1		Canis lupus familiaris	Chow Chow				Magic	female		Chromosome	2025-11-19	JBPXEL01	133
CC.2	GCA_053569455.1		Canis lupus familiaris	Chow Chow				Magic	female		Chromosome	2025-11-19	JBPXEK01	101
SH.2	GCA_053572125.1		Canis lupus familiaris	Siberian Husky				Dite	female		Chromosome	2025-11-19	JBPXEI01	252
SH.1	GCA_053569425.1		Canis lupus familiaris	Siberian Husky				Dite	female		Chromosome	2025-11-19	JBPXEJ01	191
Basenji_breed-1.1	GCA_004886185.2		Canis lupus familiaris	Basenji				MU ID 185726	male		Chromosome	2019-08-16	SDHF02	2243
Clu-1	GCA_034620435.1		Canis lupus					wolf_2809A	male		Chromosome	2023-12-27	JARVCP01	119
mCanLor1.2	GCA_905319855.2		Canis lupus								Chromosome	2021-03-26	CAJNRB02	81
GW.2	GCA_059341495.1		Canis lupus						male		Chromosome	2026-07-13	DBJLPC01	139
GW.1	GCA_059341535.1		Canis lupus						male		Chromosome	2026-07-13	DBJLPD01	139
ASM325472v2	GCA_003254725.2	GCF_003254725.2	Canis lupus dingo					Sandy	female		Chromosome	2020-09-11	QKWQ02	159
ASM325472v2	GCF_003254725.2	GCA_003254725.2	Canis lupus dingo					Sandy	female	NCBI Canis lupus dingo Annotation Release 102	Chromosome	2020-09-11	QKWQ02	159
UNSW_AlpineDingo_1.0	GCA_012295265.2		Canis lupus dingo				Alpine	COOINDA	female		Chromosome	2022-05-20	JAASLC01	477
mCanLup2.hap2	GCA_048164845.1		Canis lupus baileyi					mCanLup2	male		Chromosome	2025-02-27	JBLSAH01	155
MacMul_CN_1	GCA_036172295.1		Macaca mulatta				China	zj_CR2	female		Chromosome	2024-01-26	JAOXJV01	1412
rheMacS_1.0	GCA_008058575.1		Macaca mulatta					rheMacS_CGG.01	male		Chromosome	2019-08-22	VSDM01	1881
CR_1.0	GCA_000230795.1		Macaca mulatta					CR-5	female	Annotation submitted by Beijing Genomics Institute	Chromosome	2011-10-19	AEHK01	38224
ASM3343944v1	GCA_033439445.1		Ovis aries	East Friesian sheep				LY-2023	female		Chromosome	2023-11-09	JAWMPZ01	190
ASM2241691v1	GCA_022416915.1		Ovis aries	Polled Dorset sheep				DOR1	female		Chromosome	2022-03-10	JAKJQM01	1242
NWAFU_Friesian_1.0	GCA_018804185.1		Ovis aries	East Friesian				EastFriesian_391	male		Chromosome	2021-06-09	JAGTAQ01	937
ASM4054305v1	GCA_040543055.1		Ovis aries	Awassi					female		Chromosome	2024-07-08	JBDLWQ01	190
ASM2243283v1	GCA_022432835.1		Ovis aries	Kermani sheep				KER1	male		Chromosome	2022-03-10	JAKJQN01	1545
ASM2241675v1	GCA_022416755.1		Ovis aries	Ujimqin sheep				UJQ1	female		Chromosome	2022-03-10	JAKJQI01	1440
ASM2241668v1	GCA_022416685.1		Ovis aries	Qiaoke sheep				QK1	female		Chromosome	2022-03-10	JAKJQF01	1562
CAU_O.aries_1.0	GCA_017524585.1		Ovis aries	Tibetan sheep					female	Annotation submitted by China Agricultural University	Chromosome	2021-03-24	JAEMGP01	58
ASM2422226v1	GCA_024222265.1		Ovis aries	Waggir sheep				WAG1	female		Chromosome	2022-07-13	JAMHGE01	772
ASM2243284v1	GCA_022432845.1		Ovis aries	Kazak sheep				KAZ1	female		Chromosome	2022-03-10	JAKJQP01	1765
ASM1914517v1	GCA_019145175.1		Ovis aries	Dorper					male		Chromosome	2021-07-08	JAGTXJ01	60
ASM2241678v1	GCA_022416785.1		Ovis aries	Yunnan sheep				YUN1	female		Chromosome	2022-03-10	JAKJQK01	1295
ASM5091668v1	GCA_050916685.1		Ovis aries	Butuo black sheep				BY554-001P0001	female		Chromosome	2025-06-13	JBPCZR01	3599
ASM2253800v1	GCA_022538005.1		Ovis aries	Romney sheep				ROM1	female		Chromosome	2022-03-10	JAKJQG01	1455
ASM2241674v1	GCA_022416745.1		Ovis aries	Charollais sheep				CHA1	female		Chromosome	2022-03-10	JAKJQJ01	1324
ASM2241672v1	GCA_022416725.1		Ovis aries	Suffolk sheep				SFK1	female		Chromosome	2022-03-10	JAKJQH01	1409
Oar_ARS-UKY_Romanov_v1.0	GCA_022244705.1		Ovis aries	Romanov x White Dorper					male		Chromosome	2022-02-24	JAHUUQ01	432
Oar_ARS-UKY_WhiteDorper_v1.0	GCA_022244695.1		Ovis aries	Romanov x White Dorper					male		Chromosome	2022-02-24	JAHUUR01	1104
ASM2243282v1	GCA_022432825.1		Ovis aries	Chinese Merino sheep				MER1	female		Chromosome	2022-03-10	JAKJQO01	1643
ASM2241677v1	GCA_022416775.1		Ovis aries	Texel sheep				TEX1	female		Chromosome	2022-03-10	JAKJQL01	1662
ASM2422217v1	GCA_024222175.1		Ovis aries	Romanov sheep				Rmnv1	female		Chromosome	2022-07-13	JAMFTK01	1056
ASM4025935v1	GCA_040259355.1		Ovis aries	Guide black fur sheep				GD	male		Chromosome	2024-06-21	JBEJUG01	726
ASM2241669v1	GCA_022416695.1		Ovis aries	White Dorper sheep				WDU1	female		Chromosome	2022-03-10	JAKJQE01	1716
ASM1117029v1	GCA_011170295.1		Ovis aries	Hu sheep				Hu2020	male		Chromosome	2020-03-11	JAAFGP01	1015
Saanen maternal haplotype	GCA_057428545.1		Capra hircus	Kiko x Saanen					female		Chromosome	2026-05-11	JBXXJG01	36
Kiko paternal haplotype	GCA_057428595.1		Capra hircus	Kiko x Saanen					female		Chromosome	2026-05-11	JBXXJH01	33
ASM4646407v1	GCA_046464075.1		Capra hircus	Tibetan Goat				Tibetan	female		Chromosome	2025-01-03	JBJNUV01	90
ASM4767163v1	GCA_047671635.1		Capra hircus	Hainan black Goat				HNBG	female		Chromosome	2025-02-12	JBLKYB01	149
ASM4900445v1	GCA_049004455.1		Capra hircus	Tibetan Goat				Tibetan	female		Chromosome	2025-03-26	JBKFXV01	131
ASM4900440v1	GCA_049004405.1		Capra hircus	Tibetan Goat				Tibetan	female		Chromosome	2025-03-26	JBKFXW01	87
ASM4450921v1	GCA_044509215.1		Capra hircus	Shanbei Cashmere Goat				SBWCG	female		Chromosome	2024-11-06	JBGRUL01	227
ASM5905555v1	GCA_059055555.1		Capra hircus	Korean native black goat				KNBG_D_M	male		Chromosome	2026-07-07	JBXEOD01	580
ASM5905562v1	GCA_059055625.1		Capra hircus	Korean native black goat				KNBG_D_M	male		Chromosome	2026-07-07	JBXEOE01	162
ASM5755763v1	GCA_057557635.1		Capra hircus	Korean native black goat				KNBG_T_M	male		Chromosome	2026-05-15	JBXEOG01	161
ASM5755644v1	GCA_057556445.1		Capra hircus	Korean native black goat				KNBG_T_M	male		Chromosome	2026-05-15	JBXEOF01	412
ASM4458801v1	GCA_044588015.1		Capra hircus	Guanzhong Milk Goat				GZMG	female		Chromosome	2024-11-07	JBFPJK01	366
ASM4458793v1	GCA_044587935.1		Capra hircus	Nubian Goat				NUBIAN	female		Chromosome	2024-11-07	JBFPJL01	922
ASM4458794v1	GCA_044587945.1		Capra hircus	ALPINE Milk Goat				ALPINE	female		Chromosome	2024-11-07	JBFPJJ01	204
ASM4900467v1	GCA_049004675.1		Capra hircus	Shannan White Goat				SBWCG	female		Chromosome	2025-03-26	JBKFXZ01	346
ASM4900459v1	GCA_049004595.1		Capra hircus	Shannan White Goat				SBWCG	female		Chromosome	2025-03-26	JBKFYA01	300
Saanen_v1	GCA_015443085.1		Capra hircus	Saanen Dairy Goat					male		Chromosome	2020-11-16	JACWUT01	1362
ASM4859405v1	GCA_048594055.1		Capra hircus	Hainan black Goat				HNBG	female		Chromosome	2025-03-17	JBKFYB01	216
ASM2665220v1	GCA_026652205.1		Capra hircus	Xinong Saanen Dairy goat					male	Annotation submitted by Northwest A&F University	Chromosome	2022-12-05	JAIWQT01	94
ASM4283598v1	GCA_042835985.1		Capra hircus	Xinong Saanen Dairy goat				YW-2024a	male		Chromosome	2024-10-09	JBBJUA01	51
ASM4859397v1	GCA_048593975.1		Capra hircus	Hainan black Goat				HNBG	female		Chromosome	2025-03-17	JBKFYC01	173
ASM4458790v1	GCA_044587905.1		Capra hircus	BOER Goat				BOER	female		Chromosome	2024-11-07	JBFPJM01	522
ASM4767165v1	GCA_047671655.1		Capra hircus	Shannan White Goat				SNWG	female		Chromosome	2025-02-12	JBLKYA01	1488
ASM4859882v1	GCA_048598825.1		Capra hircus	ALPINE Milk Goat				ALPINE	female		Chromosome	2025-03-18	JBKFYK01	198
ASM4859806v1	GCA_048598065.1		Capra hircus	ALPINE Milk Goat				ALPINE	female		Chromosome	2025-03-18	JBKFYJ01	237
ASM4859802v1	GCA_048598025.1		Capra hircus	Guanzhong Milk Goat				GZMG	female		Chromosome	2025-03-18	JBKFYI01	521
ASM4859805v1	GCA_048598055.1		Capra hircus	Guanzhong Milk Goat				GZMG	female		Chromosome	2025-03-18	JBKFYH01	619
ASM4859406v1	GCA_048594065.1		Capra hircus	Nubian Goat				NUBIAN	female		Chromosome	2025-03-17	JBKFYE01	1425
ASM4859413v1	GCA_048594135.1		Capra hircus	Nubian Goat				NUBIAN	female		Chromosome	2025-03-17	JBKFYD01	1513
ASM4900449v1	GCA_049004495.1		Capra hircus	BOER Goat				BOER	female		Chromosome	2025-03-26	JBKFXY01	645
ASM4900453v1	GCA_049004535.1		Capra hircus	BOER Goat				BOER	female		Chromosome	2025-03-26	JBKFXX01	737
ASM4859416v1	GCA_048594165.1		Capra hircus	Shannan White Goat				SNWG	female		Chromosome	2025-03-17	JBKFYF01	2349
ASM4859412v1	GCA_048594125.1		Capra hircus	Shannan White Goat				SNWG	female		Chromosome	2025-03-17	JBKFYG01	1183
CHIR_2.0	GCA_000317765.2		Capra hircus	Yunnan black goat					female		Chromosome	2015-09-16	AJPT02	103494
CVASU_BBG_1.0	GCA_004361675.1		Capra hircus	Black Bengal goat			Bengal		male		Chromosome	2019-03-22	SMSF01	3972
ASM5122573v1	GCA_051225735.1		Oryctolagus cuniculus	Fujian yellow rabbit				XC-2025	male		Chromosome	2025-07-07	JBPJSI01	53
ASM4767164v1	GCA_047671645.1		Oryctolagus cuniculus					Kangda V	male		Chromosome	2025-02-12	JBLLLJ01	851
wOryCun.cun1	GCA_982758555.1		Oryctolagus cuniculus								Chromosome	2026-05-31	CEXXFH01	23
OryCun3.0	GCA_013371645.1		Oryctolagus cuniculus cuniculus					A946	female		Chromosome	2020-06-24	JABWOR01	1091
Macaca_fascicularis_6.0	GCA_011100615.1		Macaca fascicularis	Mauritian cynomolgus macaque				cy0333	male		Chromosome	2020-03-10	JAANEP01	936
CE_1.0	GCA_000230815.1		Macaca fascicularis					CE-4	female	Annotation submitted by Beijing Genomics Institute	Chromosome	2011-10-19	AEHL01	45468
MacFas_Jun2011	GCA_000222185.1		Macaca fascicularis								Chromosome	2011-07-23	CAEC01	21
mEquCab1.pat	GCA_036426135.1		Equus caballus					mEquCab1	male		Chromosome	2024-02-07	JAZARX01	601
mEquCab1.mat	GCA_036418255.1		Equus caballus					mEquCab1	male		Chromosome	2024-02-07	JAZARY01	821
EquCab_Friesian_WUR	GCA_964023265.1		Equus caballus								Chromosome	2024-04-11	CAXIEM01	1713
EquCab_Warmblood_WUR	GCA_964023255.1		Equus caballus								Chromosome	2024-04-11	CAXIEL01	1850
AGIS_DeBao_1.0	GCA_048565035.1		Equus caballus	Debao pony					male		Chromosome	2025-03-12	JAVENZ01	235
ASM5646154v1	GCA_056461545.1		Mesocricetus auratus		LVG(syr)				male		Chromosome	2026-03-31	JAETGQ01	8299
TAMU_F.catus_SxD256_v1.0.mat	GCA_056512455.1		Felis catus	Torbie				FcaSxD256	female		Chromosome	2026-04-01	JBNJOA01	93
Fcat_Pben_1.1_maternal_alt	GCA_016509815.2		Felis catus					Fca508	female		Chromosome	2021-01-06	JADZGM01	71
felCat9.2_X	GCA_000181335.6		Felis catus	Abyssinian				Cinnamon	female		Chromosome	2021-10-01	AANG04	767
AnAms_1.0	GCA_013340865.2		Felis catus					Senzu	female		Chromosome	2020-06-03		20
catChrV17e	GCA_000003115.1		Felis catus	mixed							Chromosome	2009-03-16	ACBE01	104434
mCalJac1.2.pat	GCA_011100535.2		Callithrix jacchus					mCalJac1	male		Chromosome	2021-04-28	JAALXR02	1217
mChlSab1.0.hap2	GCA_047676025.1		Chlorocebus sabaeus					Y175	female		Chromosome	2025-02-12	JBLKOD01	1205
mCalJac1.mat	GCA_011078405.1		Callithrix jacchus					mCalJac1	male		Chromosome	2020-03-10	JAALXQ01	216
ASM3026950v1	GCA_030269505.1		Bos indicus	Jinjiang cattle					female		Chromosome	2023-06-15	JAKQXT01	104
ASM3027223v1	GCA_030272235.1		Bos indicus	Dabieshan cattle					female		Chromosome	2023-06-15	JAKQXV01	68
ASM3027213v1	GCA_030272135.1		Bos indicus	Lincanggaofeng cattle					female		Chromosome	2023-06-15	JAKQXR01	43
ASM3026737v1	GCA_030267375.1		Bos indicus	Yiling cattle					female		Chromosome	2023-06-15	JAKQXO01	92
ASM3027179v1	GCA_030271795.1		Bos indicus	Wenshangaofeng cattle					female		Chromosome	2023-06-15	JAKQXP01	45
ASM3026981v1	GCA_030269815.1		Bos indicus	Leiqiong cattle					female		Chromosome	2023-06-15	JAKQXS01	59
ASM3988116v1	GCA_039881165.1		Bos indicus	Hainan				HN024	male		Chromosome	2024-05-29	JAMBMU01	292
ASM3027180v1	GCA_030271805.1		Bos indicus	Weizhou cattle					female		Chromosome	2023-06-15	JAKQXQ01	67
ASM3026735v1	GCA_030267355.1		Bos indicus	Xiangxi cattle					female		Chromosome	2023-06-15	JAKQXN01	48
NIAB-ARS_B.indSahiwal_pat_alt_1.0	GCA_029378735.1		Bos indicus	Sahiwal x Tharparkar				NIAB-ARS_2022	female		Chromosome	2023-03-24	JAPFII01	81
ASM3026734v1	GCA_030267345.1		Bos indicus	Weining cattle					female		Chromosome	2023-06-15	JAKQXM01	64
ASM3027071v1	GCA_030270715.1		Bos indicus	Guanling cattle					female		Chromosome	2023-06-15	JAJUAH01	52
ASM3027068v1	GCA_030270685.1		Bos indicus	Dabieshan cattle					female		Chromosome	2023-06-15	JAJUAE01	47
ASM3027080v1	GCA_030270805.1		Bos indicus	Guanling cattle					female		Chromosome	2023-06-15	JAJUAI01	42
ASM3027070v1	GCA_030270705.1		Bos indicus	Jinjiang cattle					female		Chromosome	2023-06-15	JAJUAF01	69
ASM3027072v1	GCA_030270725.1		Bos indicus	Jinjiang cattle					female		Chromosome	2023-06-15	JAJUAG01	60
ASM3027247v1	GCA_030272475.1		Bos indicus	Dabieshan cattle					female		Chromosome	2023-06-15	JAJUAD01	48
ASM3027082v1	GCA_030270825.1		Bos indicus	Wenshangaofeng cattle					female		Chromosome	2023-06-15	JAJUAP01	34
ASM3027093v1	GCA_030270935.1		Bos indicus	Yiling cattle					female		Chromosome	2023-06-15	JAJUAV01	45
ASM2626246v1	GCA_026262465.1		Bos indicus	Leiqiong cattle					female		Chromosome	2022-11-23	JAJUAJ01	40
ASM3027086v1	GCA_030270865.1		Bos indicus	Wenshangaofeng cattle					female		Chromosome	2023-06-15	JAJUAQ01	35
ASM2626254v1	GCA_026262545.1		Bos indicus	Lincanggaofeng cattle					female		Chromosome	2022-11-23	JAJUAL01	44
ASM2626251v1	GCA_026262515.1		Bos indicus	Lincanggaofeng cattle					female		Chromosome	2022-11-23	JAJUAM01	35
ASM2626237v1	GCA_026262375.1		Bos indicus	Leiqiong cattle					female		Chromosome	2022-11-23	JAJUAK01	40
ASM3027099v1	GCA_030270995.1		Bos indicus	Yiling cattle					female		Chromosome	2023-06-15	JAJUAW01	48
ASM3027084v1	GCA_030270845.1		Bos indicus	Xiangxi cattle					female		Chromosome	2023-06-15	JAJUAS01	34
ASM3027085v1	GCA_030270855.1		Bos indicus	Xiangxi cattle					female		Chromosome	2023-06-15	JAJUAR01	33
ASM3027250v1	GCA_030272505.1		Bos indicus	Weizhou cattle					female		Chromosome	2023-06-15	JAJUAO01	39
ASM3027249v1	GCA_030272495.1		Bos indicus	Weizhou cattle					female		Chromosome	2023-06-15	JAJUAN01	42
ASM3027095v1	GCA_030270955.1		Bos indicus	Weining cattle					female		Chromosome	2023-06-15	JAJUAT01	50
ASM3027094v1	GCA_030270945.1		Bos indicus	Weining cattle					female		Chromosome	2023-06-15	JAJUAU01	42
NRCY_Bgru_v1	GCA_050059765.1		Bos grunniens	Arunachali					female		Chromosome	2025-05-01	JBHMQP01	62
NWIPB_DYAK_1.0	GCA_027580245.1		Bos grunniens					GX_2022a	male		Chromosome	2023-01-09	JANCMS01	1313
BosGru3.1	GCA_005887515.3		Bos grunniens				maiwa	yakHY00	male		Chromosome	2019-06-10	VBZB01	343
ASM1180010v1	GCA_011800105.1		Rattus rattus				USA	CP-5999	male		Chromosome	2020-04-01	JAALGF01	6805
KIZ version 2	GCA_033439345.1		Tupaia belangeri chinensis					KIZ-2021	male		Chromosome	2023-11-09	JAWMBH01	1645
Naked mole-rat maternal	GCA_944319715.1		Heterocephalus glaber								Chromosome	2022-07-01	CALUER01	31
mHetGlaV3	GCA_964261345.1		Heterocephalus glaber								Chromosome	2024-09-07	CAXVPI01	74
HetGla maternal painted	GCA_963923965.1		Heterocephalus glaber								Chromosome	2024-01-19	CAWUOO01	223
Naked mole-rat paternal	GCA_944319725.1		Heterocephalus glaber								Chromosome	2022-07-01	CALUES01	31
pHetGlaV3	GCA_964261355.1		Heterocephalus glaber								Chromosome	2024-09-07	CAXVPJ01	78
HetGla paternal painted	GCA_963923975.1		Heterocephalus glaber								Chromosome	2024-01-19	CAWUOP01	247
mMacNem.hap2	GCA_043161795.1		Macaca nemestrina					mMacNem1	male		Chromosome	2024-10-15	JBHNYG01	233
mIctTri1.hap2	GCA_052094965.1		Ictidomys tridecemlineatus					mIctTri1	male		Chromosome	2025-08-18	JBPVTU01	1438
ASM5244588v1	GCA_052445885.1		Equus asinus					YW-2025b	male		Chromosome	2025-09-04	JBNCFL01	251
CPB_AME_v1	GCA_029963865.1		Ailuropoda melanoleuca					CPB_GP_2021	female		Chromosome	2023-05-12	JAJSAN01	1335
Camelus.1.0	GCA_036785785.1		Camelus bactrianus					1281-3	male		Chromosome	2024-02-23	JAUIZL01	60
mPerMan1.1.pri	GCA_026229955.2		Peromyscus maniculatus sonoriensis					MVZ:Mamm:240117	male	GCA_026229955.1-GB_2026_02_24	Chromosome	2026-01-22	JAOPKW02	1632
NW_MosBer_1.0	GCA_049115385.1		Moschus berezovskii					FMDL1	male		Chromosome	2025-03-28	JBLYBT01	33
EmaxG-LGv1.0	GCA_033060105.1		Elephas maximus					YXG-2022	male		Chromosome	2023-10-26	JAVYJR01	45
EmaxH2_LGv1.0	GCA_032718585.1		Elephas maximus					YXG-2022	male		Chromosome	2023-10-17	JAVYJK01	104
EmaxH1_LGv1.0	GCA_032718755.1		Elephas maximus					YXG-2022	male		Chromosome	2023-10-17	JAVYJJ01	100
mEleMax1.hap2	GCA_051911805.1		Elephas maximus indicus					mEleMax1	male		Chromosome	2025-08-11	JBNQWV01	88
mEleMax1.hap1	GCA_051911825.1		Elephas maximus indicus					mEleMax1	male		Chromosome	2025-08-11	JBNQWU01	103
mMicOch_UCD_v1_hap2	GCA_984569945.1		Microtus ochrogaster								Chromosome	2026-07-04	CFHEUL01	62
mMicOch_UCD_v1_hap1	GCA_984569965.1		Microtus ochrogaster								Chromosome	2026-07-04	CFHEUM01	97
mCamDro1.hap2	GCA_036321565.1		Camelus dromedarius					mCamDro1	male		Chromosome	2024-01-31	JAZARV01	173
mMyoGla1.1	GCA_982192425.1		Myodes glareolus								Chromosome	2026-03-08	CEUUTC01	188
mVicPac1.hap2	GCA_056363805.1		Vicugna pacos					mVicPac1	male		Chromosome	2026-03-27	JBWDIO01	475
mVicPac1.hap1	GCA_056363735.1		Vicugna pacos					mVicPac1	male		Chromosome	2026-03-27	JBWDIN01	722
NPU_CNip_2	GCA_038088365.1		Cervus nippon	shuangyang					male		Chromosome	2024-04-17	JBBMHO01	7559
ASM3419567v1	GCA_034195675.1		Cervus nippon				Changchun, China	MLH-2022	male		Chromosome	2023-12-07	JAOBNA01	1889
Gentig_PCG_1.0	GCA_024034525.1		Panthera tigris					Kylo-ren	male		Chromosome	2022-06-29	JAJEWO01	1201
PanTigT.MC.v3	GCA_021130815.1		Panthera tigris tigris					Machali	female		Chromosome	2021-12-09	JAHFZI01	1052
PanTigT.SI.v4	GCA_021131075.1		Panthera tigris tigris				India	SI-2018	male		Chromosome	2021-12-09	JAHFZJ01	3808
ASM5232475v1	GCA_052324755.1		Cervus nippon kopschi					QY-2025	male		Chromosome	2025-08-28	JBQHDI01	260
AU_CerNipYes_1.0	GCA_054829135.1		Cervus nippon yesoensis					JP_HOKNOK_M01	male		Chromosome	2026-01-29	JBTNMK01	1741
UOA_Brahman_1	GCA_003369695.2	GCF_003369695.1	Bos indicus x Bos taurus	Angus x Brahman F1 hybrid					male		Chromosome	2018-11-30	PUFS02	1250
UOA_Brahman_1	GCF_003369695.1	GCA_003369695.2	Bos indicus x Bos taurus	Angus x Brahman F1 hybrid					male	NCBI Bos indicus x Bos taurus Annotation Release 100	Chromosome	2018-11-30	PUFS02	1250
NHGRI_mGorGor1-v2.0_mat	GCA_028885495.2		Gorilla gorilla gorilla					KB3781	male		Chromosome	2024-01-08	JAQQLJ02	225
Susie3	GCA_900006655.3		Gorilla gorilla gorilla						female		Chromosome	2016-12-22	CYUI03	15745
mNeoVis2.hap2.1	GCA_964106205.1		Neogale vison								Chromosome	2024-06-06	CAXKZO01	351
mNeoVis2.hap1.1	GCA_964106545.1		Neogale vison								Chromosome	2024-06-06	CAXKZI01	434
mVulVul1.hap2.2	GCA_964106925.2		Vulpes vulpes								Chromosome	2024-06-27	CAXKZK02	350
mVulVul1.hap1.2	GCA_964106825.2		Vulpes vulpes								Chromosome	2024-06-27	CAXKZN02	460
ASM5092620v1	GCA_050926205.1		Vulpes vulpes montana					Qinghai	male		Chromosome	2025-06-16	JAVJIY01	65
Psun_UM_1.1	GCA_023856395.1		Cricetiscus sungorus		SSSS				female		Chromosome	2022-06-29	JAJQIY01	7756
LafrH2_LGv1.0	GCA_032717415.1		Loxodonta africana					NFZ-2022	male		Chromosome	2023-10-17	JAVYJO01	675
LafrG- LGv1.0	GCA_033060095.1		Loxodonta africana					NFZ-2022	male		Chromosome	2023-10-26	JAVYJQ01	742
LafrH1_LGv1.0	GCA_032717405.1		Loxodonta africana					NFZ-2022	male		Chromosome	2023-10-17	JAVYJN01	638
ULRtarCaribou_2v2	GCA_019903745.2		Rangifer tarandus caribou				boreal	CA-31	female		Chromosome	2023-04-17	JAHWTM02	12263
mUrsArc1.1	GCA_056506245.2		Ursus arctos marsicanus					Lauretta	female		Chromosome	2026-04-01	JBNADW01	365
mRanTar1.2.h2	GCA_951394145.2		Rangifer tarandus platyrhynchus							Annotation submitted by ELIXIR Norway	Chromosome	2025-03-21	CATOBB02	1213
Rangifer_t_t_557	GCA_965153185.1		Rangifer tarandus tarandus								Chromosome	2026-01-07	CBCUDT01	894
BTC_Dleu_Yukka2	GCA_059928025.1		Delphinapterus leucas					spDelLeu-1000000601 	female		Chromosome	2026-08-06	JCBGOS01	98
mDasNov1.1.hap1	GCA_030445055.2		Dasypus novemcinctus					mDasNov1	male		Chromosome	2023-07-13	JAUJUB01	588
S_20_00703_Flye_assembly_V1.1	GCA_029941455.3		Delphinapterus leucas					S_20_00703	male		Chromosome	2024-04-10	JARJCU02	4368
S_20_00702_Flye_assembly_V1.1	GCA_029941435.3		Delphinapterus leucas					S_20_00702	male		Chromosome	2024-04-10	JARJCR02	5844
S_20_00693_Flye_assembly_V1.1	GCA_029941415.3		Delphinapterus leucas					S_20_00693	male		Chromosome	2024-04-10	JARJCS02	9098
mMyoLuc1.0	GCA_048340685.1		Myotis lucifugus carissima					MYLU1	female		Chromosome	2025-03-05	JAVIYB01	258
mUrsAme1.1.p	GCA_024610735.2		Ursus americanus					L20-20	male		Chromosome	2025-07-14	JANIGQ02	297
ASM227v2	GCA_000002275.2		Ornithorhynchus anatinus					Glennie	female		Chromosome	2007-02-14	AAPN01	201524
NHGRI_mPonPyg2-v2.0_alt	GCA_028885525.2		Pongo pygmaeus					AG05252	male		Chromosome	2024-01-08	JAQQLT02	33
P_pygmaeus_2.0.2	GCA_000001545.3		Pongo abelii					ISIS 71	female		Chromosome	2008-11-13	ABGA01	79309
ASM2365373v1	GCA_023653735.1		Ceratotherium simum simum					SL21	male		Chromosome	2022-06-29	JAMKOT01	306
ASM5780239v1	GCA_057802395.1	GCF_057802395.1	Ceratotherium simum simum					JZ-2026a	male		Chromosome	2026-06-01	JBVTIQ01	74
CerSimCot1.0	GCA_021442165.1		Ceratotherium simum cottoni	northern white rhinoceros				KB9947	male		Chromosome	2022-01-12	JAHLFX01	390
M.murinus_Inina_pat1.0	GCA_040939475.2		Microcebus murinus					Inina	female		Chromosome	2025-06-05	JBBJCM02	239
MP_LKY	GCA_040802205.1		Manis pentadactyla					MP-LG	male		Chromosome	2024-07-22	JBFMML01	89
mCerEla1.hap2.2	GCA_910593805.2		Cervus elaphus								Chromosome	2026-02-10	CAJVBA02	500
ASM2022604v1	GCA_020226045.1		Muntiacus reevesi					NWPU-IOZ-04	male		Chromosome	2021-10-05	JAGTXV01	460
UCB_Mree_1.1	GCA_008787405.2		Muntiacus reevesi					UCam_UCB_Mr	male	Annotation submitted by University of California, Berkeley	Chromosome	2019-10-07	VCEB01	29705
NIPB_Tibetan_argali_1.0	GCA_045269445.1		Ovis ammon					HDX-2024	male		Chromosome	2024-11-25	JBIQQL01	96
ASM6025671v1	GCA_060256715.1		Ovis ammon darwini					SBMZS20240413M01	male		Chromosome	2026-08-18	JBXXOW01	1335
CerEla1.0	GCA_002197005.1		Cervus elaphus hippelaphus					Hungarian	male	Annotation submitted by National Agricultural Research and Innovation Centre	Chromosome	2017-06-19	MKHE01	11479
ASM5695681v1	GCA_056956815.1		Alexandromys fortis		Mfo_v1				male		Chromosome	2026-04-28	JBXFWO01	167
ASM5450224v1	GCA_054502245.1		Alexandromys fortis				China	SM_1		Annotation submitted by Central South University	Chromosome	2026-01-15	JBQVRV01	88
mPhyCat2.hap1.1	GCA_978012005.1		Physeter macrocephalus								Chromosome	2026-02-01	CDXCVR01	782
mPumCon1.1.hap1	GCA_028749985.4		Puma concolor					L17-30	male		Chromosome	2023-08-04	JAQJVZ02	257
Pleo_Luke_hap1Y	GCA_046254995.1		Panthera leo					NZP-WASH/114161	male		Chromosome	2024-12-23	JBDJPO01	210
Pleo_Luke_hap2X	GCA_046255005.1		Panthera leo					NZP-WASH/114161	male		Chromosome	2024-12-23	JBDJPP01	96
mUroPar1.hap2	GCA_045843765.1		Urocitellus parryii					mUroPar1	male		Chromosome	2024-12-12	JBISEL01	2307
HLdesRot8B.1	GCA_022682395.2		Desmodus rotundus					HL8	male		Chromosome	2022-03-24	JAKFGA01	429
HispidOSU	GCA_041721565.1		Sigmodon hispidus					Hsd	male	Annotation submitted by The Ohio State University	Chromosome	2024-09-03	JAIWPY01	16480
PanLeo1.0	GCA_008795835.1		Panthera leo					Brooke	female		Chromosome	2019-10-07	VOCV01	8060
mTacAcu1	GCA_015598185.1		Tachyglossus aculeatus					Emale_01	male		Chromosome	2020-11-19	JADPHF01	318768
NHGRI_mPanPan1-v2.0_pat	GCA_028858825.2		Pan paniscus						male		Chromosome	2024-01-08	JAQQLM02	38
NHGRI_mPanPan1-v2.0_mat	GCA_028858845.2		Pan paniscus						male		Chromosome	2024-01-08	JAQQLL02	32
ASM4011311v1	GCA_040113115.1		Nomascus leucogenys					KCB93007			Chromosome	2024-06-12	JBDORE01	143
ASM4011310v1	GCA_040113105.1		Nomascus leucogenys					KCB93007			Chromosome	2024-06-12	JBDORF01	90
Mhudiblu_PPA_v2	GCA_013052645.3		Pan paniscus					Mhudiblu (Carbone #601152)	female		Chromosome	2021-03-18	SSBP03	5520
Ebai_4.0	GCA_057931235.1		Eospalax fontanierii baileyi					ML-2024a	male		Chromosome	2026-06-04	JBLNKO01	17736
Ecan_1.0	GCA_057930505.1		Eospalax fontanierii cansus					ML-2024c	male		Chromosome	2026-06-04	JBLNKM01	3431
mCasCan1.hap2v2	GCA_047511605.2		Castor canadensis					mCasCan1	female		Chromosome	2025-02-10	JBLFKB01	153
DD_mPhyHas1.pri.curated.20210406	GCA_060309575.1		Phyllostomus hastatus					mPhyHas1	male		Chromosome	2026-08-21	JBAKBK01	53
mMarFla1.hap2	GCA_047512175.1		Marmota flaviventris					mMarFla1	male		Chromosome	2025-02-10	JBLFKD01	329
LycPic1.final.hap1	GCA_040955645.1		Lycaon pictus					LycPic1	male		Chromosome	2024-08-01	JBCEDC01	85
mKogBre1 haplotype 2	GCA_026419985.1		Kogia breviceps					mKogBre1	female		Chromosome	2022-11-27	JAPMIG01	391
EquPr2	GCA_037783155.1		Equus przewalskii					Varuska	female		Chromosome	2024-04-01	JAZHEM01	2146
BBCv1.0	GCA_051307275.1		Bubalus kerabau	Xilin				Swamp_XL001	female		Chromosome	2025-07-14	WWNQ01	1472
mOchPri1.hap2	GCA_030435715.1		Ochotona princeps					mOchPri1	male		Chromosome	2023-07-13	JAUDYL01	6117
ASM4005753v1	GCA_040057535.1		Rhinolophus affinis								Chromosome	2024-06-04	JAUKPG01	60
LycPicSAfr1.0	GCA_001887905.1		Lycaon pictus					South Africa Ananku	male		Chromosome	2016-12-01	LPRB01	802
LycPicKen1.0	GCA_001883655.1		Lycaon pictus					Kenya WGF20	female		Chromosome	2016-12-01	LPRA01	812
mThoBot2.hap2	GCA_031878665.1		Megascapheus bottae					mThoBot1	male		Chromosome	2023-09-25	JAVLKI01	340
mThoBot2.hap1	GCA_031878675.1		Megascapheus bottae					mThoBot1	male	GCA_031878675.1-GB_2025_08_01	Chromosome	2023-09-25	JAVLKH01	629
RSI-T2T	GCA_057876585.1		Rhinolophus sinicus					RSI-liver-muscle	female		Chromosome	2026-06-03	JBYRDP01	22
ARS_UNL_Btau-highland_paternal_1.0_alt	GCA_009493655.1		Bos grunniens x Bos taurus					Esperanza	female		Chromosome	2019-11-04	VLPJ01	342
mPteMes1.pri	GCA_056363955.1		Pteronotus mesoamericanus					mPteMes1	male		Chromosome	2026-03-27	JBWEFK01	27
ASM5547105v1	GCA_055471055.1		Lepus americanus					Miyamoto	male		Chromosome	2026-02-24	JBUQDK01	392
mIaxIox2.hap2	GCA_054824975.1		Ia io					mIaxIox2	male		Chromosome	2026-01-29	JBTBFC01	196
mLepTim1.1_al	GCA_040893755.1		Lepus timidus								Chromosome	2024-07-26	JBEDNU01	109
mPipPip1.1	GCA_903992545.1		Pipistrellus pipistrellus								Chromosome	2020-08-06	CAJEUD01	322
S_20_00708_Flye_assembly_V1.1	GCA_029941395.3		Monodon monoceros					S_20_00708	male		Chromosome	2024-04-10	JARJCT02	6368
CIBIO-ISEM_LeTim_1.1	GCA_009760805.1		Lepus timidus				Ireland	LTM.BIO.3104	female		Chromosome	2019-12-17	VUAX01	4205
SPRET_EiJ_v1	GCA_001624865.1		Mus spretus		SPRET/EiJ				female		Chromosome	2016-04-26	LVXV01	5403
Sciurus_carolinensis_HiC	GCA_028643795.1		Sciurus carolinensis					Sample1784	female		Chromosome	2023-02-16	JAQQSG01	2067066
ASM2306583v1	GCA_023065835.1		Hippopotamus amphibius					ZL_2021a	male		Chromosome	2022-04-22	JAKVTS01	697
mCarSyr1.hap2	GCA_059932575.1		Carlito syrichta fraterculus					mCarSyr1	male		Chromosome	2026-08-07	JCASOB01	777
mCarSyr1.hap1	GCA_059932695.1		Carlito syrichta fraterculus					mCarSyr1	male		Chromosome	2026-08-07	JCASOA01	1113
HU_Ppol_1.3.3	GCA_003704135.2		Peromyscus polionotus subgriseus					PO	female		Chromosome	2019-04-26	RCWS02	5292
SNNU_Nneo_1	GCA_030324275.1		Neofelis nebulosa					NNE20_3_p1	female		Chromosome	2023-06-28	JASWHX01	216
ASM4860315v1	GCA_048603155.1		Panthera uncia				Qinghai	LY-2025	female		Chromosome	2025-03-18	JBMBWT01	27
mTamHud3.hap2	GCA_057657875.1		Tamiasciurus hudsonicus					mTamHud3	female		Chromosome	2026-05-15	JBXXPP01	96
ASM5286311v1	GCA_052863115.1		Equus kiang					ZYL	male		Chromosome	2025-09-26	JAOURB01	1593
mTapInd1.hap2	GCA_031878705.1		Tapirus indicus					mTapInd1	female	GCA_031878705.1-GB_2026_01_30	Chromosome	2023-09-25	JAVSPQ01	192
ASM3006286v2	GCA_030062865.2		Delphinus delphis	common dolphin				KD-2022	male		Chromosome	2024-03-15	JAPTYN02	187
mAxiPor1.hap2	GCA_054883225.1		Axis porcinus					mAxiPor1	male		Chromosome	2026-01-30	JBTXHP01	1968
mTapInd1.hap1	GCA_031878655.1		Tapirus indicus					mTapInd1	female		Chromosome	2023-09-25	JAVSPP01	259
ASM5194299v1	GCA_051942995.1		Panthera uncia					Ounce	male		Chromosome	2025-08-12	JBKIIJ01	280
DamDam1_v1.mat	GCA_048126745.1		Dama dama					SK-2024	male	GCA_048126745.1-GB_2025_08_13	Chromosome	2025-02-27	JBLUUJ01	1303
DamDam1_v1.pat	GCA_048127045.1		Dama dama					SK-2024	male		Chromosome	2025-02-27	JBLUUI01	310
ASM2559416v1	GCA_025594165.1		Tamias sibiricus					XY-2022	female		Chromosome	2022-10-06	JAKELJ01	2095
ASM4018294v1	GCA_040182945.1		Dugong dugon					CNS0813577			Chromosome	2024-06-14	JBEFZG01	2919
Panthera_uncia_HiC	GCA_028646445.1		Panthera uncia					Sample0579	female		Chromosome	2023-02-21	JAQQSR01	108642
Grampus_griseus_HiC	GCA_028646425.1		Grampus griseus					Sample2556	female		Chromosome	2023-02-16	JAQQSP01	773381
pl-1k	GCA_028646535.1		Procyon lotor					Sample0574	female		Chromosome	2023-02-16	JAQQSY01	819431
Charlie1.0	GCA_000772465.1		Nasalis larvatus					Charlie	male		Chromosome	2014-11-10	JMHX01	319549
ASM4819716v1	GCA_048197165.1		Mustela nivalis		MNIV1m		Novosibirsk		male		Chromosome	2025-02-28	JBGGWR01	16700
mDicSum1.hap2	GCA_060039925.1		Dicerorhinus sumatrensis sumatrensis					mDicSum1	male		Chromosome	2026-08-12	JCAJRH01	888
Diceros_bicornis_HiC	GCA_028533375.1		Diceros bicornis					Sample0434	female		Chromosome	2023-02-09	JAQIGC01	636610
mTamHud2.hap2	GCA_057931055.1		Tamiasciurus hudsonicus grahamensis					mTamHud2	male		Chromosome	2026-06-04	JBYDJJ01	426
mTamHud2.hap1	GCA_057930835.1		Tamiasciurus hudsonicus grahamensis					mTamHud2	male		Chromosome	2026-06-04	JBYDJI01	488
mMusNiv1.hap2	GCA_057128425.1		Mustela nivalis vulgaris					mMusNiv1	male		Chromosome	2026-04-30	JBXGLG01	4263
mMusNiv1.hap1	GCA_057128415.1		Mustela nivalis vulgaris					mMusNiv1	male		Chromosome	2026-04-30	JBXGLF01	4177
mOryAfe1.hap2	GCA_054668755.1		Orycteropus afer					mOryAfe1	male		Chromosome	2026-01-23	JBTXHH01	269
mOryAfe1.hap1	GCA_054668785.1		Orycteropus afer					mOryAfe1	male		Chromosome	2026-01-23	JBTXHG01	353
ASM3396157v1	GCA_033961575.1		Aselliscus stoliczkanus					M181119	male		Chromosome	2023-11-28	JAWWOG01	191
mMicPen1.hap2	GCA_037039175.1		Microtus pennsylvanicus					mMicPen1	male		Chromosome	2024-03-06	JBANDR01	143
mEquGre1.hap1	GCA_057876975.1		Equus grevyi					mEquGre1	female		Chromosome	2026-06-03	JBXADB01	767
mMicPen_UCD_v1_hap1	GCA_984569935.1		Microtus pennsylvanicus								Chromosome	2026-07-04	CFHEUO01	105
HLeliQue1B	GCA_051143595.1		Eliomys quercinus				Western European	TS-2025a			Chromosome	2025-06-30	JBOITX01	136
mMicPen_UCD_v1_hap2	GCA_984569955.1		Microtus pennsylvanicus								Chromosome	2026-07-04	CFHEUN01	52
mMyoDau2.hap2.2	GCA_963242275.2		Myotis daubentonii								Chromosome	2025-04-09	CAUJLF02	208
mIniGeo1.hap2	GCA_036417475.1		Inia geoffrensis					mIniGeo1	male		Chromosome	2024-02-06	JAZAQU01	800
mMusLut1.4	GCA_964264385.1		Mustela lutreola								Chromosome	2024-09-18	CAXVYP01	29
mEubGla1.1.hap1	GCA_028571275.2		Eubalaena glacialis					mEubGla1	male		Chromosome	2023-02-09	JAQRBJ01	938
mMusErm2.hap1.1	GCA_965636865.1		Mustela erminea								Chromosome	2025-07-09	CBFESM01	1035
mMusErm2.hap2.1	GCA_965636855.1		Mustela erminea								Chromosome	2025-07-09	CBFESL01	944
mMinNat1.hap2	GCA_054644305.1		Miniopterus natalensis					mMinNat1	female		Chromosome	2026-01-22	JBSYVD01	99
mMinNat1.hap1	GCA_054644295.1		Miniopterus natalensis					mMinNat1	female		Chromosome	2026-01-22	JBSYVC01	135
TBG_Ccri_1	GCA_058715845.1		Cricetus cricetus					Priska	female		Chromosome	2026-07-01	JBGOHG01	685
mCorTow1.1.hap1	GCA_026230055.2		Corynorhinus townsendii					COTO_CA2020_CCGP	male	GCA_026230055.2-GB_2026_01_12	Chromosome	2025-12-17	JAPDVT02	380
ASM4372795v1	GCA_043727955.1		Hipposideros larvatus				China	20210929_DDb	male		Chromosome	2024-10-24	JARCLT01	249
mSagOed1.hap1	GCA_054851365.1		Saguinus oedipus					mSagOed1	male		Chromosome	2026-01-30	JBUBGA01	2111
mSagOed1.hap2	GCA_054851435.1		Saguinus oedipus					mSagOed1	male		Chromosome	2026-01-30	JBUBGB01	880
mMesBid2.hap2.1	GCA_964148845.1		Mesoplodon bidens								Chromosome	2024-06-06	CAXLBO01	1152
OncTor_H1_v1	GCA_949787125.1		Onychomys torridus								Chromosome	2023-04-12	CATKUS01	1827
mmar.min_150.pseudohap2.1_HiC.purged	GCA_040938825.1		Martes martes		10xmmar				female		Chromosome	2024-07-30	JBEHDX01	20048
ASM6025213v1	GCA_060252135.1		Otocolobus manul					LD-2026			Chromosome	2026-08-19	JCANOO01	20
mfla.min_150.pseudohap2.1_HiC	GCA_040938845.1		Martes flavigula		10xmfla				male		Chromosome	2024-07-30	JBEHDW01	61354
Hydrochoerus_hydrochaeris_HiC	GCA_015741225.1		Hydrochoerus hydrochaeris					Pop	male		Chromosome	2020-12-04	JADBBS01	343877
vu-2k	GCA_028626985.1		Vombatus ursinus					Sample0158	female		Chromosome	2023-02-16	JAQQSX01	633732
Theropithecus_gelada_HiC	GCA_028533075.1		Theropithecus gelada					Sample2898			Chromosome	2023-02-10	JAQIFZ01	347802
Tapirus_terrestris_HiC	GCA_028533255.1		Tapirus terrestris					Sample2410	male		Chromosome	2023-02-10	JAPYYE01	1711479
Prionailurus_viverrinus_HiC	GCA_028551425.1		Prionailurus viverrinus					Sample0298	female		Chromosome	2023-02-09	JAQIGA01	395495
Papio_papio_HiC	GCA_028645565.1		Papio papio					Sample3915	male		Chromosome	2023-02-16	JAQQSL01	429164
Symphalangus_syndactylus_HiC	GCA_028642525.1		Symphalangus syndactylus					Sample0052	female		Chromosome	2023-02-16	JAQQSF01	797215
mRucEld1.hap1	GCA_054824865.1		Rucervus eldii thamin					mRucEld1	female		Chromosome	2026-01-29	JBTVSD01	3421
Lama_glama_HiC	GCA_028534125.1		Lama glama					Fiesta	female		Chromosome	2023-02-09	JAPYYK01	1072352
O.geoffroyi_Oge1_pat1.0	GCA_018350155.1	GCF_018350155.1	Leopardus geoffroyi					Oge1	male		Chromosome	2021-05-13	JAFEKB01	46
O.geoffroyi_Oge1_pat1.0	GCF_018350155.1	GCA_018350155.1	Leopardus geoffroyi					Oge1	male	NCBI Leopardus geoffroyi Annotation Release 100	Chromosome	2021-05-13	JAFEKB01	46
mRouMad1.hap1	GCA_059802055.1		Rousettus madagascariensis					mRouMad1	male		Chromosome	2026-08-04	JCASOM01	77
mCapNub1.hap2	GCA_054856215.1		Capra nubiana					mCapNub1	male		Chromosome	2026-01-30	JBTVNL01	554
mRhyNas2.hap1	GCA_037038545.1		Rhynchonycteris naso					mRhyNas2	male	GCA_037038545.1-GB_2025_12_01	Chromosome	2024-03-06	JBAKBI01	40
mAnoDer1.hap2	GCA_058744725.1		Anomalurus derbianus					mAnoDer1	female		Chromosome	2026-07-02	JBZXKE01	223
mMolNig1.hap2	GCA_039880925.1		Molossus nigricans					mMolNig1	male		Chromosome	2024-05-29	JBDPIJ01	282
mArtLit1.hap1	GCA_038363095.4		Artibeus lituratus					mArtLit1	male	GCA_038363095.4-GB_2026_04_09	Chromosome	2025-05-01	JBAWUQ03	486
mMolAlv2.hap1	GCA_037157525.1		Molossus alvarezi					mMolAlv2	female	GCA_037157525.1-GB_2025_08_26	Chromosome	2024-03-15	JBAWUI01	325
mPseCra1.hap2	GCA_039906525.1		Pseudorca crassidens					mPseCra1	male		Chromosome	2024-05-31	JBDMAV01	416
mPepEle1.hap1	GCA_051427945.1		Peponocephala electra					mPepEle1	male		Chromosome	2025-07-21	JBPPFT01	204
mTenEca1.hap2	GCA_050624465.1		Tenrec ecaudatus					mTenEca1	male		Chromosome	2025-05-30	JBNYUL01	1233
mTadTen1.hap2.1	GCA_976988855.1		Tadarida teniotis								Chromosome	2025-10-10	CDRKIN01	370
mLasEga1.hap1	GCA_058971415.1		Lasiurus ega					mLasEga1	male		Chromosome	2026-07-06	JBZXKN01	834
mLeoRos1.hap2	GCA_054824955.1		Leontopithecus rosalia					mLeoRos1	male		Chromosome	2026-01-29	JBTBFE01	274
mRhiHip2.hap2.2	GCA_964194215.2		Rhinolophus hipposideros								Chromosome	2025-04-12	CAXMLM02	980
mCenSen1.hap2	GCA_058972435.1		Centurio senex					mCenSen1	female		Chromosome	2026-07-06	JBZXLA01	654
mCteGun2.hap2	GCA_048771865.1		Ctenodactylus gundi					mCteGun2	female		Chromosome	2025-03-21	JBMERU01	1031
mPipNat1.hap1.2	GCA_964656225.2		Pipistrellus nathusii								Chromosome	2025-05-07	CAZZRB02	396
mCanAur2_v2	GCA_977927465.2		Canis aureus								Chromosome	2026-03-08	CDWWEX02	106
mPipNat.alt	GCA_963693525.1		Pipistrellus nathusii								Chromosome	2024-02-07	CAVNZY01	155
mTriInu1 haplotype 1	GCA_046562985.1		Trichechus inunguis					mTriInu1	male		Chromosome	2025-01-08	JBKGUE01	550
ASM4765524v1	GCA_047655245.1		Pygathrix nigripes					XQ-2025c	male	Annotation submitted by Northwest University	Chromosome	2025-02-11	JBLIYM01	718
mMyoMys1.hap2.1	GCA_964195625.1		Myotis mystacinus								Chromosome	2024-06-30	CAXMUD01	327
EulRuf_1.0	GCA_043251655.1		Eulemur rufifrons					eul_ruf1	female		Chromosome	2024-10-17	JBHGBP01	2980
PerEre_H1_v1	GCA_949786435.1		Peromyscus eremicus								Chromosome	2023-04-08	CATKUR01	4194
mfoi.min_150.pseudohap2.1_HiC	GCA_040938555.1		Martes foina		10xmfoi				male		Chromosome	2024-07-30	JBEHDV01	23286
ASM2022607v1	GCA_020226075.1		Hydropotes inermis					NWPU-IOZ-05	female		Chromosome	2021-10-05	JAGTXW01	1712
Tremarctos_ornatus_HiC	GCA_028551375.1		Tremarctos ornatus					Sample0412	female		Chromosome	2023-02-09	JAPYXY01	188811
Rousettus_madagascariensis_HiC	GCA_028533395.1		Rousettus madagascariensis					Sample2083			Chromosome	2023-02-09	JAPYYH01	1467186
Mungos_mungo_HiC	GCA_028533875.1		Mungos mungo					Fupi	male		Chromosome	2023-02-09	JAPYXW01	572361
Trachops_cirrhosus_HiC	GCA_028533065.1		Trachops cirrhosus					AMNH-AMCC-225240	male		Chromosome	2023-02-09	JAPYXV01	396519
Leontopithecus_rosalia_HiC	GCA_028533165.1		Leontopithecus rosalia					Coari	female		Chromosome	2023-02-09	JAPYYA01	342831
Felis_nigripes_HiC	GCA_028533295.1		Felis nigripes					Sample2599	female		Chromosome	2023-02-09	JAPYYG01	226952
Dasyurus_viverrinus_HiC	GCA_028643805.1		Dasyurus viverrinus					Sample4019	male		Chromosome	2023-02-17	JAQQSI01	386556
mAcoDim1_REL_1905	GCA_907164435.1		Acomys dimidiatus								Chromosome	2021-07-06	CAJQZA01	18302
ASM1349639v1	GCA_013496395.1		Giraffa tippelskirchi					OR1865	male		Chromosome	2020-07-24	RAWU01	75681
mZapHud1.hap2	GCA_057945655.1		Zapus hudsonius preblei					mZapHud1	male		Chromosome	2026-06-04	JBYDFF01	163
mZapHud1.hap1	GCA_057945845.1		Zapus hudsonius preblei					mZapHud1	male		Chromosome	2026-06-04	JBYDFE01	263
mZapHud2.hap1	GCA_057945945.1		Zapus hudsonius luteus					mZapHud2	male		Chromosome	2026-06-04	JBYDFG01	309
ASM4043811v1	GCA_040438115.1		Tragelaphus eurycerus isaaci					Barney_WCC	male		Chromosome	2024-07-02	JBBXMO01	34537
mCarSow1.hap2	GCA_051307135.1		Carollia sowelli					mCarSow1	female		Chromosome	2025-07-14	JBOBQS01	272
mGloMut1.hap2	GCA_039656995.1		Glossophaga mutica					mGloMut1	male		Chromosome	2024-05-17	JBCAQM01	71
mRhiDar1.hap2	GCA_057428265.1		Rhinolophus darlingi					mRhiDar1	male		Chromosome	2026-05-11	JBXXPV01	822
mRhiCli1.hap2	GCA_054645025.1		Rhinolophus clivosus					mRhiCli1	male		Chromosome	2026-01-22	JBTNED01	219
mCepZeb1.hap2	GCA_054099755.1		Cephalophula zebra					mCepZeb1	female		Chromosome	2025-12-18	JBSLPB01	677
mMyoSod1.hap2	GCA_057945245.1		Myotis sodalis					mMyoSod1	male		Chromosome	2026-06-04	JBXADW01	43
mEumNan1.hap2	GCA_058971805.1		Eumops nanus					mEumNan1	female		Chromosome	2026-07-06	JBZXKM01	114
mLopEvo1.hap2	GCA_051307065.1		Lophostoma evote					mLopEvo1	male		Chromosome	2025-07-14	JBOBQD01	148
mArtInt1.hap1	GCA_038363145.1		Artibeus intermedius					mArtInt1	male	GCA_038363145.1-GB_2025_08_26	Chromosome	2024-04-22	JBAWUS01	419
mMicMic1.hap1	GCA_051107205.1		Micronycteris microtis					mMicMic1	male		Chromosome	2025-06-26	JBPFCR01	189
mGarKee1.hap1	GCA_050655435.1		Gardnerycteris keenani					mGarKee1	male		Chromosome	2025-06-02	JBOKGH01	187
mDerPha1.hap1	GCA_051107565.1		Dermanura phaeotis					mDerPha1	male		Chromosome	2025-06-26	JBPCCM01	105
mPerGos1.hap2	GCA_057877455.1		Peromyscus gossypinus allapaticola					mPerGos1	male		Chromosome	2026-06-03	JBXXQD01	197
mEptFur1.hap1	GCA_054644455.1		Neoeptesicus furinalis					mEptFur1	female		Chromosome	2026-01-22	JBRANA01	127
mMyoTri1.hap2	GCA_054825045.1		Myotis tricolor					mMyoTri1	male		Chromosome	2026-01-29	JBTBFA01	118
mMyoPil1.hap2	GCA_057888765.1		Myotis pilosatibialis					mMyoPil1	female		Chromosome	2026-06-03	JBVAYL01	94
mEidDup1.hap1	GCA_059749095.1		Eidolon dupreanum					mEidDup1	female		Chromosome	2026-08-03	JCBABO01	80
mEptChi1.hap2	GCA_054099605.1		Neoeptesicus chiriquinus					mEptChi1	male		Chromosome	2025-12-18	JBSIDH01	112
mPteRuf1.hap1	GCA_056363885.1		Pteropus rufus					mPteRuf1	female		Chromosome	2026-03-27	JBWDIQ01	148
mMyoNes1.hap1	GCA_054855985.1		Myotis nesopolus					mMyoNes1	male		Chromosome	2026-01-30	JBTVNI01	192
mStuPar1.hap1	GCA_054855685.1		Sturnira parvidens					mStuPar1	male		Chromosome	2026-01-30	JBRFIG01	947
mPlaHel1.hap2	GCA_051107545.1		Platyrrhinus helleri					mPlaHel1	male		Chromosome	2025-06-26	JBPCCL01	265
mRhiBla1.hap1	GCA_057428245.1		Rhinolophus blasii					mRhiBla1	male		Chromosome	2026-05-11	JBXXPW01	196
mMyoEma1.hap2.2	GCA_965115945.2		Myotis emarginatus								Chromosome	2025-04-14	CBCPEK02	418
mRhiCys1.hap2	GCA_055761905.1		Rhinopoma cystops					mRhiCys1	male		Chromosome	2026-03-10	JBVQSY01	424
mNeoFlo1.hap2	GCA_050000045.1		Neotoma floridana					mNeoFlo1	male		Chromosome	2025-04-29	JBNBAY01	942
OncAre_H2_v1	GCA_949786425.1		Onychomys arenicola								Chromosome	2023-04-08	CATKUQ01	679
mOliNig2.hap2	GCA_057876665.1		Oligoryzomys nigripes					mOliNig2	female		Chromosome	2026-06-03	JBYHCS01	95
ASM4919089v1	GCA_049190895.1		Myospalax psilurus				Northeast China	NW-2023b	female		Chromosome	2025-03-31	JAVSCA01	1668
OncLeu_H1_v1	GCA_949786395.1		Onychomys leucogaster								Chromosome	2023-04-08	CATKUN01	1014
ASM2149845v1	GCA_021498455.1		Colobus guereza					KIZ-2021_5	male		Chromosome	2022-01-19	JAKFGS01	1657
mRhyPet1.hap1	GCA_043290085.1		Rhynchocyon petersi					mRhyPet1	male	GCA_043290085.1-GB_2025_12_03	Chromosome	2024-10-17	JBHNZN01	468
mBabCel1.hap2	GCA_057877285.1		Babyrousa celebensis					mBabCel1	male		Chromosome	2026-06-03	JBXADT01	1389
mLesInc1.hap2	GCA_054644215.1		Lestoros inca					mLesInc1	male		Chromosome	2026-01-22	JBTMPI01	98
mSicTri.2	GCA_982258855.1		Sicista trizona								Chromosome	2026-03-11	CEVEHX01	182
ASM2022605v1	GCA_020226055.1		Muntiacus crinifrons					NWPU-IOZ-02	male		Chromosome	2021-10-05	JAGTXT01	5860
Pteropus_rufus_HiC	GCA_028533765.1		Pteropus rufus					Sample2081			Chromosome	2023-02-10	JAPYYI01	469091
Eidolon_dupreanum_HiC	GCA_028627145.1		Eidolon dupreanum					Sample2082			Chromosome	2023-02-16	JAQQSQ01	1191098
Pithecia_pithecia_HiC	GCA_028551515.1		Pithecia pithecia					Jolene	female		Chromosome	2023-02-09	JAPYXZ01	1322362
Babyrousa_celebensis_HiC	GCA_028533215.1		Babyrousa celebensis					Remley	female		Chromosome	2023-02-09	JAPYYC01	696483
Sgui_1.0	GCA_059578245.1		Sotalia guianensis				Cananeia	MN-2026a			Chromosome	2026-07-22	JBXAXP01	46
LinearCen1.1 (normalized)	GCA_000442335.2		Homo sapiens						male		Chromosome	2013-12-06	DAAF01	146
CHM1_1.1	GCA_000306695.2	GCF_000306695.2	Homo sapiens					CHM1			Chromosome	2013-06-14	AMYH02	163
CHM1_1.1	GCF_000306695.2	GCA_000306695.2	Homo sapiens					CHM1		NCBI Homo sapiens Annotation Release 108	Chromosome	2013-06-14	AMYH02	163
HuRef	GCA_000002125.2	GCF_000002125.1	Homo sapiens						male		Chromosome	2007-09-24	ABBA01	4530
HuRef	GCF_000002125.1	GCA_000002125.2	Homo sapiens						male	NCBI Homo sapiens Annotation Release 106	Chromosome	2007-09-24	ABBA01	4530
CSA	GCA_000365445.1		Homo sapiens								Chromosome	2004-02-25	AADC01	54061
WGSA	GCA_000002115.2		Homo sapiens								Chromosome	2004-02-25	AADD01	4940
AKR_J_v3	GCA_922000895.2		Mus musculus								Chromosome	2022-07-01	CAKLHW02	194
FVB_NJ_v3	GCA_921998635.2		Mus musculus								Chromosome	2022-07-01	CAKLHT02	375
AKR_J_v1	GCA_001624295.1		Mus musculus		AKR/J				female		Chromosome	2016-04-26	LVXJ01	5952
Mm_Celera	GCA_000002165.1		Mus musculus		mixed					Annotation submitted by Celera Genomics	Chromosome	2009-03-04	AAHY01	668539
A_J_v1	GCA_001624215.1		Mus musculus		A/J				female		Chromosome	2016-04-26	LVXI01	4687
NZO_HlLtJ_v1	GCA_001624745.1		Mus musculus		NZO/HiLtJ				female		Chromosome	2016-04-26	LVXT01	7021
BALB_cJ_v1	GCA_001632525.1		Mus musculus		BALB/cJ				female		Chromosome	2016-05-09	LVXK01	3824
FVB_NJ_v1	GCA_001624535.1		Mus musculus		FVB/NJ				female		Chromosome	2016-04-26	LVXQ01	5012
C3H_HeJ_v1	GCA_001632575.1		Mus musculus		C3H/HeJ				female		Chromosome	2016-05-09	LVXL01	4068
129S1_SvImJ_v1	GCA_001624185.1		Mus musculus		129S1/SvImJ				female		Chromosome	2016-04-26	LVXH01	7153
DBA_2J_v1	GCA_001624505.1		Mus musculus		DBA/2J				female		Chromosome	2016-04-26	LVXP01	4104
CBA_J_v1	GCA_001624475.1		Mus musculus		CBA/J				female		Chromosome	2016-04-26	LVXO01	5465
C57BL_6NJ_v1	GCA_001632555.1		Mus musculus		C57BL/6NJ				female		Chromosome	2016-05-09	LVXM01	3893
LP_J_v1	GCA_001632615.1		Mus musculus		LP/J				female		Chromosome	2016-05-09	LVXR01	3498
NOD_ShiLtJ_v1	GCA_001624675.1		Mus musculus		NOD/ShiLtJ				female		Chromosome	2016-04-26	LVXS01	5543
PWK_PhJ_v1	GCA_001624775.1		Mus musculus musculus		PWK/PhJ				female		Chromosome	2016-04-26	LVXU01	3139
WSB_EiJ_v3	GCA_921998345.2		Mus musculus domesticus								Chromosome	2022-07-01	CAKLHL02	231
WSB_EiJ_v1	GCA_001624835.1		Mus musculus domesticus		WSB/EiJ				female		Chromosome	2016-04-26	LVXW01	2238
CAST_EiJ_v3	GCA_921999005.2		Mus musculus castaneus								Chromosome	2022-07-01	CAKLHS02	146
CAST_EiJ_v1	GCA_001624445.1		Mus musculus castaneus		CAST/EiJ				female		Chromosome	2016-04-26	LVXN01	2976
mRatBN7.2	GCA_015227675.2	GCF_015227675.2	Rattus norvegicus		BN/NHsdMcwi				male		Chromosome	2020-11-10	JACYVU01	175
mRatBN7.2	GCF_015227675.2	GCA_015227675.2	Rattus norvegicus		BN/NHsdMcwi				male	GCF_015227675.2-RS_2023_06	Chromosome	2020-11-10	JACYVU01	175
Rnor_6.0	GCA_000001895.4	GCF_000001895.5	Rattus norvegicus		mixed				pooled males and females		Chromosome	2014-07-01	AABR07	1394
Rnor_6.0	GCF_000001895.5	GCA_000001895.4	Rattus norvegicus		mixed				pooled males and females	NCBI Rattus norvegicus Annotation Release 106	Chromosome	2014-07-01	AABR07	1394
Rn_Celera	GCF_000002265.2	GCA_000002265.1	Rattus norvegicus		BN; Sprague-Dawley					NCBI Rattus norvegicus Annotation Release 106	Chromosome	2006-12-06	AAHX01	7271
Rn_Celera	GCA_000002265.1	GCF_000002265.2	Rattus norvegicus		BN; Sprague-Dawley					Annotation submitted by Celera Genomics	Chromosome	2006-12-06	AAHX01	392288
ASM5674852v1	GCA_056748525.1		Bos taurus	Mongolian				NMG16	male		Chromosome	2026-04-16	JAJGXD01	392
Btau_5.0.1	GCA_000003205.6	GCF_000003205.7	Bos taurus	Hereford					pooled male and female		Chromosome	2015-11-19	AAFC05	5998
Btau_5.0.1	GCF_000003205.7	GCA_000003205.6	Bos taurus	Hereford					pooled male and female	NCBI Bos taurus Annotation Release 105	Chromosome	2015-11-19	AAFC05	5998
Bos_taurus_UMD_3.1.1	GCA_000003055.5	GCF_000003055.6	Bos taurus	Hereford					pooled male and female	Annotation submitted by Center for Bioinformatics and Computational Biology, University of Maryland	Chromosome	2014-11-25	DAAA02	6336
Bos_taurus_UMD_3.1.1	GCF_000003055.6	GCA_000003055.5	Bos taurus	Hereford					pooled male and female	NCBI Bos taurus Annotation Release 105	Chromosome	2014-11-25	DAAA02	6336
UMICH_Zoey_3.1	GCA_005444595.1	GCF_005444595.1	Canis lupus familiaris	Great Dane				Zoey	female		Chromosome	2019-05-30	REHQ01	793
UMICH_Zoey_3.1	GCF_005444595.1	GCA_005444595.1	Canis lupus familiaris	Great Dane				Zoey	female	NCBI Canis lupus familiaris Annotation Release 106	Chromosome	2019-05-30	REHQ01	793
Mmul_10	GCA_003339765.3	GCF_003339765.1	Macaca mulatta					AG07107	female		Chromosome	2019-02-13	QNVO02	2978
Mmul_10	GCF_003339765.1	GCA_003339765.3	Macaca mulatta					AG07107	female	NCBI Macaca mulatta Annotation Release 103	Chromosome	2019-02-13	QNVO02	2978
Mmul_8.0.1	GCA_000772875.3	GCF_000772875.2	Macaca mulatta					17573	female		Chromosome	2015-11-30	JSUE03	286262
Mmul_8.0.1	GCF_000772875.2	GCA_000772875.3	Macaca mulatta					17573	female	NCBI Macaca mulatta Annotation Release 102	Chromosome	2015-11-30	JSUE03	286262
Mmul_051212	GCF_000002255.3	GCA_000002255.2	Macaca mulatta					17573	female	Annotation submitted by NCBI RefSeq	Chromosome	2006-02-27	AANU01	124035
Mmul_051212	GCA_000002255.2	GCF_000002255.3	Macaca mulatta					17573	female		Chromosome	2006-02-27	AANU01	124054
Oar_rambouillet_v1.0	GCA_002742125.1	GCF_002742125.1	Ovis aries	Rambouillet	OAR_USU_Benz2616				female		Chromosome	2017-11-02	PEKD01	2640
Oar_rambouillet_v1.0	GCF_002742125.1	GCA_002742125.1	Ovis aries	Rambouillet	OAR_USU_Benz2616				female	NCBI Ovis aries Annotation Release 103	Chromosome	2017-11-02	PEKD01	2640
Oar_v4.0	GCA_000298735.2	GCF_000298735.2	Ovis aries	Texel							Chromosome	2015-11-20	AMGL02	5465
Oar_v4.0	GCF_000298735.2	GCA_000298735.2	Ovis aries	Texel						NCBI Ovis aries Annotation Release 102	Chromosome	2015-11-20	AMGL02	5465
Ovis_aries_1.0	GCA_000005525.1		Ovis aries	mixed					female		Chromosome	2010-02-25	ACIV01	1331
UM_NZW_1.0	GCA_009806435.2	GCF_009806435.1	Oryctolagus cuniculus	New Zealand White				DNA-2018	male		Chromosome	2021-02-04	VIYN02	3159
UM_NZW_1.0	GCF_009806435.1	GCA_009806435.2	Oryctolagus cuniculus	New Zealand White				DNA-2018	male	GCF_009806435.1-RS_2023_02	Chromosome	2021-02-04	VIYN02	3159
OryCun2.0	GCF_000003625.3	GCA_000003625.1	Oryctolagus cuniculus	Thorbecke inbred					female	NCBI Oryctolagus cuniculus Annotation Release 102	Chromosome	2009-10-20	AAGW02	3317
OryCun2.0	GCA_000003625.1	GCF_000003625.3	Oryctolagus cuniculus	Thorbecke inbred					female		Chromosome	2009-10-20	AAGW02	3318
MFA1912RKSv2	GCA_012559485.3	GCF_012559485.2	Macaca fascicularis					CE1976F			Chromosome	2021-10-26	BLPH02	400
MFA1912RKSv2	GCF_012559485.2	GCA_012559485.3	Macaca fascicularis					CE1976F		NCBI Macaca fascicularis Annotation Release 102	Chromosome	2021-10-26	BLPH02	400
Macaca_fascicularis_5.0	GCA_000364345.1	GCF_000364345.1	Macaca fascicularis						female		Chromosome	2013-06-12	AQIA01	7624
Macaca_fascicularis_5.0	GCF_000364345.1	GCA_000364345.1	Macaca fascicularis						female	NCBI Macaca fascicularis Annotation Release 101	Chromosome	2013-06-12	AQIA01	7624
EquCab3.0	GCA_002863925.1	GCF_002863925.1	Equus caballus	thoroughbred				Twilight	female		Chromosome	2018-01-05	PJAA01	4700
EquCab3.0	GCF_002863925.1	GCA_002863925.1	Equus caballus	thoroughbred				Twilight	female	GCF_002863925.1-RS_2024_08	Chromosome	2018-01-05	PJAA01	4700
EquCab2.0	GCF_000002305.2	GCA_000002305.1	Equus caballus	thoroughbred				Twilight	female	NCBI Equus caballus Annotation Release 102	Chromosome	2007-10-29	AAWR02	9687
EquCab2.0	GCA_000002305.1	GCF_000002305.2	Equus caballus	thoroughbred				Twilight	female		Chromosome	2007-10-29	AAWR02	9687
Callithrix_jacchus_cj1700_1.1	GCA_009663435.2	GCF_009663435.1	Callithrix jacchus		cj1700				female		Chromosome	2020-05-22	WJHW01	993
Callithrix_jacchus_cj1700_1.1	GCF_009663435.1	GCA_009663435.2	Callithrix jacchus		cj1700			SNPRC 17081; SNPRC 17065; SNPRC 17066	female	NCBI Callithrix jacchus Annotation Release 105	Chromosome	2020-05-22	WJHW01	993
mCalJa1.2.pat.X	GCA_011100555.2	GCF_011100555.1	Callithrix jacchus					mCalJac1	male		Chromosome	2021-04-28	JAALXP02	1233
mCalJa1.2.pat.X	GCF_011100555.1	GCA_011100555.2	Callithrix jacchus					mCalJac1	male	GCF_011100555.1-RS_2023_03	Chromosome	2021-04-28	JAALXP02	1233
Chlorocebus_sabeus 1.1	GCA_000409795.2	GCF_000409795.2	Chlorocebus sabaeus					1994-021	male		Chromosome	2014-03-25	AQIB01	2021
Chlorocebus_sabeus 1.1	GCF_000409795.2	GCA_000409795.2	Chlorocebus sabaeus					1994-021	male	NCBI Chlorocebus sabaeus Annotation Release 100	Chromosome	2014-03-25	AQIB01	2021
Callithrix jacchus-3.2	GCA_000004665.1	GCF_000004665.1	Callithrix jacchus								Chromosome	2010-01-22	ACFV01	16399
Callithrix jacchus-3.2	GCF_000004665.1	GCA_000004665.1	Callithrix jacchus							NCBI Callithrix jacchus Annotation Release 104	Chromosome	2010-01-22	ACFV01	16399
ASM293397v1	GCA_002933975.1		Bos indicus	Gir					male		Chromosome	2018-02-22	PRDE01	216408
Bos_indicus_1.0	GCA_000247795.2	GCF_000247795.1	Bos indicus	Nelore				QUIL7308	male		Chromosome	2014-11-25	AGFL01	31
Bos_indicus_1.0	GCF_000247795.1	GCA_000247795.2	Bos indicus	Nelore				QUIL7308	male	NCBI Bos indicus Annotation Release 100	Chromosome	2014-11-25	AGFL01	31
UOA_WB_1	GCA_003121395.1	GCF_003121395.1	Bubalus bubalis	Mediterranean					female		Chromosome	2018-05-14	PZYV01	508
UOA_WB_1	GCF_003121395.1	GCA_003121395.1	Bubalus bubalis	Mediterranean					female	NCBI Bubalus bubalis Annotation Release 101	Chromosome	2018-05-14	PZYV01	508
NDDB_DH_1	GCA_019923925.1	GCF_019923925.1	Bubalus bubalis	Murrah				160015118507	female		Chromosome	2021-09-10	VDCC01	33
NDDB_DH_1	GCF_019923925.1	GCA_019923925.1	Bubalus bubalis	Murrah				160015118507	female	NCBI Bubalus bubalis Annotation Release 102	Chromosome	2021-09-10	VDCC01	33
Clint_PTRv2	GCA_002880755.3	GCF_002880755.1	Pan troglodytes					Yerkes chimp pedigree #C0471 (Clint)	male	Annotation submitted by University of Washington	Chromosome	2018-01-19	NBAG03	4418
Clint_PTRv2	GCF_002880755.1	GCA_002880755.3	Pan troglodytes					Yerkes chimp pedigree #C0471 (Clint)	male	NCBI Pan troglodytes Annotation Release 105	Chromosome	2018-01-19	NBAG03	4431
Pan_tro 3.0	GCA_000001515.5	GCF_000001515.7	Pan troglodytes					Yerkes chimp pedigree #C0471 (Clint)	male		Chromosome	2016-05-03	AACZ04	45510
Pan_tro 3.0	GCF_000001515.7	GCA_000001515.5	Pan troglodytes					Yerkes chimp pedigree #C0471 (Clint)	male	NCBI Pan troglodytes Annotation Release 104	Chromosome	2016-05-03	AACZ04	45510
MonDom5	GCA_000002295.1	GCF_000002295.2	Monodelphis domestica								Chromosome	2007-01-25	AAFR03	5137
MonDom5	GCF_000002295.2	GCA_000002295.1	Monodelphis domestica							NCBI Monodelphis domestica Annotation Release 103	Chromosome	2007-01-25	AAFR03	5222
Panu_3.0	GCA_000264685.2	GCF_000264685.3	Papio anubis					1X1155	female		Chromosome	2017-04-20	AHZZ02	71134
Panu_3.0	GCF_000264685.3	GCA_000264685.2	Papio anubis					1X1155	female	NCBI Papio anubis Annotation Release 103	Chromosome	2017-04-20	AHZZ02	71134
HiC_Itri_2	GCA_016881025.1	GCF_016881025.1	Ictidomys tridecemlineatus					GS200	female	Annotation submitted by Stanford University School of Medicine	Chromosome	2021-02-17	JAESOR01	7131
HiC_Itri_2	GCF_016881025.1	GCA_016881025.1	Ictidomys tridecemlineatus					GS200	female	NCBI Ictidomys tridecemlineatus Annotation Release 103	Chromosome	2021-02-17	JAESOR01	7131
ASM1607732v2	GCA_016077325.2	GCF_016077325.2	Equus asinus	Dezhou					male		Chromosome	2021-10-14	JADWZW02	50
ASM1607732v2	GCF_016077325.2	GCA_016077325.2	Equus asinus	Dezhou					male	NCBI Equus asinus Annotation Release 101	Chromosome	2021-10-14	JADWZW02	50
HU_Pman_2.1.3	GCA_003704035.3	GCF_003704035.1	Peromyscus maniculatus bairdii					BW	female		Chromosome	2020-09-17	RCWR01	8523
HU_Pman_2.1.3	GCF_003704035.1	GCA_003704035.3	Peromyscus maniculatus bairdii					BW	female	NCBI Peromyscus maniculatus bairdii Annotation Release 102	Chromosome	2020-09-17	RCWR01	8523
CamDro3	GCA_000803125.3	GCF_000803125.2	Camelus dromedarius	African				Drom800	female	Annotation submitted by Vetmeduni Vienna	Chromosome	2019-10-07	JWIN03	21069
CamDro3	GCF_000803125.2	GCA_000803125.3	Camelus dromedarius	African				Drom800	female	NCBI Camelus dromedarius Annotation Release 101	Chromosome	2019-10-07	JWIN03	21069
Kamilah_GGO_v0	GCA_008122165.1	GCF_008122165.1	Gorilla gorilla gorilla	western lowland gorilla				Kamilah (stud number 0661)	female		Chromosome	2019-08-28	SRLZ01	5705
Kamilah_GGO_v0	GCF_008122165.1	GCA_008122165.1	Gorilla gorilla gorilla	western lowland gorilla				Kamilah (stud number 0661)	female	NCBI Gorilla gorilla Annotation Release 102	Chromosome	2019-08-28	SRLZ01	5705
gorGor4	GCA_000151905.3	GCF_000151905.2	Gorilla gorilla gorilla								Chromosome	2014-12-19	CABD03	40729
gorGor4	GCF_000151905.2	GCA_000151905.3	Gorilla gorilla gorilla							NCBI Gorilla gorilla Annotation Release 101	Chromosome	2014-12-19	CABD03	40729
Susie_PABv2	GCA_002880775.3	GCF_002880775.1	Pongo abelii					Susie	female	Annotation submitted by University of Washington	Chromosome	2018-01-19	NDHI03	5299
Susie_PABv2	GCF_002880775.1	GCA_002880775.3	Pongo abelii					Susie	female	NCBI Pongo abelii Annotation Release 103	Chromosome	2018-01-19	NDHI03	5299
ASM2128878v3	GCA_021288785.3	GCF_021288785.2	Mirounga angustirostris					JK_09032017			Chromosome	2022-12-21	JAJSZF01	142455
ASM2128878v3	GCF_021288785.2	GCA_021288785.3	Mirounga angustirostris					JK_09032017		GCF_021288785.2-RS_2023_03	Chromosome	2022-12-21	JAJSZF01	142455
Mmur_3.0	GCA_000165445.3	GCF_000165445.2	Microcebus murinus					mixed	pooled male and female		Chromosome	2017-02-06	ABDC03	7677
Mmur_3.0	GCF_000165445.2	GCA_000165445.3	Microcebus murinus					mixed	pooled male and female	NCBI Microcebus murinus Annotation Release 101	Chromosome	2017-02-06	ABDC03	7677
panpan1.1	GCA_000258655.2	GCF_000258655.2	Pan paniscus					Ulindi	female		Chromosome	2015-08-18	AJFE02	10983
panpan1.1	GCF_000258655.2	GCA_000258655.2	Pan paniscus					Ulindi	female	NCBI Pan paniscus Annotation Release 103	Chromosome	2015-08-18	AJFE02	10983
Nleu_3.0	GCA_000146795.3	GCF_000146795.2	Nomascus leucogenys					Asia; international studbook 0098	female		Chromosome	2012-12-08	ADFV01	17524
Nleu_3.0	GCF_000146795.2	GCA_000146795.3	Nomascus leucogenys					Asia; international studbook 0098	female	NCBI Nomascus leucogenys Annotation Release 102	Chromosome	2012-12-08	ADFV01	17524
OchPri4.0	GCA_014633375.1	GCF_014633375.1	Ochotona princeps					UAM:Mamm:113957	male		Chromosome	2020-09-21	JACJUE01	9350
OchPri4.0	GCF_014633375.1	GCA_014633375.1	Ochotona princeps					UAM:Mamm:113957	male	NCBI Ochotona princeps Annotation Release 102	Chromosome	2020-09-21	JACJUE01	9350
mPanOnc1 haplotype 1	GCA_046562885.2	GCF_046562885.1	Panthera onca					mPanOnc1	male		Chromosome	2025-01-08	JBKGDW01	115
mPanOnc1 haplotype 1	GCF_046562885.1	GCA_046562885.2	Panthera onca					mPanOnc1	male	GCF_046562885.1-RS_2025_12	Chromosome	2025-01-08	JBKGDW01	115
Panthera_onca_HiC	GCA_028533385.1	GCF_028533385.1	Panthera onca					Sample0147	female		Chromosome	2023-02-09	JAQIGD01	410583
Panthera_onca_HiC	GCF_028533385.1	GCA_028533385.1	Panthera onca					Sample0147	female	GCF_028533385.1-RS_2023_10	Chromosome	2023-02-09	JAQIGD01	36242
mCalLat2.hap2	GCA_048772825.1	GCF_048772825.1	Callospermophilus lateralis					mCalLat2	male		Chromosome	2025-03-21	JBMETH01	2820
mCalLat2.hap2	GCF_048772825.1	GCA_048772825.1	Callospermophilus lateralis					mCalLat2	male	GCF_048772825.1-RS_2025_09	Chromosome	2025-03-21	JBMETH01	2820
Tgel_1.0	GCA_003255815.1	GCF_003255815.1	Theropithecus gelada					Dixy	female		Chromosome	2018-06-19	QGDE01	15307
Tgel_1.0	GCF_003255815.1	GCA_003255815.1	Theropithecus gelada					Dixy	female	NCBI Theropithecus gelada Annotation Release 100	Chromosome	2018-06-19	QGDE01	15307
UniMelb_ThyCyn2.0_hybrid_assembly	GCA_007646695.3		Thylacinus cynocephalus					PY-MV-C5757	female		Chromosome	2022-04-04	VAHE03	149109
CAROLI_EIJ_v1.1	GCF_900094665.2	GCA_900094665.2	Mus caroli						female	NCBI Mus caroli Annotation Release 101	Chromosome	2017-04-28	FMAL02	3077
CAROLI_EIJ_v1.1	GCA_900094665.2	GCF_900094665.2	Mus caroli						female		Chromosome	2017-04-28	FMAL02	3162
ARS_Simm1.0	GCA_018282465.1		Bos taurus x Bison bison					Buzz	male		Chromosome	2021-05-06	JAEQBJ01	1313
ARS-UCSC_bison1.0	GCA_018282365.1		Bos taurus x Bison bison					Buzz	male		Chromosome	2021-05-06	JAEQBK01	774
TAMU_Bison_Bison_3.0	GCA_030254855.1		Bos taurus x Bison bison					BWD-2023a	female		Chromosome	2023-06-12	JASFYB01	661
mCroZim1.2	GCA_965212715.2		Crocidura gueldenstaedtii								Chromosome	2025-07-07	CBDBWC02	145
HG02982_oneliner	GCA_948473235.1		Homo sapiens								Chromosome	2023-05-18		1
GM21113_oneliner	GCA_948474675.1		Homo sapiens								Chromosome	2023-05-18		1
HG02666_oneliner	GCA_948473255.1		Homo sapiens								Chromosome	2023-05-18		1
GM18874_oneliner	GCA_948473215.1		Homo sapiens								Chromosome	2023-05-18		1
HG01974_oneliner	GCA_948474725.1		Homo sapiens								Chromosome	2023-05-18		1
HG00542_oneliner	GCA_948473225.1		Homo sapiens								Chromosome	2023-05-18		1
HG03998_oneliner	GCA_948474735.1		Homo sapiens								Chromosome	2023-05-18		1
chr_tw5	GCA_048544855.1		Mus musculus musculus		C57BL/6J				female		Chromosome	2025-03-12	JBLDZW01	1
T2T-sheep1.0P	GCA_040836155.1		Ovis aries	Hu sheep				HU3095-Father	male	Annotation submitted by China Agricultural University	Chromosome	2024-07-24		27
T2T-goat2.0P	GCA_041053135.1		Capra hircus	Inner Mongolia cashmere goat					male		Chromosome	2024-08-05		30
T2T-goat1.0P	GCA_041920685.1		Capra hircus	Inner Mongolia cashmere goat					male	Annotation submitted by China Agricultural University	Chromosome	2024-09-14		30
calJac240_alt	GCA_049354655.1		Callithrix jacchus					240	male		Chromosome	2025-04-08	JBLWJE01	22
SMU_DYY_1.0	GCA_056775595.1		Bos grunniens	Maiwa				MaiWa_20	male		Chromosome	2026-03-24	JBKZAP01	1
NHGRI_mPanTro3-v2.0_alt	GCA_028858805.2		Pan troglodytes					AG18354	male		Chromosome	2024-01-08	JAQQLO02	23
HU_Pman_NUB_pat_3.1	GCA_049852375.1		Peromyscus maniculatus nubiterrae					BWxNUB_F1_NUB_parent	male		Chromosome	2025-04-22	JBMNXR01	23
ASM4859334v1	GCA_048593345.1		Notamacropus eugenii					Barry	male		Chromosome	2025-03-17	JBMDLP01	8
NHGRI_mGorGor1-v2.0_pat	GCA_028885475.2		Gorilla gorilla gorilla					KB3781	male		Chromosome	2024-01-08	JAQQLK02	24
ASM4859332v1	GCA_048593325.1		Sarcophilus harrisii					McLovin	male		Chromosome	2025-03-17	JBMDLS01	6
NGS12	GCA_900086635.1		Pongo pygmaeus								Chromosome	2016-07-09		1
ASM103953v1	GCA_001039535.1		Ovis canadensis canadensis					43U	male		Chromosome	2015-06-25		27
CRA_TCAGchr7v2	GCA_000002135.3	GCF_000002135.2	Homo sapiens								Chromosome	2004-09-01		6
CRA_TCAGchr7v2	GCF_000002135.2	GCA_000002135.3	Homo sapiens							NCBI Homo sapiens Annotation Release 105	Chromosome	2004-09-01		6
WTSI_X_Y_pig V2	GCA_900119615.2		Sus scrofa								Chromosome	2017-02-08	FPKY02	11
Mmul_Y_1.0	GCA_001270425.1		Macaca mulatta						male		Chromosome	2015-08-20		3
Callithrix_jacchus_cj1700_chrY	GCA_013138085.1		Callithrix jacchus					SNPRC 17081; SNPRC 17065; SNPRC 17066	pooled male and female		Chromosome	2020-05-22		9
ICC22C chr21	GCA_000090855.1		Pan troglodytes								Chromosome	2004-07-02		3
CCYSCv1	GCA_000002175.2	GCF_000002175.1	Pan troglodytes verus								Chromosome	2006-04-20		2
CCYSCv1	GCF_000002175.1	GCA_000002175.2	Pan troglodytes verus								Chromosome	2006-04-20		2
NHGRI_mPonAbe1-v2.0_alt	GCA_028885685.2		Pongo abelii					AG06213	male		Chromosome	2024-01-05	JAQQLR02	48
NHGRI_mSymSyn1-v2.0_alt	GCA_028878085.3		Symphalangus syndactylus					Jambi	male		Chromosome	2024-01-05	JAQQLH02	40
ASM2088199v2	GCA_020881995.2		Homo sapiens					NA24385	male		Chromosome	2022-01-24		2
ASM1689442v1	GCA_016894425.1		Homo sapiens					CHM13	female		Chromosome	2021-02-16		1
HG00358.HIFIRW.ONTUL.na.chrY	GCA_964035085.1		Homo sapiens								Chromosome	2024-04-28		11
HC02666.HIFIRW.ONTUL.na.chrY	GCA_964035025.1		Homo sapiens								Chromosome	2024-04-28		2
NA19317.HIFIRW.ONTUL.na.chrY	GCA_964035065.1		Homo sapiens								Chromosome	2024-04-28		17
HG01890.HIFIRW.ONTUL.na.chrY	GCA_964035445.1		Homo sapiens								Chromosome	2024-04-29		10
HG03371.HIFIRW.ONTUL.na.chrY	GCA_964035295.1		Homo sapiens								Chromosome	2024-04-28		61
HG02011.HIFIRW.ONTUL.na.chrY	GCA_964035455.1		Homo sapiens								Chromosome	2024-04-29		6
HC01457.HIFIRW.ONTUL.na.chrY	GCA_964035035.1		Homo sapiens								Chromosome	2024-04-28		9
HG01106.HIFIRW.ONTUL.na.chrY	GCA_964035265.1		Homo sapiens								Chromosome	2024-04-28		16
NA19705.HIFIRW.ONTUL.na.chrY	GCA_964035395.1		Homo sapiens								Chromosome	2024-04-28		7
HG03248.HIFIRW.ONTUL.na.chrY	GCA_964035115.1		Homo sapiens								Chromosome	2024-04-28		18
HG00621.HIFIRW.ONTUL.na.chrY	GCA_964035185.1		Homo sapiens								Chromosome	2024-04-28		16
NA20509.HIFIRW.ONTUL.na.chrY	GCA_964035205.1		Homo sapiens								Chromosome	2024-04-28		54
HG01505.HIFIRW.ONTUL.na.chrY	GCA_964035155.1		Homo sapiens								Chromosome	2024-04-28		17
HG02492.HIFIRW.ONTUL.na.chrY	GCA_964035355.1		Homo sapiens								Chromosome	2024-04-28		14
NA19347.HIFIRW.ONTUL.na.chrY	GCA_964035225.1		Homo sapiens								Chromosome	2024-04-28		13
HG01952.HIFIRW.ONTUL.na.chrY	GCA_964035435.1		Homo sapiens								Chromosome	2024-04-29		12
HG01928.HIFIRW.ONTUL.na.chrY	GCA_964035055.1		Homo sapiens								Chromosome	2024-04-28		10
HG02717.HIFIRW.ONTUL.na.chrY	GCA_964035385.1		Homo sapiens								Chromosome	2024-04-28		20
NA19650.HIFIRW.ONTUL.na.chrY	GCA_964035375.1		Homo sapiens								Chromosome	2024-04-28		11
HC18989.HIFIRW.ONTUL.na.chrY	GCA_964035215.1		Homo sapiens								Chromosome	2024-04-28		44
HG01243.HIFIRW.ONTUL.na.chrY	GCA_964035415.1		Homo sapiens								Chromosome	2024-04-28		23
HG03065.HIFIRW.ONTUL.na.chrY	GCA_964035335.1		Homo sapiens								Chromosome	2024-04-28		29
HG03471.HIFIRW.ONTUL.na.chrY	GCA_964035305.1		Homo sapiens								Chromosome	2024-04-28		23
HG01258.HIFIRW.ONTUL.na.chrY	GCA_964035365.1		Homo sapiens								Chromosome	2024-04-28		18
HG02953.HIFIRW.ONTUL.na.chrY	GCA_964035135.1		Homo sapiens								Chromosome	2024-04-28		60
HG03579.HIFIRW.ONTUL.na.chrY	GCA_964035165.1		Homo sapiens								Chromosome	2024-04-28		12
HG02486.HIFIRW.ONTUL.na.chrY	GCA_964035235.1		Homo sapiens								Chromosome	2024-04-28		30
HG03009.HIFIRW.ONTUL.na.chrY	GCA_964035255.1		Homo sapiens								Chromosome	2024-04-28		53
HG02554.HIFIRW.ONTUL.na.chrY	GCA_964035145.1		Homo sapiens								Chromosome	2024-04-28		35
NA18534.HIFIRW.ONTUL.na.chrY	GCA_964035275.1		Homo sapiens								Chromosome	2024-04-28		45
HG01596.HIFIRW.ONTUL.na.chrY	GCA_964035125.1		Homo sapiens								Chromosome	2024-04-28		49
HC19384.HIFIRW.ONTUL.na.chrY	GCA_964035075.1		Homo sapiens								Chromosome	2024-04-28		32
HG02572.HIFIRW.ONTUL.na.chrY	GCA_964035315.1		Homo sapiens								Chromosome	2024-04-28		44
HG00096.HIFIRW.ONTUL.na.chrY	GCA_964035245.1		Homo sapiens								Chromosome	2024-04-28		75
HG01358.HIFIRW.ONTUL.na.chrY	GCA_964035325.1		Homo sapiens								Chromosome	2024-04-28		23
HG00673.HIFIRW.ONTUL.na.chrY	GCA_964035175.1		Homo sapiens								Chromosome	2024-04-28		124
HG03732.HIFIRW.ONTUL.na.chrY	GCA_964035285.1		Homo sapiens								Chromosome	2024-04-28		66
HG01109.HIFIRW.ONTUL.na.chrY	GCA_964035095.1		Homo sapiens								Chromosome	2024-04-28		48
HG00512.HIFIRW.ONTUL.na.chrY	GCA_964035345.1		Homo sapiens								Chromosome	2024-04-28		113
NA19331.HIFIRW.ONTUL.na.chrY	GCA_964035045.1		Homo sapiens								Chromosome	2024-04-28		100
HG03492.HIFIRW.ONTUL.na.chrY	GCA_964035405.1		Homo sapiens								Chromosome	2024-04-28		60
HG00731.HIFIRW.ONTUL.na.chrY	GCA_964035195.1		Homo sapiens								Chromosome	2024-04-28		45
NA19239.HIFIRW.ONTUL.na.chrY	GCA_964035105.1		Homo sapiens								Chromosome	2024-04-28		217
ASM2306533v1	GCA_023065335.1		Sus scrofa	Duroc				DRC192	male		Chromosome	2022-04-20		1
ASM2306535v1	GCA_023065355.1		Sus scrofa	Bamaxiang				BMX194	male		Chromosome	2022-04-20		1
ASM3037850v1	GCA_030378505.1		Bos taurus	Wagyu					male		Chromosome	2023-07-01		1
Lak_Megaphage_Wal-1	GCA_964162815.1		Canis lupus familiaris								Chromosome	2024-06-06		1
Lak_Megaphage_Wal-2	GCA_964164975.1		Canis lupus familiaris								Chromosome	2024-06-06		1
ASM3051244v1	GCA_030512445.1		Ovis aries	Churro					male		Chromosome	2023-07-20		1
T2T-MFA8v1.1	GCA_048601705.1		Macaca fascicularis					0214	male		Chromosome	2024-09-18		1
