qseqid	sseqid	sstart	send	sstrand	pident	qcovs	source_file	adjusted_start	adjusted_end
NC_027117.1_env_10	gb|CM014254.2|	113798858	113797977	minus	95.011	50	GCA_004126475.3_derv_env	113797477	113799358
NC_027117.1_gag_4	gb|CM014254.2|	113801258	113799077	minus	94.147	100	GCA_004126475.3_derv_gag	113798577	113801758
NC_027117.1_env_10	gb|CM014255.2|	89609288	89607686	minus	95.696	91	GCA_004126475.3_derv_env	89607186	89609788
NC_027117.1_gag_4	gb|CM014255.2|	89611532	89609347	minus	94.516	100	GCA_004126475.3_derv_gag	89608847	89612032
NC_027117.1_env_10	gb|CM014255.2|	208367571	208366091	minus	95.412	91	GCA_004126475.3_derv_env	208365591	208368071
NC_027117.1_gag_4	gb|CM014255.2|	208370279	208368096	minus	93.97	100	GCA_004126475.3_derv_gag	208367596	208370779
NC_027117.1_LTR_12	gb|CM014256.2|	90528068	90527220	minus	88.719	55	GCA_004126475.3_derv_ltr	90526720	90528568
NC_027117.1_LTR_1	gb|CM014256.2|	90529021	90528635	minus	93.35	100	GCA_004126475.3_derv_ltr	90528135	90529521
NC_027117.1_gag_4	gb|CM014257.2|	130477268	130479239	plus	94.732	90	GCA_004126475.3_derv_gag	130476768	130479739
NC_027117.1_env_10	gb|CM014257.2|	130479221	130480295	plus	95.256	61	GCA_004126475.3_derv_env	130478721	130480795
NC_027117.1_gag_4	gb|CM014257.2|	130487646	130489618	plus	94.684	90	GCA_004126475.3_derv_gag	130487146	130490118
NC_027117.1_env_10	gb|CM014257.2|	130489600	130490674	plus	95.163	61	GCA_004126475.3_derv_env	130489100	130491174
NC_027117.1_gag_4	gb|CM014257.2|	130498026	130499995	plus	94.428	90	GCA_004126475.3_derv_gag	130497526	130500495
NC_027117.1_env_10	gb|CM014257.2|	130499977	130501051	plus	95.256	61	GCA_004126475.3_derv_env	130499477	130501551
NC_027117.1_gag_4	gb|CM014260.2|	166215	168368	plus	92.41	100	GCA_004126475.3_derv_gag	165715	168868
NC_027117.1_env_10	gb|CM014260.2|	168893	170373	plus	95.614	84	GCA_004126475.3_derv_env	168393	170873
NC_027117.1_gag_4	gb|CM014260.2|	85002113	85004296	plus	93.921	100	GCA_004126475.3_derv_gag	85001613	85004796
NC_027117.1_pol_8	gb|CM014262.2|	62401928	62399563	minus	96.45	98	GCA_004126475.3_derv_pol	62399063	62402428
NC_027117.1_complete	gb|CM014262.2|	62405427	62399563	minus	94.481	56	GCA_004126475.3_derv_complete	62399063	62405927
NC_027117.1_gag_4	gb|CM014262.2|	62405099	62402920	minus	93.151	100	GCA_004126475.3_derv_gag	62402420	62405599
NC_027117.1_gag_4	gb|CM014263.2|	68809347	68811534	plus	94.653	100	GCA_004126475.3_derv_gag	68808847	68812034
NC_027117.1_pol_8	gb|CM014263.2|	68811914	68813723	plus	96.374	75	GCA_004126475.3_derv_pol	68811414	68814223
NC_027117.1_env_10	gb|CM014263.2|	68813758	68815525	plus	95.706	100	GCA_004126475.3_derv_env	68813258	68816025
NC_027117.1_env_10	gb|CM014265.2|	17614006	17612530	minus	95.682	84	GCA_004126475.3_derv_env	17612030	17614506
NC_027117.1_gag_4	gb|CM014265.2|	17616740	17614531	minus	93.583	100	GCA_004126475.3_derv_gag	17614031	17617240
NC_027117.1_gag_4	gb|CM014266.2|	74404933	74407140	plus	93.614	100	GCA_004126475.3_derv_gag	74404433	74407640
NC_027117.1_env_10	gb|CM014266.2|	74407665	74409145	plus	95.816	84	GCA_004126475.3_derv_env	74407165	74409645
NC_027117.1_pol_8	gb|CM014267.2|	2703617	2701262	minus	96.095	97	GCA_004126475.3_derv_pol	2700762	2704117
NC_027117.1_complete	gb|CM014267.2|	2707140	2701262	minus	93.955	56	GCA_004126475.3_derv_complete	2700762	2707640
NC_027117.1_gag_4	gb|CM014267.2|	2706798	2704609	minus	92.315	100	GCA_004126475.3_derv_gag	2704109	2707298
NC_027117.1_env_10	gb|CM014267.2|	50727809	50726329	minus	95.479	84	GCA_004126475.3_derv_env	50725829	50728309
NC_027117.1_gag_4	gb|CM014267.2|	50730522	50728335	minus	94.744	100	GCA_004126475.3_derv_gag	50727835	50731022
NC_027117.1_gag_4	gb|CM040274.1|	9767271	9769457	plus	99.406	100	GCA_022682395.2_derv_gag	9766771	9769957
NC_027117.1_env_10	gb|CM040274.1|	9770549	9771638	plus	99.541	100	GCA_022682395.2_derv_env	9770049	9772138
NC_027117.1_env_10	gb|CM040274.1|	31260096	31261185	plus	99.45	100	GCA_022682395.2_derv_env	31259596	31261685
NC_027117.1_LTR_12	gb|CM040274.1|	89576261	89574720	minus	98.9	100	GCA_022682395.2_derv_ltr	89574220	89576761
NC_027117.1_env_10	gb|CM040274.1|	89578052	89576262	minus	98.325	100	GCA_022682395.2_derv_env	89575762	89578552
NC_027117.1_gag_4	gb|CM040274.1|	89580381	89578972	minus	99.22	100	GCA_022682395.2_derv_gag	89578472	89580881
NC_027117.1_LTR_1	gb|CM040274.1|	89582586	89582196	minus	100.0	100	GCA_022682395.2_derv_ltr	89581696	89583086
NC_027117.1_complete	gb|CM040274.1|	104580796	104589430	plus	98.868	82	GCA_022682395.2_derv_complete	104580296	104589930
NC_027117.1_gag_4	gb|CM040274.1|	104581360	104583546	plus	99.543	100	GCA_022682395.2_derv_gag	104580860	104584046
NC_027117.1_pol_8	gb|CM040274.1|	104584535	104586952	plus	99.256	100	GCA_022682395.2_derv_pol	104584035	104587452
NC_027117.1_env_10	gb|CM040274.1|	104586987	104588751	plus	98.814	100	GCA_022682395.2_derv_env	104586487	104589251
NC_027117.1_env_10	gb|CM040274.1|	120837662	120836573	minus	99.266	100	GCA_022682395.2_derv_env	120836073	120838162
NC_027117.1_gag_4	gb|CM040274.1|	120840935	120838749	minus	98.994	100	GCA_022682395.2_derv_gag	120838249	120841435
NC_027117.1_complete	gb|CM040274.1|	198152766	198158880	plus	98.776	82	GCA_022682395.2_derv_complete	198152266	198159380
NC_027117.1_gag_4	gb|CM040274.1|	198153330	198155516	plus	99.36	100	GCA_022682395.2_derv_gag	198152830	198156016
NC_027117.1_pol_8	gb|CM040274.1|	198156505	198158880	plus	99.158	100	GCA_022682395.2_derv_pol	198156005	198159380
NC_027117.1_env_10	gb|CM040274.1|	198158873	198159840	plus	98.967	100	GCA_022682395.2_derv_env	198158373	198160340
NC_027117.1_env_10	gb|CM040275.1|	141088749	141087660	minus	99.541	62	GCA_022682395.2_derv_env	141087160	141089249
NC_027117.1_gag_4	gb|CM040275.1|	141092018	141089831	minus	99.223	100	GCA_022682395.2_derv_gag	141089331	141092518
NC_027117.1_env_10	gb|CM040276.1|	68792480	68791391	minus	99.541	62	GCA_022682395.2_derv_env	68790891	68792980
NC_027117.1_gag_4	gb|CM040276.1|	68795748	68793562	minus	99.634	100	GCA_022682395.2_derv_gag	68793062	68796248
NC_027117.1_env_10	gb|CM040276.1|	84225885	84224809	minus	97.798	62	GCA_022682395.2_derv_env	84224309	84226385
NC_027117.1_gag_4	gb|CM040276.1|	84229152	84226967	minus	99.177	100	GCA_022682395.2_derv_gag	84226467	84229652
NC_027117.1_env_10	gb|CM040276.1|	180083318	180082247	minus	98.433	62	GCA_022682395.2_derv_env	180081747	180083818
NC_027117.1_gag_4	gb|CM040276.1|	180086257	180084072	minus	99.406	100	GCA_022682395.2_derv_gag	180083572	180086757
NC_027117.1_gag_4	gb|CM040277.1|	16540652	16539486	minus	99.143	100	GCA_022682395.2_derv_gag	16538986	16541152
NC_027117.1_gag_4	gb|CM040277.1|	41873368	41875491	plus	99.294	100	GCA_022682395.2_derv_gag	41872868	41875991
NC_027117.1_env_10	gb|CM040277.1|	41875556	41877023	plus	98.978	83	GCA_022682395.2_derv_env	41875056	41877523
NC_027117.1_complete	gb|CM040277.1|	75487730	75494011	plus	98.417	60	GCA_022682395.2_derv_complete	75487230	75494511
NC_027117.1_gag_4	gb|CM040277.1|	75488266	75490452	plus	98.583	100	GCA_022682395.2_derv_gag	75487766	75490952
NC_027117.1_pol_8	gb|CM040277.1|	75491441	75493858	plus	99.793	100	GCA_022682395.2_derv_pol	75490941	75494358
NC_027117.1_env_10	gb|CM040277.1|	75494708	75495636	plus	98.816	83	GCA_022682395.2_derv_env	75494208	75496136
NC_027117.1_gag_4	gb|CM040277.1|	113266603	113268726	plus	99.341	100	GCA_022682395.2_derv_gag	113266103	113269226
NC_027117.1_env_10	gb|CM040277.1|	113268791	113270258	plus	99.114	83	GCA_022682395.2_derv_env	113268291	113270758
NC_027117.1_gag_4	gb|CM040277.1|	159009469	159007283	minus	99.406	100	GCA_022682395.2_derv_gag	159006783	159009969
NC_027117.1_env_10	gb|CM040277.1|	170274783	170273673	minus	97.48	83	GCA_022682395.2_derv_env	170273173	170275283
NC_027117.1_gag_4	gb|CM040278.1|	3053288	3055472	plus	99.223	100	GCA_022682395.2_derv_gag	3052788	3055972
NC_027117.1_env_10	gb|CM040278.1|	3056554	3057643	plus	99.725	62	GCA_022682395.2_derv_env	3056054	3058143
NC_027117.1_gag_4	gb|CM040278.1|	93032807	93034980	plus	98.172	100	GCA_022682395.2_derv_gag	93032307	93035480
NC_027117.1_env_10	gb|CM040278.1|	93036062	93037147	plus	99.355	62	GCA_022682395.2_derv_env	93035562	93037647
NC_027117.1_env_10	gb|CM040278.1|	165940998	165942087	plus	99.633	62	GCA_022682395.2_derv_env	165940498	165942587
NC_027117.1_gag_4	gb|CM040279.1|	18209516	18211702	plus	99.497	100	GCA_022682395.2_derv_gag	18209016	18212202
NC_027117.1_env_10	gb|CM040279.1|	18212784	18213873	plus	99.541	62	GCA_022682395.2_derv_env	18212284	18214373
NC_027117.1_env_10	gb|CM040279.1|	64514537	64513448	minus	99.633	62	GCA_022682395.2_derv_env	64512948	64515037
NC_027117.1_gag_4	gb|CM040279.1|	64517804	64515619	minus	99.406	100	GCA_022682395.2_derv_gag	64515119	64518304
NC_027117.1_env_10	gb|CM040279.1|	67990604	67989515	minus	99.817	62	GCA_022682395.2_derv_env	67989015	67991104
NC_027117.1_gag_4	gb|CM040279.1|	88226175	88228364	plus	99.361	100	GCA_022682395.2_derv_gag	88225675	88228864
NC_027117.1_env_10	gb|CM040279.1|	88229119	88230201	plus	99.355	62	GCA_022682395.2_derv_env	88228619	88230701
NC_027117.1_env_10	gb|CM040279.1|	140482677	140481593	minus	99.539	62	GCA_022682395.2_derv_env	140481093	140483177
NC_027117.1_gag_4	gb|CM040279.1|	140485616	140483431	minus	99.451	100	GCA_022682395.2_derv_gag	140482931	140486116
NC_027117.1_env_10	gb|CM040279.1|	140879008	140877919	minus	99.358	62	GCA_022682395.2_derv_env	140877419	140879508
NC_027117.1_env_10	gb|CM040279.1|	140888808	140887719	minus	99.358	62	GCA_022682395.2_derv_env	140887219	140889308
NC_027117.1_env_10	gb|CM040279.1|	140904394	140903305	minus	99.358	62	GCA_022682395.2_derv_env	140902805	140904894
NC_027117.1_gag_4	gb|CM040283.1|	24267921	24269591	plus	99.282	100	GCA_022682395.2_derv_gag	24267421	24270091
NC_027117.1_env_10	gb|CM040283.1|	24270673	24271762	plus	99.266	62	GCA_022682395.2_derv_env	24270173	24272262
NC_027117.1_env_10	gb|CM040283.1|	25384989	25383905	minus	99.447	62	GCA_022682395.2_derv_env	25383405	25385489
NC_027117.1_gag_4	gb|CM040283.1|	25387926	25385744	minus	99.406	100	GCA_022682395.2_derv_gag	25385244	25388426
NC_027117.1_env_10	gb|CM040283.1|	106899753	106900842	plus	99.266	62	GCA_022682395.2_derv_env	106899253	106901342
NC_027117.1_gag_4	gb|CM040283.1|	108220304	108222489	plus	99.634	100	GCA_022682395.2_derv_gag	108219804	108222989
NC_027117.1_env_10	gb|CM040283.1|	108223572	108224648	plus	98.257	62	GCA_022682395.2_derv_env	108223072	108225148
NC_027117.1_env_10	gb|CM040284.1|	13449585	13450669	plus	99.263	62	GCA_022682395.2_derv_env	13449085	13451169
NC_027117.1_env_10	gb|CM040284.1|	13452688	13453772	plus	99.263	62	GCA_022682395.2_derv_env	13452188	13454272
NC_027117.1_gag_4	gb|CM040284.1|	30541438	30539253	minus	99.36	100	GCA_022682395.2_derv_gag	30538753	30541938
NC_027117.1_env_10	gb|CM040284.1|	43686755	43685666	minus	99.45	62	GCA_022682395.2_derv_env	43685166	43687255
NC_027117.1_gag_4	gb|CM040284.1|	43690029	43687837	minus	99.043	100	GCA_022682395.2_derv_gag	43687337	43690529
NC_027117.1_env_10	gb|CM040284.1|	102550890	102551979	plus	99.358	62	GCA_022682395.2_derv_env	102550390	102552479
NC_027117.1_gag_4	gb|CM040286.1|	8747239	8749424	plus	99.497	100	GCA_022682395.2_derv_gag	8746739	8749924
NC_027117.1_env_10	gb|CM040286.1|	8750178	8751262	plus	99.171	62	GCA_022682395.2_derv_env	8749678	8751762
NC_027117.1_env_10	gb|CM040286.1|	22025283	22026372	plus	98.991	62	GCA_022682395.2_derv_env	22024783	22026872
NC_027117.1_gag_4	gb|CM040288.1|	5206811	5208996	plus	99.268	100	GCA_022682495.2_derv_gag	5206311	5209496
NC_027117.1_env_10	gb|CM040288.1|	5210078	5211168	plus	99.267	100	GCA_022682495.2_derv_env	5209578	5211668
NC_027117.1_env_10	gb|CM040288.1|	12489894	12488805	minus	99.358	100	GCA_022682495.2_derv_env	12488305	12490394
NC_027117.1_gag_4	gb|CM040288.1|	90151144	90153330	plus	98.994	100	GCA_022682495.2_derv_gag	90150644	90153830
NC_027117.1_env_10	gb|CM040288.1|	90154416	90155505	plus	99.266	100	GCA_022682495.2_derv_env	90153916	90156005
NC_027117.1_LTR_1	gb|CM040288.1|	121603015	121603405	plus	100.0	100	GCA_022682495.2_derv_ltr	121602515	121603905
NC_027117.1_gag_4	gb|CM040288.1|	121605220	121606629	plus	99.149	100	GCA_022682495.2_derv_gag	121604720	121607129
NC_027117.1_env_10	gb|CM040288.1|	121607549	121609336	plus	98.49	100	GCA_022682495.2_derv_env	121607049	121609836
NC_027117.1_LTR_12	gb|CM040288.1|	121609337	121610878	plus	98.9	100	GCA_022682495.2_derv_ltr	121608837	121611378
NC_027117.1_env_10	gb|CM040289.1|	10206835	10205746	minus	99.174	62	GCA_022682495.2_derv_env	10205246	10207335
NC_027117.1_gag_4	gb|CM040289.1|	47494321	47495487	plus	99.486	53	GCA_022682495.2_derv_gag	47493821	47495987
NC_027117.1_env_10	gb|CM040289.1|	176810005	176811094	plus	99.358	62	GCA_022682495.2_derv_env	176809505	176811594
NC_027117.1_env_10	gb|CM040290.1|	3839855	3838766	minus	99.174	62	GCA_022682495.2_derv_env	3838266	3840355
NC_027117.1_gag_4	gb|CM040290.1|	3843123	3840937	minus	99.817	100	GCA_022682495.2_derv_gag	3840437	3843623
NC_027117.1_env_10	gb|CM040290.1|	37692885	37693974	plus	99.174	62	GCA_022682495.2_derv_env	37692385	37694474
NC_027117.1_env_10	gb|CM040290.1|	63779161	63778072	minus	99.45	62	GCA_022682495.2_derv_env	63777572	63779661
NC_027117.1_gag_4	gb|CM040290.1|	63782429	63780243	minus	99.726	100	GCA_022682495.2_derv_gag	63779743	63782929
NC_027117.1_gag_4	gb|CM040290.1|	124693001	124695186	plus	99.268	100	GCA_022682495.2_derv_gag	124692501	124695686
NC_027117.1_env_10	gb|CM040290.1|	124696268	124697357	plus	99.633	62	GCA_022682495.2_derv_env	124695768	124697857
NC_027117.1_gag_4	gb|CM040290.1|	133009466	133011652	plus	99.588	100	GCA_022682495.2_derv_gag	133008966	133012152
NC_027117.1_env_10	gb|CM040290.1|	133012734	133013823	plus	99.541	62	GCA_022682495.2_derv_env	133012234	133014323
NC_027117.1_complete	gb|CM040291.1|	5574022	5580135	plus	98.792	60	GCA_022682495.2_derv_complete	5573522	5580635
NC_027117.1_gag_4	gb|CM040291.1|	5574585	5576771	plus	99.406	100	GCA_022682495.2_derv_gag	5574085	5577271
NC_027117.1_pol_8	gb|CM040291.1|	5577760	5580135	plus	99.158	100	GCA_022682495.2_derv_pol	5577260	5580635
NC_027117.1_env_10	gb|CM040291.1|	5580128	5581095	plus	98.864	55	GCA_022682495.2_derv_env	5579628	5581595
NC_027117.1_complete	gb|CM040291.1|	76631473	76637754	plus	98.338	60	GCA_022682495.2_derv_complete	76630973	76638254
NC_027117.1_gag_4	gb|CM040291.1|	76632009	76634195	plus	98.537	100	GCA_022682495.2_derv_gag	76631509	76634695
NC_027117.1_pol_8	gb|CM040291.1|	76635184	76637601	plus	99.793	100	GCA_022682495.2_derv_pol	76634684	76638101
NC_027117.1_env_10	gb|CM040291.1|	76638451	76639379	plus	98.708	55	GCA_022682495.2_derv_env	76637951	76639879
NC_027117.1_gag_4	gb|CM040292.1|	74968568	74970754	plus	99.497	100	GCA_022682495.2_derv_gag	74968068	74971254
NC_027117.1_env_10	gb|CM040292.1|	74971836	74972925	plus	99.45	62	GCA_022682495.2_derv_env	74971336	74973425
NC_027117.1_gag_4	gb|CM040292.1|	93287054	93289227	plus	98.172	100	GCA_022682495.2_derv_gag	93286554	93289727
NC_027117.1_env_10	gb|CM040292.1|	93290309	93291394	plus	99.355	62	GCA_022682495.2_derv_env	93289809	93291894
NC_027117.1_gag_4	gb|CM040293.1|	3586953	3588426	plus	99.525	100	GCA_022682495.2_derv_gag	3586453	3588926
NC_027117.1_env_10	gb|CM040293.1|	3589508	3590597	plus	99.358	62	GCA_022682495.2_derv_env	3589008	3591097
NC_027117.1_gag_4	gb|CM040293.1|	3651453	3652925	plus	99.321	100	GCA_022682495.2_derv_gag	3650953	3653425
NC_027117.1_env_10	gb|CM040293.1|	3654007	3655096	plus	99.541	62	GCA_022682495.2_derv_env	3653507	3655596
NC_027117.1_env_10	gb|CM040293.1|	19396328	19397208	plus	99.319	62	GCA_022682495.2_derv_env	19395828	19397708
NC_027117.1_env_10	gb|CM040293.1|	89544504	89543415	minus	99.358	62	GCA_022682495.2_derv_env	89542915	89545004
NC_027117.1_gag_4	gb|CM040293.1|	89547772	89545586	minus	99.543	100	GCA_022682495.2_derv_gag	89545086	89548272
NC_027117.1_env_10	gb|CM040293.1|	108163668	108162627	minus	99.616	62	GCA_022682495.2_derv_env	108162127	108164168
NC_027117.1_gag_4	gb|CM040293.1|	108164776	108163666	minus	99.46	100	GCA_022682495.2_derv_gag	108163166	108165276
NC_027117.1_env_10	gb|CM040293.1|	140735932	140734847	minus	99.266	62	GCA_022682495.2_derv_env	140734347	140736432
NC_027117.1_gag_4	gb|CM040293.1|	141832889	141835075	plus	99.314	100	GCA_022682495.2_derv_gag	141832389	141835575
NC_027117.1_env_10	gb|CM040293.1|	141836157	141837246	plus	99.266	62	GCA_022682495.2_derv_env	141835657	141837746
NC_027117.1_env_10	gb|CM040294.1|	31999797	31998713	minus	99.539	100	GCA_022682495.2_derv_env	31998213	32000297
NC_027117.1_gag_4	gb|CM040294.1|	32002736	32000551	minus	99.36	100	GCA_022682495.2_derv_gag	32000051	32003236
NC_027117.1_gag_4	gb|CM040294.1|	47912678	47914223	plus	99.291	100	GCA_022682495.2_derv_gag	47912178	47914723
NC_027117.1_env_10	gb|CM040294.1|	47914388	47916152	plus	98.757	100	GCA_022682495.2_derv_env	47913888	47916652
NC_027117.1_gag_4	gb|CM040294.1|	117969838	117972022	plus	99.314	100	GCA_022682495.2_derv_gag	117969338	117972522
NC_027117.1_env_10	gb|CM040294.1|	117972776	117973860	plus	99.539	100	GCA_022682495.2_derv_env	117972276	117974360
NC_027117.1_gag_4	gb|CM040294.1|	131345400	131343215	minus	99.314	100	GCA_022682495.2_derv_gag	131342715	131345900
NC_027117.1_env_10	gb|CM040295.1|	29053151	29052062	minus	99.358	62	GCA_022682495.2_derv_env	29051562	29053651
NC_027117.1_gag_4	gb|CM040295.1|	29056419	29054233	minus	99.543	100	GCA_022682495.2_derv_gag	29053733	29056919
NC_027117.1_gag_4	gb|CM040296.1|	11457086	11459269	plus	99.314	100	GCA_022682495.2_derv_gag	11456586	11459769
NC_027117.1_env_10	gb|CM040296.1|	11460022	11461108	plus	98.988	83	GCA_022682495.2_derv_env	11459522	11461608
NC_027117.1_gag_4	gb|CM040296.1|	14876006	14877856	plus	99.191	100	GCA_022682495.2_derv_gag	14875506	14878356
NC_027117.1_env_10	gb|CM040296.1|	92023487	92022020	minus	99.387	83	GCA_022682495.2_derv_env	92021520	92023987
NC_027117.1_gag_4	gb|CM040296.1|	92025678	92023552	minus	99.154	100	GCA_022682495.2_derv_gag	92023052	92026178
NC_027117.1_gag_4	gb|CM040297.1|	23805918	23808124	plus	98.37	100	GCA_022682495.2_derv_gag	23805418	23808624
NC_027117.1_env_10	gb|CM040297.1|	23809206	23810295	plus	99.266	62	GCA_022682495.2_derv_env	23808706	23810795
NC_027117.1_gag_4	gb|CM040297.1|	51886137	51888323	plus	99.406	100	GCA_022682495.2_derv_gag	51885637	51888823
NC_027117.1_env_10	gb|CM040297.1|	51889077	51890162	plus	99.355	62	GCA_022682495.2_derv_env	51888577	51890662
NC_027117.1_gag_4	gb|CM040298.1|	7934301	7936493	plus	98.906	100	GCA_022682495.2_derv_gag	7933801	7936993
NC_027117.1_env_10	gb|CM040298.1|	7937575	7938664	plus	99.541	62	GCA_022682495.2_derv_env	7937075	7939164
NC_027117.1_env_10	gb|CM040298.1|	13230237	13231322	plus	98.987	62	GCA_022682495.2_derv_env	13229737	13231822
NC_027117.1_env_10	gb|CM040300.1|	36126731	36125642	minus	99.45	62	GCA_022682495.2_derv_env	36125142	36127231
NC_027117.1_gag_4	gb|CM040300.1|	36129998	36127813	minus	99.451	100	GCA_022682495.2_derv_gag	36127313	36130498
NC_027117.1_env_10	gb|CM040301.1|	14449443	14448492	minus	97.521	62	GCA_022682495.2_derv_env	14447992	14449943
NC_027117.1_pol_8	gb|CM040301.1|	14451811	14449436	minus	99.242	98	GCA_022682495.2_derv_pol	14448936	14452311
NC_027117.1_complete	gb|CM040301.1|	14455550	14449436	minus	98.89	58	GCA_022682495.2_derv_complete	14448936	14456050
NC_027117.1_gag_4	gb|CM040301.1|	14454986	14452800	minus	99.497	100	GCA_022682495.2_derv_gag	14452300	14455486
NC_027117.1_gag_4	gb|CM040301.1|	65828658	65830844	plus	99.314	100	GCA_022682495.2_derv_gag	65828158	65831344
NC_027117.1_env_10	gb|CM040301.1|	65831926	65833013	plus	99.45	62	GCA_022682495.2_derv_env	65831426	65833513
NC_027117.1_env_10	gb|CM040301.1|	93385797	93384843	minus	97.934	62	GCA_022682495.2_derv_env	93384343	93386297
NC_027117.1_pol_8	gb|CM040301.1|	93388165	93385790	minus	99.2	98	GCA_022682495.2_derv_pol	93385290	93388665
NC_027117.1_complete	gb|CM040301.1|	93391902	93385790	minus	98.857	58	GCA_022682495.2_derv_complete	93385290	93392402
NC_027117.1_gag_4	gb|CM040301.1|	93391339	93389154	minus	99.451	100	GCA_022682495.2_derv_gag	93388654	93391839
NC_027117.1_env_10	gb|CM040301.1|	99946706	99945622	minus	99.539	62	GCA_022682495.2_derv_env	99945122	99947206
NC_027117.1_gag_4	gb|CM040301.1|	99948192	99946852	minus	99.329	100	GCA_022682495.2_derv_gag	99946352	99948692
NC_027117.1_LTR_1	gb|CM052540.1|	108692085	108692477	plus	93.165	100	GCA_028533065.1_derv_ltr	108691585	108692977
NC_027117.1_LTR_12	gb|CM052540.1|	108693043	108693920	plus	87.727	56	GCA_028533065.1_derv_ltr	108692543	108694420
NC_001514.1_env_11	gb|CM076298.2|	7517363	7517808	plus	77.455	79	GCA_038363175.3_smrv_env	7516863	7518308
NC_027117.1_env_10	gb|CM076298.2|	13149666	13150657	plus	94.864	100	GCA_038363175.3_derv_env	13149166	13151157
NC_027117.1_env_10	gb|CM076298.2|	26403191	26402198	minus	94.874	100	GCA_038363175.3_derv_env	26401698	26403691
NC_001514.1_env_11	gb|CM076298.2|	37693141	37692700	minus	77.201	79	GCA_038363175.3_smrv_env	37692200	37693641
NC_027117.1_gag_4	gb|CM076298.2|	37774655	37772973	minus	92.823	100	GCA_038363175.3_derv_gag	37772473	37775155
NC_001514.1_env_8	gb|CM076298.2|	41540588	41541514	plus	73.476	54	GCA_038363175.3_smrv_env	41540088	41542014
NC_001514.1_env_11	gb|CM076298.2|	41541073	41541514	plus	77.652	79	GCA_038363175.3_smrv_env	41540573	41542014
NC_027117.1_complete	gb|CM076298.2|	45718612	45710021	minus	92.858	82	GCA_038363175.3_derv_complete	45709521	45719112
NC_027117.1_env_10	gb|CM076298.2|	45712474	45710705	minus	94.523	100	GCA_038363175.3_derv_env	45710205	45712974
NC_027117.1_pol_8	gb|CM076298.2|	45714923	45712509	minus	95.031	99	GCA_038363175.3_derv_pol	45712009	45715423
NC_027117.1_gag_4	gb|CM076298.2|	45718071	45715915	minus	91.021	100	GCA_038363175.3_derv_gag	45715415	45718571
NC_027117.1_env_10	gb|CM076298.2|	70183630	70184617	plus	94.26	100	GCA_038363175.3_derv_env	70183130	70185117
NC_027117.1_env_10	gb|CM076298.2|	75212863	75213854	plus	94.763	100	GCA_038363175.3_derv_env	75212363	75214354
NC_001514.1_env_11	gb|CM076298.2|	80527052	80526605	minus	76.497	79	GCA_038363175.3_smrv_env	80526105	80527552
NC_027117.1_env_10	gb|CM076298.2|	93417953	93416961	minus	94.266	100	GCA_038363175.3_derv_env	93416461	93418453
NC_027117.1_env_10	gb|CM076298.2|	97986374	97985385	minus	94.562	100	GCA_038363175.3_derv_env	97984885	97986874
NC_001514.1_env_11	gb|CM076298.2|	138451560	138451113	minus	76.275	79	GCA_038363175.3_smrv_env	138450613	138452060
NC_027117.1_env_10	gb|CM076298.2|	148296607	148297598	plus	94.26	100	GCA_038363175.3_derv_env	148296107	148298098
NC_027117.1_LTR_1	gb|CM076298.2|	152073528	152073914	plus	93.606	100	GCA_038363175.3_derv_ltr	152073028	152074414
NC_027117.1_LTR_12	gb|CM076298.2|	152074487	152075335	plus	88.028	55	GCA_038363175.3_derv_ltr	152073987	152075835
NC_027117.1_env_10	gb|CM076298.2|	157487055	157488046	plus	94.763	100	GCA_038363175.3_derv_env	157486555	157488546
NC_027117.1_pol_8	gb|CM076298.2|	180641099	180643455	plus	80.975	99	GCA_038363175.3_derv_pol	180640599	180643955
NC_027117.1_env_10	gb|CM076298.2|	190714702	190715692	plus	94.657	100	GCA_038363175.3_derv_env	190714202	190716192
NC_027117.1_gag_4	gb|CM076298.2|	222012722	222014407	plus	93.298	100	GCA_038363175.3_derv_gag	222012222	222014907
NC_027117.1_env_10	gb|CM076299.2|	2992603	2993593	plus	94.663	100	GCA_038363175.3_derv_env	2992103	2994093
NC_027117.1_env_10	gb|CM076299.2|	11139567	11140558	plus	95.368	100	GCA_038363175.3_derv_env	11139067	11141058
NC_027117.1_env_10	gb|CM076299.2|	21135580	21136571	plus	95.468	100	GCA_038363175.3_derv_env	21135080	21137071
NC_001514.1_env_11	gb|CM076299.2|	31289601	31290048	plus	77.06	84	GCA_038363175.3_smrv_env	31289101	31290548
NC_027117.1_env_10	gb|CM076299.2|	53578271	53579262	plus	94.965	100	GCA_038363175.3_derv_env	53577771	53579762
NC_027117.1_env_10	gb|CM076299.2|	92200805	92199814	minus	95.065	100	GCA_038363175.3_derv_env	92199314	92201305
NC_001514.1_env_8	gb|CM076299.2|	108111010	108112032	plus	72.254	59	GCA_038363175.3_smrv_env	108110510	108112532
NC_001514.1_env_11	gb|CM076299.2|	108111584	108112032	plus	76.497	84	GCA_038363175.3_smrv_env	108111084	108112532
NC_027117.1_pol_8	gb|CM076299.2|	108223675	108226031	plus	80.72	99	GCA_038363175.3_derv_pol	108223175	108226531
NC_001514.1_env_11	gb|CM076299.2|	112240147	112239676	minus	76.371	84	GCA_038363175.3_smrv_env	112239176	112240647
NC_001514.1_env_11	gb|CM076299.2|	136883544	136883985	plus	76.749	84	GCA_038363175.3_smrv_env	136883044	136884485
NC_001514.1_env_11	gb|CM076299.2|	137679303	137678864	minus	76.697	84	GCA_038363175.3_smrv_env	137678364	137679803
NC_001514.1_env_11	gb|CM076299.2|	144804363	144804804	plus	77.652	84	GCA_038363175.3_smrv_env	144803863	144805304
NC_001514.1_env_11	gb|CM076299.2|	148229719	148229272	minus	77.506	84	GCA_038363175.3_smrv_env	148228772	148230219
NC_027117.1_env_10	gb|CM076299.2|	156336761	156335771	minus	94.058	100	GCA_038363175.3_derv_env	156335271	156337261
NC_027117.1_complete	gb|CM076299.2|	215854130	215848354	minus	93.092	55	GCA_038363175.3_derv_complete	215847854	215854630
NC_027117.1_env_10	gb|CM076299.2|	215850806	215849037	minus	93.619	100	GCA_038363175.3_derv_env	215848537	215851306
NC_027117.1_pol_8	gb|CM076299.2|	215853231	215850841	minus	92.878	99	GCA_038363175.3_derv_pol	215850341	215853731
NC_027117.1_gag_4	gb|CM076299.2|	215855866	215854392	minus	93.424	67	GCA_038363175.3_derv_gag	215853892	215856366
NC_027117.1_pol_8	gb|CM076300.2|	10703931	10701575	minus	95.121	97	GCA_038363175.3_derv_pol	10701075	10704431
NC_027117.1_complete	gb|CM076300.2|	10707647	10701575	minus	93.535	58	GCA_038363175.3_derv_complete	10701075	10708147
NC_027117.1_gag_4	gb|CM076300.2|	10707106	10704923	minus	92.867	100	GCA_038363175.3_derv_gag	10704423	10707606
NC_027117.1_env_10	gb|CM076300.2|	13309653	13310644	plus	94.965	56	GCA_038363175.3_derv_env	13309153	13311144
NC_027117.1_gag_4	gb|CM076300.2|	19081307	19082973	plus	91.874	100	GCA_038363175.3_derv_gag	19080807	19083473
NC_001514.1_env_11	gb|CM076300.2|	22966506	22966947	plus	77.201	94	GCA_038363175.3_smrv_env	22966006	22967447
NC_001514.1_env_11	gb|CM076300.2|	39522340	39521893	minus	77.506	94	GCA_038363175.3_smrv_env	39521393	39522840
NC_001514.1_env_11	gb|CM076300.2|	43412683	43412351	minus	80.18	94	GCA_038363175.3_smrv_env	43411851	43413183
NC_027117.1_env_10	gb|CM076300.2|	60141274	60142265	plus	94.361	56	GCA_038363175.3_derv_env	60140774	60142765
NC_001514.1_env_11	gb|CM076300.2|	78879066	78878619	minus	77.283	94	GCA_038363175.3_smrv_env	78878119	78879566
NC_001514.1_env_11	gb|CM076300.2|	79179542	79179018	minus	75.33	94	GCA_038363175.3_smrv_env	79178518	79180042
NC_001514.1_env_11	gb|CM076300.2|	81889955	81890403	plus	77.778	94	GCA_038363175.3_smrv_env	81889455	81890903
NC_027117.1_gag_4	gb|CM076300.2|	87052305	87050937	minus	91.8	100	GCA_038363175.3_derv_gag	87050437	87052805
NC_001514.1_env_11	gb|CM076300.2|	90313751	90313312	minus	76.19	94	GCA_038363175.3_smrv_env	90312812	90314251
NC_027117.1_env_10	gb|CM076300.2|	115050793	115051784	plus	94.864	56	GCA_038363175.3_derv_env	115050293	115052284
NC_001514.1_env_11	gb|CM076300.2|	124982528	124982975	plus	76.275	94	GCA_038363175.3_smrv_env	124982028	124983475
NC_027117.1_env_10	gb|CM076300.2|	126751667	126752658	plus	94.864	56	GCA_038363175.3_derv_env	126751167	126753158
NC_001514.1_env_11	gb|CM076300.2|	127747555	127747113	minus	77.027	94	GCA_038363175.3_smrv_env	127746613	127748055
NC_001514.1_env_11	gb|CM076300.2|	132820970	132820525	minus	76.392	94	GCA_038363175.3_smrv_env	132820025	132821470
NC_027117.1_env_10	gb|CM076300.2|	140289602	140290593	plus	94.965	56	GCA_038363175.3_derv_env	140289102	140291093
NC_001514.1_env_11	gb|CM076300.2|	156976113	156976554	plus	77.201	94	GCA_038363175.3_smrv_env	156975613	156977054
NC_001514.1_env_8	gb|CM076300.2|	167031115	167030109	minus	72.861	58	GCA_038363175.3_smrv_env	167029609	167031615
NC_001514.1_env_11	gb|CM076300.2|	167030560	167030109	minus	76.991	94	GCA_038363175.3_smrv_env	167029609	167031060
NC_027117.1_env_10	gb|CM076301.2|	15466122	15467891	plus	96.612	100	GCA_038363175.3_derv_env	15465622	15468391
NC_001514.1_env_11	gb|CM076301.2|	60882383	60881936	minus	76.837	79	GCA_038363175.3_smrv_env	60881436	60882883
NC_027117.1_gag_4	gb|CM076301.2|	61992822	61991139	minus	92.828	100	GCA_038363175.3_derv_gag	61990639	61993322
NC_027117.1_env_10	gb|CM076301.2|	65676534	65677457	plus	94.27	100	GCA_038363175.3_derv_env	65676034	65677957
NC_027117.1_gag_4	gb|CM076301.2|	88821709	88820334	minus	92.38	100	GCA_038363175.3_derv_gag	88819834	88822209
NC_027117.1_gag_4	gb|CM076301.2|	94231272	94229590	minus	92.467	100	GCA_038363175.3_derv_gag	94229090	94231772
NC_027117.1_env_10	gb|CM076301.2|	95895715	95896702	plus	94.26	100	GCA_038363175.3_derv_env	95895215	95897202
NC_027117.1_env_10	gb|CM076301.2|	96126310	96125321	minus	93.668	100	GCA_038363175.3_derv_env	96124821	96126810
NC_001514.1_env_11	gb|CM076301.2|	102676560	102676113	minus	77.06	79	GCA_038363175.3_smrv_env	102675613	102677060
NC_027117.1_gag_4	gb|CM076301.2|	107728429	107729799	plus	91.983	100	GCA_038363175.3_derv_gag	107727929	107730299
NC_001514.1_env_11	gb|CM076301.2|	113058935	113059375	plus	75.621	79	GCA_038363175.3_smrv_env	113058435	113059875
NC_027117.1_gag_4	gb|CM076301.2|	114084991	114086868	plus	92.926	100	GCA_038363175.3_derv_gag	114084491	114087368
NC_027117.1_complete	gb|CM076301.2|	114084991	114092764	plus	93.871	74	GCA_038363175.3_derv_complete	114084491	114093264
NC_027117.1_pol_8	gb|CM076301.2|	114087860	114090274	plus	94.948	99	GCA_038363175.3_derv_pol	114087360	114090774
NC_027117.1_env_10	gb|CM076301.2|	114090309	114092083	plus	94.032	100	GCA_038363175.3_derv_env	114089809	114092583
NC_001514.1_env_11	gb|CM076301.2|	116748705	116748265	minus	77.376	79	GCA_038363175.3_smrv_env	116747765	116749205
NC_027117.1_env_10	gb|CM076301.2|	142447002	142446012	minus	94.965	100	GCA_038363175.3_derv_env	142445512	142447502
NC_027117.1_gag_4	gb|CM076301.2|	152600411	152602097	plus	92.768	100	GCA_038363175.3_derv_gag	152599911	152602597
NC_027117.1_complete	gb|CM076301.2|	181827927	181822172	minus	92.73	74	GCA_038363175.3_derv_complete	181821672	181828427
NC_027117.1_env_10	gb|CM076301.2|	181824624	181822855	minus	93.45	100	GCA_038363175.3_derv_env	181822355	181825124
NC_027117.1_pol_8	gb|CM076301.2|	181827028	181824659	minus	92.381	99	GCA_038363175.3_derv_pol	181824159	181827528
NC_027117.1_gag_4	gb|CM076301.2|	181829664	181828189	minus	92.959	100	GCA_038363175.3_derv_gag	181827689	181830164
NC_027117.1_gag_4	gb|CM076302.2|	865138	866612	plus	93.559	100	GCA_038363175.3_derv_gag	864638	867112
NC_027117.1_complete	gb|CM076302.2|	866874	872645	plus	93.123	82	GCA_038363175.3_derv_complete	866374	873145
NC_027117.1_pol_8	gb|CM076302.2|	867772	870162	plus	93.126	99	GCA_038363175.3_derv_pol	867272	870662
NC_027117.1_env_10	gb|CM076302.2|	870197	871962	plus	93.382	100	GCA_038363175.3_derv_env	869697	872462
NC_027117.1_env_10	gb|CM076302.2|	9428991	9429975	plus	94.058	100	GCA_038363175.3_derv_env	9428491	9430475
NC_001514.1_env_11	gb|CM076302.2|	25323979	25324419	plus	76.749	79	GCA_038363175.3_smrv_env	25323479	25324919
NC_001514.1_env_11	gb|CM076302.2|	53549693	53549245	minus	77.333	79	GCA_038363175.3_smrv_env	53548745	53550193
NC_027117.1_env_10	gb|CM076302.2|	85318196	85317205	minus	94.663	100	GCA_038363175.3_derv_env	85316705	85318696
NC_001514.1_env_11	gb|CM076302.2|	103642261	103641814	minus	77.506	79	GCA_038363175.3_smrv_env	103641314	103642761
NC_027117.1_complete	gb|CM076302.2|	105789748	105781963	minus	93.622	82	GCA_038363175.3_derv_complete	105781463	105790248
NC_027117.1_env_10	gb|CM076302.2|	105784420	105782647	minus	94.31	100	GCA_038363175.3_derv_env	105782147	105784920
NC_027117.1_pol_8	gb|CM076302.2|	105786869	105784455	minus	95.114	99	GCA_038363175.3_derv_pol	105783955	105787369
NC_027117.1_gag_4	gb|CM076302.2|	105789748	105787861	minus	91.424	100	GCA_038363175.3_derv_gag	105787361	105790248
NC_027117.1_gag_4	gb|CM076302.2|	121976490	121978196	plus	92.033	100	GCA_038363175.3_derv_gag	121975990	121978696
NC_027117.1_gag_4	gb|CM076302.2|	122417287	122415581	minus	92.443	100	GCA_038363175.3_derv_gag	122415081	122417787
NC_027117.1_gag_4	gb|CM076302.2|	122581447	122579741	minus	92.209	100	GCA_038363175.3_derv_gag	122579241	122581947
NC_027117.1_gag_4	gb|CM076302.2|	123666766	123668472	plus	92.267	100	GCA_038363175.3_derv_gag	123666266	123668972
NC_027117.1_gag_4	gb|CM076302.2|	124189698	124188603	minus	91.629	100	GCA_038363175.3_derv_gag	124188103	124190198
NC_027117.1_gag_4	gb|CM076302.2|	126566917	126565235	minus	93.06	100	GCA_038363175.3_derv_gag	126564735	126567417
NC_027117.1_env_10	gb|CM076302.2|	126758536	126757549	minus	94.26	100	GCA_038363175.3_derv_env	126757049	126759036
NC_027117.1_gag_4	gb|CM076302.2|	127010860	127009695	minus	91.866	100	GCA_038363175.3_derv_gag	127009195	127011360
NC_027117.1_env_10	gb|CM076302.2|	131102799	131103841	plus	94.828	100	GCA_038363175.3_derv_env	131102299	131104341
NC_027117.1_complete	gb|CM076302.2|	140158390	140164457	plus	93.652	82	GCA_038363175.3_derv_complete	140157890	140164957
NC_027117.1_gag_4	gb|CM076302.2|	140158928	140161109	plus	93.154	100	GCA_038363175.3_derv_gag	140158428	140161609
NC_001514.1_complete	gb|CM076302.2|	140160033	140164455	plus	74.413	50	GCA_038363175.3_smrv_complete	140159533	140164955
NC_027117.1_pol_8	gb|CM076302.2|	140162101	140164457	plus	95.078	99	GCA_038363175.3_derv_pol	140161601	140164957
NC_001514.1_pol_6	gb|CM076302.2|	140162128	140164455	plus	75.234	97	GCA_038363175.3_smrv_pol	140161628	140164955
NC_027117.1_env_10	gb|CM076302.2|	144497758	144496765	minus	94.769	100	GCA_038363175.3_derv_env	144496265	144498258
NC_027117.1_env_10	gb|CM076302.2|	146520386	146519395	minus	94.663	100	GCA_038363175.3_derv_env	146518895	146520886
NC_001514.1_env_11	gb|CM076302.2|	159147277	159147724	plus	76.837	79	GCA_038363175.3_smrv_env	159146777	159148224
NC_001514.1_env_11	gb|CM076302.2|	171676077	171675630	minus	76.169	79	GCA_038363175.3_smrv_env	171675130	171676577
NC_027117.1_gag_4	gb|CM076303.2|	30798724	30797347	minus	92.671	100	GCA_038363175.3_derv_gag	30796847	30799224
NC_001514.1_env_11	gb|CM076303.2|	31254712	31254265	minus	76.392	84	GCA_038363175.3_smrv_env	31253765	31255212
NC_027117.1_pol_8	gb|CM076303.2|	65855544	65857900	plus	80.61	99	GCA_038363175.3_derv_pol	65855044	65858400
NC_027117.1_pol_8	gb|CM076303.2|	65955418	65957774	plus	80.694	99	GCA_038363175.3_derv_pol	65954918	65958274
NC_001514.1_env_11	gb|CM076303.2|	76992713	76993154	plus	77.878	84	GCA_038363175.3_smrv_env	76992213	76993654
NC_001514.1_env_11	gb|CM076303.2|	82259498	82259027	minus	76.371	84	GCA_038363175.3_smrv_env	82258527	82259998
NC_027117.1_env_10	gb|CM076303.2|	87946954	87947945	plus	94.874	100	GCA_038363175.3_derv_env	87946454	87948445
NC_001514.1_env_11	gb|CM076303.2|	93898068	93897620	minus	77.111	84	GCA_038363175.3_smrv_env	93897120	93898568
NC_001514.1_env_11	gb|CM076303.2|	94044951	94044504	minus	76.837	84	GCA_038363175.3_smrv_env	94044004	94045451
NC_001514.1_env_11	gb|CM076303.2|	97696870	97696423	minus	77.06	84	GCA_038363175.3_smrv_env	97695923	97697370
NC_001514.1_env_11	gb|CM076303.2|	100742820	100742366	minus	77.363	84	GCA_038363175.3_smrv_env	100741866	100743320
NC_001514.1_env_11	gb|CM076303.2|	106656223	106655783	minus	76.471	84	GCA_038363175.3_smrv_env	106655283	106656723
NC_027117.1_pol_8	gb|CM076303.2|	118285071	118283454	minus	95.303	99	GCA_038363175.3_derv_pol	118282954	118285571
NC_027117.1_complete	gb|CM076303.2|	118288785	118283454	minus	93.538	82	GCA_038363175.3_derv_complete	118282954	118289285
NC_027117.1_gag_4	gb|CM076303.2|	118288246	118286063	minus	93.324	100	GCA_038363175.3_derv_gag	118285563	118288746
NC_027117.1_env_10	gb|CM076303.2|	130882344	130883332	plus	93.756	100	GCA_038363175.3_derv_env	130881844	130883832
NC_027117.1_env_10	gb|CM076303.2|	143003763	143002772	minus	95.166	100	GCA_038363175.3_derv_env	143002272	143004263
NC_001514.1_env_11	gb|CM076303.2|	148103731	148103288	minus	75.947	84	GCA_038363175.3_smrv_env	148102788	148104231
NC_027117.1_gag_4	gb|CM076303.2|	151549655	151551129	plus	93.22	100	GCA_038363175.3_derv_gag	151549155	151551629
NC_027117.1_complete	gb|CM076303.2|	151551391	151557192	plus	93.906	82	GCA_038363175.3_derv_complete	151550891	151557692
NC_027117.1_pol_8	gb|CM076303.2|	151552287	151554701	plus	94.203	99	GCA_038363175.3_derv_pol	151551787	151555201
NC_027117.1_env_10	gb|CM076303.2|	151554736	151556505	plus	94.579	100	GCA_038363175.3_derv_env	151554236	151557005
NC_001514.1_env_11	gb|CM076303.2|	151845951	151845497	minus	77.193	84	GCA_038363175.3_smrv_env	151844997	151846451
NC_027117.1_complete	gb|CM076303.2|	151994320	151988548	minus	93.02	82	GCA_038363175.3_derv_complete	151988048	151994820
NC_027117.1_env_10	gb|CM076303.2|	151990996	151989231	minus	93.156	100	GCA_038363175.3_derv_env	151988731	151991496
NC_027117.1_pol_8	gb|CM076303.2|	151993421	151991031	minus	93.126	99	GCA_038363175.3_derv_pol	151990531	151993921
NC_027117.1_gag_4	gb|CM076303.2|	151996741	151994582	minus	92.593	100	GCA_038363175.3_derv_gag	151994082	151997241
NC_027117.1_gag_4	gb|CM076303.2|	153267635	153265953	minus	93.179	100	GCA_038363175.3_derv_gag	153265453	153268135
NC_027117.1_gag_4	gb|CM076304.2|	2779750	2781120	plus	91.509	100	GCA_038363175.3_derv_gag	2779250	2781620
NC_027117.1_env_10	gb|CM076304.2|	11588587	11589578	plus	94.864	100	GCA_038363175.3_derv_env	11588087	11590078
NC_027117.1_env_10	gb|CM076304.2|	28326678	28325687	minus	95.065	100	GCA_038363175.3_derv_env	28325187	28327178
NC_001514.1_env_11	gb|CM076304.2|	63920554	63921001	plus	76.615	79	GCA_038363175.3_smrv_env	63920054	63921501
NC_027117.1_env_10	gb|CM076304.2|	72348489	72349480	plus	94.26	100	GCA_038363175.3_derv_env	72347989	72349980
NC_027117.1_gag_4	gb|CM076304.2|	80441834	80443501	plus	92.408	100	GCA_038363175.3_derv_gag	80441334	80444001
NC_027117.1_env_10	gb|CM076304.2|	87586836	87587827	plus	94.763	100	GCA_038363175.3_derv_env	87586336	87588327
NC_027117.1_gag_4	gb|CM076304.2|	90163390	90161708	minus	92.289	100	GCA_038363175.3_derv_gag	90161208	90163890
NC_027117.1_complete	gb|CM076304.2|	91107455	91099704	minus	93.482	82	GCA_038363175.3_derv_complete	91099204	91107955
NC_027117.1_env_10	gb|CM076304.2|	91102157	91100388	minus	94.466	100	GCA_038363175.3_derv_env	91099888	91102657
NC_027117.1_pol_8	gb|CM076304.2|	91104606	91102192	minus	94.907	99	GCA_038363175.3_derv_pol	91101692	91105106
NC_001514.1_pol_6	gb|CM076304.2|	91104579	91102248	minus	75.373	97	GCA_038363175.3_smrv_pol	91101748	91105079
NC_001514.1_complete	gb|CM076304.2|	91106679	91102248	minus	74.559	50	GCA_038363175.3_smrv_complete	91101748	91107179
NC_027117.1_gag_4	gb|CM076304.2|	91107455	91105598	minus	91.064	100	GCA_038363175.3_derv_gag	91105098	91107955
NC_027117.1_pol_8	gb|CM076304.2|	91456095	91453739	minus	95.078	99	GCA_038363175.3_derv_pol	91453239	91456595
NC_027117.1_complete	gb|CM076304.2|	91459812	91453739	minus	93.731	82	GCA_038363175.3_derv_complete	91453239	91460312
NC_027117.1_gag_4	gb|CM076304.2|	91459273	91457087	minus	93.51	100	GCA_038363175.3_derv_gag	91456587	91459773
NC_027117.1_env_10	gb|CM076304.2|	132289856	132290865	plus	93.076	100	GCA_038363175.3_derv_env	132289356	132291365
NC_027117.1_pol_8	gb|CM076305.2|	59953	57597	minus	80.89	99	GCA_038363175.3_derv_pol	57097	60453
NC_027117.1_env_10	gb|CM076305.2|	3428025	3429016	plus	94.965	100	GCA_038363175.3_derv_env	3427525	3429516
NC_027117.1_env_10	gb|CM076305.2|	35712904	35711913	minus	95.065	100	GCA_038363175.3_derv_env	35711413	35713404
NC_001514.1_env_11	gb|CM076305.2|	48795311	48794864	minus	78.396	82	GCA_038363175.3_smrv_env	48794364	48795811
NC_001514.1_env_11	gb|CM076305.2|	48809591	48809144	minus	77.283	82	GCA_038363175.3_smrv_env	48808644	48810091
NC_001514.1_env_11	gb|CM076305.2|	48915318	48915781	plus	77.468	82	GCA_038363175.3_smrv_env	48914818	48916281
NC_027117.1_gag_4	gb|CM076305.2|	50549332	50550709	plus	91.872	100	GCA_038363175.3_derv_gag	50548832	50551209
NC_027117.1_gag_4	gb|CM076305.2|	64257309	64259193	plus	91.622	100	GCA_038363175.3_derv_gag	64256809	64259693
NC_027117.1_complete	gb|CM076305.2|	64257309	64265087	plus	93.757	74	GCA_038363175.3_derv_complete	64256809	64265587
NC_001514.1_complete	gb|CM076305.2|	64258112	64262543	plus	74.559	50	GCA_038363175.3_smrv_complete	64257612	64263043
NC_027117.1_pol_8	gb|CM076305.2|	64260185	64262599	plus	94.99	99	GCA_038363175.3_derv_pol	64259685	64263099
NC_001514.1_pol_6	gb|CM076305.2|	64260212	64262543	plus	75.542	97	GCA_038363175.3_smrv_pol	64259712	64263043
NC_027117.1_env_10	gb|CM076305.2|	64262634	64264403	plus	94.805	100	GCA_038363175.3_derv_env	64262134	64264903
NC_001514.1_env_11	gb|CM076305.2|	65896677	65897124	plus	78.174	82	GCA_038363175.3_smrv_env	65896177	65897624
NC_027117.1_env_10	gb|CM076305.2|	68030577	68029586	minus	94.864	100	GCA_038363175.3_derv_env	68029086	68031077
NC_027117.1_env_10	gb|CM076305.2|	70920966	70921948	plus	93.656	100	GCA_038363175.3_derv_env	70920466	70922448
NC_001514.1_env_11	gb|CM076305.2|	78668115	78668556	plus	77.652	82	GCA_038363175.3_smrv_env	78667615	78669056
NC_027117.1_gag_4	gb|CM076305.2|	82577204	82575848	minus	91.001	100	GCA_038363175.3_derv_gag	82575348	82577704
NC_027117.1_gag_4	gb|CM076305.2|	102360865	102359183	minus	92.883	100	GCA_038363175.3_derv_gag	102358683	102361365
NC_027117.1_gag_4	gb|CM076305.2|	115342731	115344405	plus	92.294	100	GCA_038363175.3_derv_gag	115342231	115344905
NC_001514.1_env_11	gb|CM076305.2|	127340625	127341065	plus	77.201	82	GCA_038363175.3_smrv_env	127340125	127341565
NC_027117.1_gag_4	gb|CM076306.2|	12490298	12488617	minus	92.166	100	GCA_038363175.3_derv_gag	12488117	12490798
NC_027117.1_env_10	gb|CM076306.2|	30206373	30205382	minus	94.663	56	GCA_038363175.3_derv_env	30204882	30206873
NC_001514.1_env_11	gb|CM076306.2|	34237170	34237481	plus	80.128	78	GCA_038363175.3_smrv_env	34236670	34237981
NC_027117.1_gag_4	gb|CM076306.2|	63022739	63024112	plus	91.727	100	GCA_038363175.3_derv_gag	63022239	63024612
NC_027117.1_env_10	gb|CM076306.2|	68749882	68748891	minus	94.864	56	GCA_038363175.3_derv_env	68748391	68750382
NC_001514.1_env_11	gb|CM076306.2|	77338943	77338501	minus	77.703	78	GCA_038363175.3_smrv_env	77338001	77339443
NC_027117.1_env_10	gb|CM076306.2|	77402416	77403407	plus	94.562	56	GCA_038363175.3_derv_env	77401916	77403907
NC_027117.1_env_10	gb|CM076306.2|	77614222	77613231	minus	94.965	56	GCA_038363175.3_derv_env	77612731	77614722
NC_027117.1_gag_4	gb|CM076306.2|	78772568	78771154	minus	92.877	100	GCA_038363175.3_derv_gag	78770654	78773068
NC_027117.1_complete	gb|CM076306.2|	83438752	83444823	plus	93.534	58	GCA_038363175.3_derv_complete	83438252	83445323
NC_027117.1_gag_4	gb|CM076306.2|	83439292	83441475	plus	92.913	100	GCA_038363175.3_derv_gag	83438792	83441975
NC_027117.1_pol_8	gb|CM076306.2|	83442467	83444823	plus	95.121	97	GCA_038363175.3_derv_pol	83441967	83445323
NC_001514.1_env_11	gb|CM076306.2|	85209881	85210324	plus	75.785	78	GCA_038363175.3_smrv_env	85209381	85210824
NC_001514.1_env_11	gb|CM076306.2|	85993774	85994215	plus	77.201	78	GCA_038363175.3_smrv_env	85993274	85994715
NC_027117.1_env_10	gb|CM076306.2|	92539216	92540207	plus	94.058	56	GCA_038363175.3_derv_env	92538716	92540707
NC_027117.1_env_10	gb|CM076306.2|	94265115	94266106	plus	95.065	56	GCA_038363175.3_derv_env	94264615	94266606
NC_027117.1_pol_8	gb|CM076306.2|	95439123	95436767	minus	95.206	97	GCA_038363175.3_derv_pol	95436267	95439623
NC_027117.1_complete	gb|CM076306.2|	95442838	95436767	minus	93.632	58	GCA_038363175.3_derv_complete	95436267	95443338
NC_027117.1_gag_4	gb|CM076306.2|	95442298	95440115	minus	93.004	100	GCA_038363175.3_derv_gag	95439615	95442798
NC_027117.1_gag_4	gb|CM076307.2|	522144	523618	plus	93.288	100	GCA_038363175.3_derv_gag	521644	524118
NC_027117.1_complete	gb|CM076307.2|	523880	529641	plus	93.02	82	GCA_038363175.3_derv_complete	523380	530141
NC_027117.1_pol_8	gb|CM076307.2|	524779	527169	plus	93.085	99	GCA_038363175.3_derv_pol	524279	527669
NC_027117.1_env_10	gb|CM076307.2|	527204	528969	plus	93.495	100	GCA_038363175.3_derv_env	526704	529469
NC_001514.1_env_11	gb|CM076307.2|	31135988	31136427	plus	77.551	79	GCA_038363175.3_smrv_env	31135488	31136927
NC_027117.1_complete	gb|CM076307.2|	56899386	56905457	plus	93.55	82	GCA_038363175.3_derv_complete	56898886	56905957
NC_027117.1_gag_4	gb|CM076307.2|	56899926	56902109	plus	92.913	100	GCA_038363175.3_derv_gag	56899426	56902609
NC_027117.1_pol_8	gb|CM076307.2|	56903101	56905457	plus	95.163	99	GCA_038363175.3_derv_pol	56902601	56905957
NC_027117.1_gag_4	gb|CM076307.2|	60417574	60419243	plus	92.289	100	GCA_038363175.3_derv_gag	60417074	60419743
NC_001514.1_env_11	gb|CM076307.2|	61899427	61899874	plus	77.283	79	GCA_038363175.3_smrv_env	61898927	61900374
NC_001514.1_env_11	gb|CM076307.2|	90695325	90694879	minus	76.837	79	GCA_038363175.3_smrv_env	90694379	90695825
NC_027117.1_env_10	gb|CM076307.2|	93794460	93795435	plus	93.756	100	GCA_038363175.3_derv_env	93793960	93795935
NC_027117.1_gag_4	gb|CM076308.2|	22381969	22380592	minus	92.743	77	GCA_038363175.3_derv_gag	22380092	22382469
NC_027117.1_env_10	gb|CM076308.2|	24159132	24158141	minus	94.663	56	GCA_038363175.3_derv_env	24157641	24159632
NC_027117.1_gag_4	gb|CM076308.2|	30688190	30686511	minus	92.883	77	GCA_038363175.3_derv_gag	30686011	30688690
NC_001514.1_env_11	gb|CM076308.2|	30939613	30940054	plus	76.749	80	GCA_038363175.3_smrv_env	30939113	30940554
NC_027117.1_gag_4	gb|CM076308.2|	31994649	31996331	plus	92.883	77	GCA_038363175.3_derv_gag	31994149	31996831
NC_001514.1_env_11	gb|CM076308.2|	32531887	32531441	minus	76.837	80	GCA_038363175.3_smrv_env	32530941	32532387
NC_001514.1_env_11	gb|CM076308.2|	32890275	32889823	minus	75.983	80	GCA_038363175.3_smrv_env	32889323	32890775
NC_027117.1_env_10	gb|CM076308.2|	61122657	61123646	plus	94.562	56	GCA_038363175.3_derv_env	61122157	61124146
NC_001514.1_env_11	gb|CM076308.2|	61125875	61126318	plus	76.667	80	GCA_038363175.3_smrv_env	61125375	61126818
NC_001514.1_env_11	gb|CM076308.2|	66386939	66387380	plus	77.201	80	GCA_038363175.3_smrv_env	66386439	66387880
NC_027117.1_gag_4	gb|CM076308.2|	71206205	71204828	minus	92.09	77	GCA_038363175.3_derv_gag	71204328	71206705
NC_027117.1_env_10	gb|CM076308.2|	90737188	90736201	minus	94.361	56	GCA_038363175.3_derv_env	90735701	90737688
NC_027117.1_env_10	gb|CM076308.2|	100409341	100410332	plus	94.864	56	GCA_038363175.3_derv_env	100408841	100410832
NC_027117.1_gag_4	gb|CM076308.2|	102981003	102982686	plus	93.06	77	GCA_038363175.3_derv_gag	102980503	102983186
NC_001514.1_env_8	gb|CM076309.2|	19832839	19833772	plus	73.277	58	GCA_038363175.3_smrv_env	19832339	19834272
NC_001514.1_env_11	gb|CM076309.2|	19833325	19833772	plus	77.283	93	GCA_038363175.3_smrv_env	19832825	19834272
NC_027117.1_env_10	gb|CM076309.2|	21368251	21367264	minus	93.857	56	GCA_038363175.3_derv_env	21366764	21368751
NC_027117.1_env_10	gb|CM076309.2|	24260391	24259400	minus	94.864	56	GCA_038363175.3_derv_env	24258900	24260891
NC_001514.1_env_11	gb|CM076309.2|	34933486	34933041	minus	76.169	93	GCA_038363175.3_smrv_env	34932541	34933986
NC_027117.1_env_10	gb|CM076309.2|	37796363	37795372	minus	94.361	56	GCA_038363175.3_derv_env	37794872	37796863
NC_001514.1_env_8	gb|CM076309.2|	37796298	37795428	minus	73.66	58	GCA_038363175.3_smrv_env	37794928	37796798
NC_001514.1_env_11	gb|CM076309.2|	37795956	37795428	minus	75.706	93	GCA_038363175.3_smrv_env	37794928	37796456
NC_001514.1_env_11	gb|CM076309.2|	41774764	41774317	minus	77.605	93	GCA_038363175.3_smrv_env	41773817	41775264
NC_027117.1_env_10	gb|CM076309.2|	49167365	49166376	minus	94.864	56	GCA_038363175.3_derv_env	49165876	49167865
NC_001514.1_env_11	gb|CM076309.2|	57695466	57695910	plus	77.506	93	GCA_038363175.3_smrv_env	57694966	57696410
NC_027117.1_env_10	gb|CM076309.2|	64769225	64768234	minus	94.663	56	GCA_038363175.3_derv_env	64767734	64769725
NC_001514.1_env_11	gb|CM076309.2|	84054108	84054555	plus	77.951	93	GCA_038363175.3_smrv_env	84053608	84055055
NC_027117.1_gag_4	gb|CM076309.2|	85427992	85426615	minus	92.453	63	GCA_038363175.3_derv_gag	85426115	85428492
NC_001514.1_env_11	gb|CM076309.2|	88430253	88429806	minus	76.837	93	GCA_038363175.3_smrv_env	88429306	88430753
NC_001514.1_env_11	gb|CM076310.2|	35016891	35016444	minus	77.728	79	GCA_038363175.3_smrv_env	35015944	35017391
NC_001514.1_env_11	gb|CM076310.2|	50081404	50081842	plus	77.778	79	GCA_038363175.3_smrv_env	50080904	50082342
NC_027117.1_complete	gb|CM076311.2|	246470	255086	plus	92.972	82	GCA_038363175.3_derv_complete	245970	255586
NC_027117.1_gag_4	gb|CM076311.2|	247009	249197	plus	92.154	100	GCA_038363175.3_derv_gag	246509	249697
NC_027117.1_pol_8	gb|CM076311.2|	250189	252607	plus	94.254	99	GCA_038363175.3_derv_pol	249689	253107
NC_027117.1_env_10	gb|CM076311.2|	252642	254411	plus	94.579	100	GCA_038363175.3_derv_env	252142	254911
NC_027117.1_pol_8	gb|CM076311.2|	7167081	7164725	minus	80.797	99	GCA_038363175.3_derv_pol	7164225	7167581
NC_001514.1_env_11	gb|CM076311.2|	20743807	20744248	plus	76.975	82	GCA_038363175.3_smrv_env	20743307	20744748
NC_001514.1_env_11	gb|CM076311.2|	27102542	27102997	plus	77.039	82	GCA_038363175.3_smrv_env	27102042	27103497
NC_027117.1_env_10	gb|CM076311.2|	35028992	35028002	minus	93.958	100	GCA_038363175.3_derv_env	35027502	35029492
NC_027117.1_gag_4	gb|CM076312.1|	50641	52104	plus	92.76	100	GCA_038363145.1_derv_gag	50141	52604
NC_027117.1_complete	gb|CM076312.1|	52366	58146	plus	92.856	55	GCA_038363145.1_derv_complete	51866	58646
NC_027117.1_pol_8	gb|CM076312.1|	53266	55658	plus	92.594	99	GCA_038363145.1_derv_pol	52766	56158
NC_027117.1_env_10	gb|CM076312.1|	55693	57463	plus	93.454	100	GCA_038363145.1_derv_env	55193	57963
NC_027117.1_gag_4	gb|CM076312.1|	15038225	15039906	plus	92.358	100	GCA_038363145.1_derv_gag	15037725	15040406
NC_027117.1_env_10	gb|CM076312.1|	15855331	15854340	minus	94.864	100	GCA_038363145.1_derv_env	15853840	15855831
NC_027117.1_env_10	gb|CM076312.1|	27231123	27232114	plus	94.562	100	GCA_038363145.1_derv_env	27230623	27232614
NC_027117.1_env_10	gb|CM076312.1|	36841092	36842083	plus	94.763	100	GCA_038363145.1_derv_env	36840592	36842583
NC_027117.1_env_10	gb|CM076312.1|	41309853	41308862	minus	94.461	100	GCA_038363145.1_derv_env	41308362	41310353
NC_027117.1_env_10	gb|CM076312.1|	46988844	46989845	plus	93.22	100	GCA_038363145.1_derv_env	46988344	46990345
NC_027117.1_env_10	gb|CM076312.1|	53559623	53560614	plus	94.965	100	GCA_038363145.1_derv_env	53559123	53561114
NC_027117.1_env_10	gb|CM076312.1|	78318113	78317122	minus	94.663	100	GCA_038363145.1_derv_env	78316622	78318613
NC_027117.1_env_10	gb|CM076312.1|	91861165	91862156	plus	94.26	100	GCA_038363145.1_derv_env	91860665	91862656
NC_027117.1_LTR_12	gb|CM076312.1|	92749958	92749112	minus	87.676	55	GCA_038363145.1_derv_ltr	92748612	92750458
NC_027117.1_LTR_1	gb|CM076312.1|	92750917	92750531	minus	93.606	100	GCA_038363145.1_derv_ltr	92750031	92751417
NC_001514.1_env_11	gb|CM076312.1|	99265734	99266174	plus	77.149	82	GCA_038363145.1_smrv_env	99265234	99266674
NC_027117.1_env_10	gb|CM076312.1|	110848019	110847028	minus	95.166	100	GCA_038363145.1_derv_env	110846528	110848519
NC_027117.1_env_10	gb|CM076312.1|	120825734	120824746	minus	93.756	100	GCA_038363145.1_derv_env	120824246	120826234
NC_001514.1_env_11	gb|CM076312.1|	126045764	126046229	plus	77.088	82	GCA_038363145.1_smrv_env	126045264	126046729
NC_027117.1_gag_4	gb|CM076312.1|	141992552	141994234	plus	93.832	100	GCA_038363145.1_derv_gag	141992052	141994734
NC_001514.1_env_11	gb|CM076312.1|	153121388	153120942	minus	77.556	82	GCA_038363145.1_smrv_env	153120442	153121888
NC_001514.1_env_11	gb|CM076312.1|	163999905	164000346	plus	75.281	82	GCA_038363145.1_smrv_env	163999405	164000846
NC_027117.1_env_10	gb|CM076312.1|	174372043	174371054	minus	94.171	100	GCA_038363145.1_derv_env	174370554	174372543
NC_001514.1_env_11	gb|CM076312.1|	203729588	203730030	plus	76.392	82	GCA_038363145.1_smrv_env	203729088	203730530
NC_001514.1_env_11	gb|CM076312.1|	205463573	205463126	minus	76.94	82	GCA_038363145.1_smrv_env	205462626	205464073
NC_001514.1_env_11	gb|CM076312.1|	205476808	205476361	minus	77.06	82	GCA_038363145.1_smrv_env	205475861	205477308
NC_001514.1_env_11	gb|CM076312.1|	228700994	228701441	plus	77.283	82	GCA_038363145.1_smrv_env	228700494	228701941
NC_001514.1_env_11	gb|CM076313.1|	4534834	4535273	plus	77.551	82	GCA_038363145.1_smrv_env	4534334	4535773
NC_001514.1_env_11	gb|CM076313.1|	13562836	13563276	plus	76.923	82	GCA_038363145.1_smrv_env	13562336	13563776
NC_027117.1_gag_4	gb|CM076313.1|	32798459	32800313	plus	90.904	100	GCA_038363145.1_derv_gag	32797959	32800813
NC_027117.1_complete	gb|CM076313.1|	32798459	32806206	plus	93.572	82	GCA_038363145.1_derv_complete	32797959	32806706
NC_001514.1_complete	gb|CM076313.1|	32799232	32803663	plus	74.593	50	GCA_038363145.1_smrv_complete	32798732	32804163
NC_027117.1_pol_8	gb|CM076313.1|	32801305	32803719	plus	95.114	99	GCA_038363145.1_derv_pol	32800805	32804219
NC_001514.1_pol_6	gb|CM076313.1|	32801332	32803663	plus	75.489	97	GCA_038363145.1_smrv_pol	32800832	32804163
NC_027117.1_env_10	gb|CM076313.1|	32803754	32805523	plus	94.579	100	GCA_038363145.1_derv_env	32803254	32806023
NC_027117.1_gag_4	gb|CM076313.1|	63353317	63354729	plus	91.966	100	GCA_038363145.1_derv_gag	63352817	63355229
NC_001514.1_env_11	gb|CM076313.1|	71409439	71408992	minus	77.06	82	GCA_038363145.1_smrv_env	71408492	71409939
NC_027117.1_env_10	gb|CM076313.1|	74796590	74797581	plus	94.361	100	GCA_038363145.1_derv_env	74796090	74798081
NC_001514.1_env_11	gb|CM076313.1|	81957706	81957258	minus	77.111	82	GCA_038363145.1_smrv_env	81956758	81958206
NC_027117.1_gag_4	gb|CM076313.1|	90464445	90463088	minus	92.721	100	GCA_038363145.1_derv_gag	90462588	90464945
NC_027117.1_pol_8	gb|CM076313.1|	90675689	90673333	minus	95.036	99	GCA_038363145.1_derv_pol	90672833	90676189
NC_027117.1_complete	gb|CM076313.1|	90679403	90673333	minus	93.665	82	GCA_038363145.1_derv_complete	90672833	90679903
NC_027117.1_gag_4	gb|CM076313.1|	90678864	90676681	minus	93.05	100	GCA_038363145.1_derv_gag	90676181	90679364
NC_001514.1_env_11	gb|CM076313.1|	90750399	90749953	minus	77.06	82	GCA_038363145.1_smrv_env	90749453	90750899
NC_001514.1_env_11	gb|CM076313.1|	92571367	92571808	plus	76.298	82	GCA_038363145.1_smrv_env	92570867	92572308
NC_027117.1_gag_4	gb|CM076313.1|	94277425	94275743	minus	93.06	100	GCA_038363145.1_derv_gag	94275243	94277925
NC_027117.1_pol_8	gb|CM076313.1|	103659929	103662285	plus	80.89	99	GCA_038363145.1_derv_pol	103659429	103662785
NC_001514.1_env_11	gb|CM076313.1|	103947575	103948016	plus	76.975	82	GCA_038363145.1_smrv_env	103947075	103948516
NC_027117.1_gag_4	gb|CM076313.1|	105095501	105093819	minus	93.179	100	GCA_038363145.1_derv_gag	105093319	105096001
NC_027117.1_env_10	gb|CM076313.1|	105135622	105136606	plus	94.726	100	GCA_038363145.1_derv_env	105135122	105137106
NC_027117.1_env_10	gb|CM076313.1|	107113819	107112828	minus	95.678	100	GCA_038363145.1_derv_env	107112328	107114319
NC_001514.1_env_8	gb|CM076313.1|	108195688	108194667	minus	72.49	59	GCA_038363145.1_smrv_env	108194167	108196188
NC_001514.1_env_11	gb|CM076313.1|	108195114	108194667	minus	77.06	82	GCA_038363145.1_smrv_env	108194167	108195614
NC_027117.1_env_10	gb|CM076313.1|	110174131	110175122	plus	95.166	100	GCA_038363145.1_derv_env	110173631	110175622
NC_001514.1_env_11	gb|CM076313.1|	125149961	125150408	plus	77.283	82	GCA_038363145.1_smrv_env	125149461	125150908
NC_027117.1_gag_4	gb|CM076313.1|	138015996	138017678	plus	92.645	100	GCA_038363145.1_derv_gag	138015496	138018178
NC_001514.1_env_11	gb|CM076313.1|	156308236	156308675	plus	77.201	82	GCA_038363145.1_smrv_env	156307736	156309175
NC_001514.1_env_11	gb|CM076313.1|	157840108	157839661	minus	77.778	82	GCA_038363145.1_smrv_env	157839161	157840608
NC_027117.1_env_10	gb|CM076313.1|	165668402	165669393	plus	94.461	100	GCA_038363145.1_derv_env	165667902	165669893
NC_027117.1_gag_4	gb|CM076313.1|	172913572	172911890	minus	92.467	100	GCA_038363145.1_derv_gag	172911390	172914072
NC_001514.1_env_11	gb|CM076313.1|	177621024	177620577	minus	77.283	82	GCA_038363145.1_smrv_env	177620077	177621524
NC_001514.1_env_11	gb|CM076313.1|	178053373	178053704	plus	79.819	82	GCA_038363145.1_smrv_env	178052873	178054204
NC_027117.1_gag_4	gb|CM076313.1|	195409702	195408017	minus	93.12	100	GCA_038363145.1_derv_gag	195407517	195410202
NC_027117.1_env_10	gb|CM076313.1|	211103093	211104084	plus	95.267	100	GCA_038363145.1_derv_env	211102593	211104584
NC_001514.1_env_8	gb|CM076314.1|	28783981	28784979	plus	72.844	58	GCA_038363145.1_smrv_env	28783481	28785479
NC_001514.1_env_11	gb|CM076314.1|	28784534	28784979	plus	77.13	82	GCA_038363145.1_smrv_env	28784034	28785479
NC_001514.1_env_11	gb|CM076314.1|	32027861	32027414	minus	76.615	82	GCA_038363145.1_smrv_env	32026914	32028361
NC_001514.1_env_11	gb|CM076314.1|	65637343	65637790	plus	77.556	82	GCA_038363145.1_smrv_env	65636843	65638290
NC_001514.1_env_11	gb|CM076314.1|	67912711	67913147	plus	77.626	82	GCA_038363145.1_smrv_env	67912211	67913647
NC_001514.1_env_11	gb|CM076314.1|	73419921	73420362	plus	77.027	82	GCA_038363145.1_smrv_env	73419421	73420862
NC_027117.1_env_10	gb|CM076314.1|	79494723	79495714	plus	95.267	56	GCA_038363145.1_derv_env	79494223	79496214
NC_027117.1_gag_4	gb|CM076314.1|	83338714	83340396	plus	92.883	77	GCA_038363145.1_derv_gag	83338214	83340896
NC_027117.1_env_10	gb|CM076314.1|	86775125	86776116	plus	94.461	56	GCA_038363145.1_derv_env	86774625	86776616
NC_001514.1_env_11	gb|CM076314.1|	103457807	103458248	plus	76.072	82	GCA_038363145.1_smrv_env	103457307	103458748
NC_027117.1_env_10	gb|CM076314.1|	105689458	105690449	plus	95.166	56	GCA_038363145.1_derv_env	105688958	105690949
NC_001514.1_env_11	gb|CM076314.1|	142083015	142083478	plus	76.989	82	GCA_038363145.1_smrv_env	142082515	142083978
NC_001514.1_env_11	gb|CM076314.1|	149126786	149127227	plus	77.201	82	GCA_038363145.1_smrv_env	149126286	149127727
NC_001514.1_env_11	gb|CM076314.1|	149629761	149630202	plus	77.201	82	GCA_038363145.1_smrv_env	149629261	149630702
NC_027117.1_gag_4	gb|CM076314.1|	155464388	155462893	minus	92.061	77	GCA_038363145.1_derv_gag	155462393	155464888
NC_027117.1_env_10	gb|CM076315.1|	15344191	15345960	plus	96.386	100	GCA_038363145.1_derv_env	15343691	15346460
NC_027117.1_env_10	gb|CM076315.1|	43339129	43338138	minus	94.361	100	GCA_038363145.1_derv_env	43337638	43339629
NC_001514.1_env_11	gb|CM076315.1|	45121088	45120641	minus	77.506	81	GCA_038363145.1_smrv_env	45120141	45121588
NC_027117.1_gag_4	gb|CM076315.1|	46013853	46015535	plus	93.12	100	GCA_038363145.1_derv_gag	46013353	46016035
NC_027117.1_gag_4	gb|CM076315.1|	56305143	56307009	plus	91.251	100	GCA_038363145.1_derv_gag	56304643	56307509
NC_027117.1_complete	gb|CM076315.1|	56305143	56312903	plus	93.539	74	GCA_038363145.1_derv_complete	56304643	56313403
NC_001514.1_complete	gb|CM076315.1|	56305928	56310359	plus	74.71	50	GCA_038363145.1_smrv_complete	56305428	56310859
NC_027117.1_pol_8	gb|CM076315.1|	56308001	56310415	plus	94.865	99	GCA_038363145.1_derv_pol	56307501	56310915
NC_001514.1_pol_6	gb|CM076315.1|	56308028	56310359	plus	75.618	97	GCA_038363145.1_smrv_pol	56307528	56310859
NC_027117.1_env_10	gb|CM076315.1|	56310450	56312219	plus	94.466	100	GCA_038363145.1_derv_env	56309950	56312719
NC_027117.1_gag_4	gb|CM076315.1|	56977773	56976398	minus	91.945	100	GCA_038363145.1_derv_gag	56975898	56978273
NC_001514.1_env_11	gb|CM076315.1|	60492204	60491757	minus	77.06	81	GCA_038363145.1_smrv_env	60491257	60492704
NC_027117.1_gag_4	gb|CM076315.1|	61743993	61742310	minus	92.531	100	GCA_038363145.1_derv_gag	61741810	61744493
NC_027117.1_env_10	gb|CM076315.1|	65261434	65262357	plus	94.27	100	GCA_038363145.1_derv_env	65260934	65262857
NC_001514.1_env_11	gb|CM076315.1|	68211165	68210707	minus	76.79	81	GCA_038363145.1_smrv_env	68210207	68211665
NC_001514.1_env_11	gb|CM076315.1|	85024771	85025220	plus	76.718	81	GCA_038363145.1_smrv_env	85024271	85025720
NC_027117.1_env_10	gb|CM076315.1|	86010572	86011563	plus	94.361	100	GCA_038363145.1_derv_env	86010072	86012063
NC_001514.1_env_8	gb|CM076315.1|	95249034	95250162	plus	72.498	65	GCA_038363145.1_smrv_env	95248534	95250662
NC_001514.1_env_11	gb|CM076315.1|	95249716	95250162	plus	77.778	81	GCA_038363145.1_smrv_env	95249216	95250662
NC_001514.1_env_8	gb|CM076315.1|	101103716	101104641	plus	73.048	65	GCA_038363145.1_smrv_env	101103216	101105141
NC_001514.1_env_11	gb|CM076315.1|	101104201	101104641	plus	77.427	81	GCA_038363145.1_smrv_env	101103701	101105141
NC_027117.1_env_10	gb|CM076315.1|	101300634	101299592	minus	94.732	100	GCA_038363145.1_derv_env	101299092	101301134
NC_001514.1_env_11	gb|CM076315.1|	102278976	102278529	minus	76.837	81	GCA_038363145.1_smrv_env	102278029	102279476
NC_027117.1_gag_4	gb|CM076315.1|	108460976	108459291	minus	93.179	100	GCA_038363145.1_derv_gag	108458791	108461476
NC_027117.1_gag_4	gb|CM076315.1|	108532829	108534197	plus	92.19	100	GCA_038363145.1_derv_gag	108532329	108534697
NC_027117.1_env_10	gb|CM076315.1|	108744691	108743649	minus	93.966	100	GCA_038363145.1_derv_env	108743149	108745191
NC_001514.1_env_11	gb|CM076315.1|	113834734	113835174	plus	75.169	81	GCA_038363145.1_smrv_env	113834234	113835674
NC_027117.1_gag_4	gb|CM076315.1|	114875998	114877872	plus	93.028	100	GCA_038363145.1_derv_gag	114875498	114878372
NC_027117.1_complete	gb|CM076315.1|	114875998	114883766	plus	94.012	74	GCA_038363145.1_derv_complete	114875498	114884266
NC_027117.1_pol_8	gb|CM076315.1|	114878862	114881276	plus	94.952	99	GCA_038363145.1_derv_pol	114878362	114881776
NC_027117.1_env_10	gb|CM076315.1|	114881311	114883085	plus	94.313	100	GCA_038363145.1_derv_env	114880811	114883585
NC_027117.1_env_10	gb|CM076315.1|	121963989	121964980	plus	94.965	100	GCA_038363145.1_derv_env	121963489	121965480
NC_027117.1_gag_4	gb|CM076315.1|	125820188	125821871	plus	92.59	100	GCA_038363145.1_derv_gag	125819688	125822371
NC_027117.1_pol_8	gb|CM076315.1|	165313019	165310663	minus	80.779	99	GCA_038363145.1_derv_pol	165310163	165313519
NC_027117.1_env_10	gb|CM076316.1|	785098	786089	plus	94.361	56	GCA_038363145.1_derv_env	784598	786589
NC_001514.1_env_11	gb|CM076316.1|	9448310	9447863	minus	77.283	80	GCA_038363145.1_smrv_env	9447363	9448810
NC_001514.1_env_11	gb|CM076316.1|	11723151	11722705	minus	77.06	80	GCA_038363145.1_smrv_env	11722205	11723651
NC_001514.1_env_11	gb|CM076316.1|	20541151	20540697	minus	77.462	80	GCA_038363145.1_smrv_env	20540197	20541651
NC_027117.1_env_10	gb|CM076316.1|	45414901	45413911	minus	94.26	56	GCA_038363145.1_derv_env	45413411	45415401
NC_001514.1_env_11	gb|CM076316.1|	54132436	54131989	minus	77.06	80	GCA_038363145.1_smrv_env	54131489	54132936
NC_027117.1_env_10	gb|CM076316.1|	56340461	56341445	plus	93.656	56	GCA_038363145.1_derv_env	56339961	56341945
NC_027117.1_env_10	gb|CM076316.1|	71563662	71562671	minus	94.562	56	GCA_038363145.1_derv_env	71562171	71564162
NC_001514.1_env_11	gb|CM076316.1|	93629429	93628975	minus	77.632	80	GCA_038363145.1_smrv_env	93628475	93629929
NC_001514.1_env_11	gb|CM076316.1|	108742823	108742383	minus	76.923	80	GCA_038363145.1_smrv_env	108741883	108743323
NC_027117.1_pol_8	gb|CM076316.1|	119333705	119331349	minus	80.763	97	GCA_038363145.1_derv_pol	119330849	119334205
NC_027117.1_gag_4	gb|CM076316.1|	123233466	123231760	minus	92.209	100	GCA_038363145.1_derv_gag	123231260	123233966
NC_027117.1_env_10	gb|CM076316.1|	138802632	138803622	plus	94.562	56	GCA_038363145.1_derv_env	138802132	138804122
NC_027117.1_complete	gb|CM076316.1|	139751598	139757659	plus	93.697	58	GCA_038363145.1_derv_complete	139751098	139758159
NC_027117.1_gag_4	gb|CM076316.1|	139752136	139754313	plus	93.461	100	GCA_038363145.1_derv_gag	139751636	139754813
NC_001514.1_complete	gb|CM076316.1|	139753241	139757657	plus	74.358	50	GCA_038363145.1_smrv_complete	139752741	139758157
NC_027117.1_pol_8	gb|CM076316.1|	139755305	139757659	plus	94.994	97	GCA_038363145.1_derv_pol	139754805	139758159
NC_001514.1_pol_6	gb|CM076316.1|	139755332	139757657	plus	75.33	97	GCA_038363145.1_smrv_pol	139754832	139758157
NC_001514.1_env_11	gb|CM076316.1|	150679119	150679558	plus	77.098	80	GCA_038363145.1_smrv_env	150678619	150680058
NC_001514.1_env_11	gb|CM076316.1|	155008662	155009101	plus	77.427	80	GCA_038363145.1_smrv_env	155008162	155009601
NC_001514.1_env_11	gb|CM076316.1|	169179553	169180000	plus	77.283	80	GCA_038363145.1_smrv_env	169179053	169180500
NC_001514.1_env_11	gb|CM076317.1|	817665	818128	plus	77.371	82	GCA_038363145.1_smrv_env	817165	818628
NC_027117.1_gag_4	gb|CM076317.1|	31273861	31272484	minus	92.816	100	GCA_038363145.1_derv_gag	31271984	31274361
NC_027117.1_pol_8	gb|CM076317.1|	65478632	65480988	plus	80.779	99	GCA_038363145.1_derv_pol	65478132	65481488
NC_027117.1_gag_4	gb|CM076317.1|	73511390	73509705	minus	93.298	100	GCA_038363145.1_derv_gag	73509205	73511890
NC_027117.1_env_10	gb|CM076317.1|	87253340	87254331	plus	95.166	100	GCA_038363145.1_derv_env	87252840	87254831
NC_001514.1_env_11	gb|CM076317.1|	99460615	99461074	plus	77.223	82	GCA_038363145.1_smrv_env	99460115	99461574
NC_001514.1_env_11	gb|CM076317.1|	100055486	100055039	minus	76.889	82	GCA_038363145.1_smrv_env	100054539	100055986
NC_001514.1_env_11	gb|CM076317.1|	100650424	100649978	minus	77.283	82	GCA_038363145.1_smrv_env	100649478	100650924
NC_001514.1_env_11	gb|CM076317.1|	117297706	117298171	plus	76.017	82	GCA_038363145.1_smrv_env	117297206	117298671
NC_027117.1_complete	gb|CM076317.1|	117752517	117744723	minus	93.796	74	GCA_038363145.1_derv_complete	117744223	117753017
NC_027117.1_env_10	gb|CM076317.1|	117747177	117745409	minus	94.41	100	GCA_038363145.1_derv_env	117744909	117747677
NC_027117.1_pol_8	gb|CM076317.1|	117749626	117747212	minus	94.99	99	GCA_038363145.1_derv_pol	117746712	117750126
NC_027117.1_gag_4	gb|CM076317.1|	117752517	117750638	minus	93.085	100	GCA_038363145.1_derv_gag	117750138	117753017
NC_001514.1_env_11	gb|CM076317.1|	117754770	117755211	plus	76.975	82	GCA_038363145.1_smrv_env	117754270	117755711
NC_027117.1_gag_4	gb|CM076317.1|	120611621	120610246	minus	91.878	100	GCA_038363145.1_derv_gag	120609746	120612121
NC_027117.1_env_10	gb|CM076317.1|	128073185	128074173	plus	93.857	100	GCA_038363145.1_derv_env	128072685	128074673
NC_027117.1_env_10	gb|CM076317.1|	140227247	140226266	minus	94.361	100	GCA_038363145.1_derv_env	140225766	140227747
NC_027117.1_gag_4	gb|CM076317.1|	148633039	148631358	minus	93.298	100	GCA_038363145.1_derv_gag	148630858	148633539
NC_027117.1_env_10	gb|CM076318.1|	19689399	19688391	minus	93.168	56	GCA_038363145.1_derv_env	19687891	19689899
NC_001514.1_env_11	gb|CM076318.1|	44554755	44554308	minus	76.053	82	GCA_038363145.1_smrv_env	44553808	44555255
NC_027117.1_gag_4	gb|CM076318.1|	56761570	56759882	minus	92.376	77	GCA_038363145.1_derv_gag	56759382	56762070
NC_001514.1_env_11	gb|CM076318.1|	60050810	60050363	minus	77.06	82	GCA_038363145.1_smrv_env	60049863	60051310
NC_001514.1_env_11	gb|CM076318.1|	65351096	65350649	minus	75.111	82	GCA_038363145.1_smrv_env	65350149	65351596
NC_027117.1_env_10	gb|CM076318.1|	78215346	78214355	minus	94.361	56	GCA_038363145.1_derv_env	78213855	78215846
NC_001514.1_env_11	gb|CM076318.1|	81320217	81320658	plus	76.975	82	GCA_038363145.1_smrv_env	81319717	81321158
NC_001514.1_env_11	gb|CM076318.1|	90589015	90588559	minus	76.638	82	GCA_038363145.1_smrv_env	90588059	90589515
NC_001514.1_env_11	gb|CM076318.1|	90591889	90591433	minus	76.638	82	GCA_038363145.1_smrv_env	90590933	90592389
NC_001514.1_env_11	gb|CM076318.1|	90594763	90594307	minus	76.638	82	GCA_038363145.1_smrv_env	90593807	90595263
NC_027117.1_env_10	gb|CM076318.1|	93783984	93784975	plus	94.159	56	GCA_038363145.1_derv_env	93783484	93785475
NC_027117.1_env_10	gb|CM076318.1|	93817884	93816893	minus	94.663	56	GCA_038363145.1_derv_env	93816393	93818384
NC_001514.1_env_11	gb|CM076318.1|	94285566	94285119	minus	77.728	82	GCA_038363145.1_smrv_env	94284619	94286066
NC_001514.1_env_11	gb|CM076318.1|	132182088	132182549	plus	76.129	82	GCA_038363145.1_smrv_env	132181588	132183049
NC_027117.1_env_10	gb|CM076319.1|	22424453	22423356	minus	81.638	100	GCA_038363145.1_derv_env	22422856	22424953
NC_027117.1_gag_4	gb|CM076319.1|	56451121	56452991	plus	90.688	100	GCA_038363145.1_derv_gag	56450621	56453491
NC_027117.1_complete	gb|CM076319.1|	56451121	56458885	plus	93.478	74	GCA_038363145.1_derv_complete	56450621	56459385
NC_001514.1_complete	gb|CM076319.1|	56451910	56456341	plus	74.559	50	GCA_038363145.1_smrv_complete	56451410	56456841
NC_027117.1_pol_8	gb|CM076319.1|	56453983	56456397	plus	94.99	99	GCA_038363145.1_derv_pol	56453483	56456897
NC_001514.1_pol_6	gb|CM076319.1|	56454010	56456341	plus	75.5	97	GCA_038363145.1_smrv_pol	56453510	56456841
NC_027117.1_env_10	gb|CM076319.1|	56456432	56458201	plus	94.466	100	GCA_038363145.1_derv_env	56455932	56458701
NC_027117.1_gag_4	gb|CM076319.1|	57658259	57656577	minus	92.942	100	GCA_038363145.1_derv_gag	57656077	57658759
NC_001514.1_env_11	gb|CM076319.1|	64556526	64556079	minus	77.778	79	GCA_038363145.1_smrv_env	64555579	64557026
NC_027117.1_env_10	gb|CM076319.1|	71831617	71830626	minus	94.763	100	GCA_038363145.1_derv_env	71830126	71832117
NC_027117.1_env_10	gb|CM076319.1|	72315573	72314590	minus	93.958	100	GCA_038363145.1_derv_env	72314090	72316073
NC_027117.1_gag_4	gb|CM076319.1|	72589060	72590434	plus	91.727	100	GCA_038363145.1_derv_gag	72588560	72590934
NC_001514.1_env_11	gb|CM076319.1|	85878113	85877674	minus	77.149	79	GCA_038363145.1_smrv_env	85877174	85878613
NC_001514.1_env_11	gb|CM076319.1|	93987078	93987519	plus	77.878	79	GCA_038363145.1_smrv_env	93986578	93988019
NC_027117.1_gag_4	gb|CM076319.1|	96913234	96914608	plus	92.235	100	GCA_038363145.1_derv_gag	96912734	96915108
NC_001514.1_env_11	gb|CM076319.1|	114547576	114548025	plus	76.718	79	GCA_038363145.1_smrv_env	114547076	114548525
NC_027117.1_gag_4	gb|CM076320.1|	311650	313114	plus	92.678	86	GCA_038363145.1_derv_gag	311150	313614
NC_027117.1_complete	gb|CM076320.1|	311650	319011	plus	93.59	70	GCA_038363145.1_derv_complete	311150	319511
NC_027117.1_pol_8	gb|CM076320.1|	314107	316521	plus	94.327	99	GCA_038363145.1_derv_pol	313607	317021
NC_027117.1_env_10	gb|CM076320.1|	316556	318325	plus	94.297	100	GCA_038363145.1_derv_env	316056	318825
NC_027117.1_env_10	gb|CM076320.1|	39873625	39874623	plus	93.7	100	GCA_038363145.1_derv_env	39873125	39875123
NC_027117.1_gag_4	gb|CM076320.1|	48209523	48210898	plus	92.531	86	GCA_038363145.1_derv_gag	48209023	48211398
NC_027117.1_env_10	gb|CM076320.1|	58939970	58940893	plus	95.027	100	GCA_038363145.1_derv_env	58939470	58941393
NC_027117.1_env_10	gb|CM076320.1|	64104305	64105292	plus	94.361	100	GCA_038363145.1_derv_env	64103805	64105792
NC_027117.1_env_10	gb|CM076320.1|	76531293	76530302	minus	95.065	100	GCA_038363145.1_derv_env	76529802	76531793
NC_027117.1_env_10	gb|CM076320.1|	87238919	87239910	plus	94.663	100	GCA_038363145.1_derv_env	87238419	87240410
NC_027117.1_env_10	gb|CM076320.1|	96476073	96475081	minus	94.461	100	GCA_038363145.1_derv_env	96474581	96476573
NC_001514.1_env_11	gb|CM076320.1|	98600263	98599822	minus	76.524	78	GCA_038363145.1_smrv_env	98599322	98600763
NC_027117.1_env_10	gb|CM076320.1|	122953179	122954170	plus	94.461	100	GCA_038363145.1_derv_env	122952679	122954670
NC_001514.1_env_11	gb|CM076321.1|	28934246	28934686	plus	77.201	79	GCA_038363145.1_smrv_env	28933746	28935186
NC_001514.1_env_11	gb|CM076321.1|	35927721	35928168	plus	76.889	79	GCA_038363145.1_smrv_env	35927221	35928668
NC_001514.1_env_11	gb|CM076321.1|	57856421	57855974	minus	77.506	79	GCA_038363145.1_smrv_env	57855474	57856921
NC_027117.1_env_10	gb|CM076321.1|	112604349	112605340	plus	94.361	56	GCA_038363145.1_derv_env	112603849	112605840
NC_027117.1_env_10	gb|CM076322.1|	2033696	2032840	minus	92.063	100	GCA_038363145.1_derv_env	2032340	2034196
NC_001514.1_env_11	gb|CM076322.1|	48248627	48248273	minus	78.09	79	GCA_038363145.1_smrv_env	48247773	48249127
NC_027117.1_env_10	gb|CM076322.1|	72619832	72620823	plus	94.763	100	GCA_038363145.1_derv_env	72619332	72621323
NC_001514.1_env_11	gb|CM076322.1|	79479645	79479198	minus	77.283	79	GCA_038363145.1_smrv_env	79478698	79480145
NC_027117.1_gag_4	gb|CM076322.1|	82461894	82460521	minus	91.945	86	GCA_038363145.1_derv_gag	82460021	82462394
NC_027117.1_complete	gb|CM076322.1|	110113382	110107622	minus	92.66	55	GCA_038363145.1_derv_complete	110107122	110113882
NC_027117.1_env_10	gb|CM076322.1|	110110073	110108304	minus	93.168	100	GCA_038363145.1_derv_env	110107804	110110573
NC_027117.1_pol_8	gb|CM076322.1|	110112483	110110108	minus	92.381	99	GCA_038363145.1_derv_pol	110109608	110112983
NC_027117.1_gag_4	gb|CM076322.1|	110115496	110113644	minus	90.851	86	GCA_038363145.1_derv_gag	110113144	110115996
NC_001514.1_env_11	gb|CM076323.1|	10402790	10403231	plus	77.201	80	GCA_038363145.1_smrv_env	10402290	10403731
NC_027117.1_gag_4	gb|CM076323.1|	20363897	20362520	minus	91.945	63	GCA_038363145.1_derv_gag	20362020	20364397
NC_001514.1_env_11	gb|CM076323.1|	30478339	30477892	minus	77.283	80	GCA_038363145.1_smrv_env	30477392	30478839
NC_001514.1_env_11	gb|CM076323.1|	32341048	32341488	plus	77.828	80	GCA_038363145.1_smrv_env	32340548	32341988
NC_027117.1_env_10	gb|CM076323.1|	35796921	35795930	minus	94.361	56	GCA_038363145.1_derv_env	35795430	35797421
NC_001514.1_env_11	gb|CM076323.1|	41270655	41270204	minus	76.316	80	GCA_038363145.1_smrv_env	41269704	41271155
NC_027117.1_gag_4	gb|CM076323.1|	45325747	45324600	minus	92.944	63	GCA_038363145.1_derv_gag	45324100	45326247
NC_027117.1_env_10	gb|CM076323.1|	49635574	49636563	plus	94.965	56	GCA_038363145.1_derv_env	49635074	49637063
NC_027117.1_env_10	gb|CM076323.1|	56599014	56598022	minus	94.97	56	GCA_038363145.1_derv_env	56597522	56599514
NC_001514.1_env_11	gb|CM076323.1|	64463067	64462635	minus	76.562	80	GCA_038363145.1_smrv_env	64462135	64463567
NC_027117.1_env_10	gb|CM076323.1|	65890280	65891271	plus	95.166	56	GCA_038363145.1_derv_env	65889780	65891771
NC_001514.1_env_11	gb|CM076323.1|	66292131	66292572	plus	76.072	80	GCA_038363145.1_smrv_env	66291631	66293072
NC_001514.1_env_11	gb|CM076323.1|	79582769	79583082	plus	79.299	80	GCA_038363145.1_smrv_env	79582269	79583582
NC_027117.1_env_10	gb|CM076323.1|	79836576	79837567	plus	94.159	56	GCA_038363145.1_derv_env	79836076	79838067
NC_027117.1_env_10	gb|CM076324.1|	49726055	49727046	plus	94.562	56	GCA_038363145.1_derv_env	49725555	49727546
NC_001514.1_env_11	gb|CM076324.1|	50367604	50367075	minus	75.94	93	GCA_038363145.1_smrv_env	50366575	50368104
NC_001514.1_env_11	gb|CM076324.1|	50499255	50499695	plus	78.153	93	GCA_038363145.1_smrv_env	50498755	50500195
NC_027117.1_pol_8	gb|CM076325.1|	3865194	3862839	minus	80.678	99	GCA_038363145.1_derv_pol	3862339	3865694
NC_001514.1_env_11	gb|CM076325.1|	17159427	17159868	plus	76.524	82	GCA_038363145.1_smrv_env	17158927	17160368
NC_001514.1_env_11	gb|CM076325.1|	23535028	23535483	plus	77.039	82	GCA_038363145.1_smrv_env	23534528	23535983
NC_027117.1_pol_8	gb|CM076325.1|	48422366	48424371	plus	94.619	99	GCA_038363145.1_derv_pol	48421866	48424871
NC_027117.1_complete	gb|CM076325.1|	55231314	55225538	minus	92.989	78	GCA_038363145.1_derv_complete	55225038	55231814
NC_027117.1_env_10	gb|CM076325.1|	55227990	55226221	minus	93.506	100	GCA_038363145.1_derv_env	55225721	55228490
NC_027117.1_pol_8	gb|CM076325.1|	55230415	55228025	minus	93.085	99	GCA_038363145.1_derv_pol	55227525	55230915
NC_027117.1_gag_4	gb|CM076325.1|	55233050	55231576	minus	92.475	100	GCA_038363145.1_derv_gag	55231076	55233550
NC_027117.1_complete	gb|CM076325.1|	55405465	55413594	plus	93.409	78	GCA_038363145.1_derv_complete	55404965	55414094
NC_027117.1_gag_4	gb|CM076325.1|	55405535	55407706	plus	92.462	100	GCA_038363145.1_derv_gag	55405035	55408206
NC_027117.1_pol_8	gb|CM076325.1|	55408698	55411116	plus	94.212	99	GCA_038363145.1_derv_pol	55408198	55411616
NC_027117.1_env_10	gb|CM076325.1|	55411151	55412920	plus	94.41	100	GCA_038363145.1_derv_env	55410651	55413420
NC_027117.1_complete	gb|CM076326.1|	217968	224730	plus	93.722	82	GCA_038363145.1_derv_complete	217468	225230
NC_027117.1_pol_8	gb|CM076326.1|	219824	222239	plus	94.123	99	GCA_038363145.1_derv_pol	219324	222739
NC_027117.1_env_10	gb|CM076326.1|	222274	224044	plus	94.018	100	GCA_038363145.1_derv_env	221774	224544
NC_027117.1_gag_4	gb|CM076326.1|	516426	514746	minus	92.823	100	GCA_038363145.1_derv_gag	514246	516926
NC_027117.1_gag_4	gb|CM076326.1|	542856	541176	minus	92.823	100	GCA_038363145.1_derv_gag	540676	543356
NC_027117.1_gag_4	gb|CM076326.1|	561686	560006	minus	92.883	100	GCA_038363145.1_derv_gag	559506	562186
NC_027117.1_gag_4	gb|CM076326.1|	585644	583964	minus	92.823	100	GCA_038363145.1_derv_gag	583464	586144
NC_027117.1_gag_4	gb|CM076326.1|	618767	617087	minus	92.942	100	GCA_038363145.1_derv_gag	616587	619267
NC_027117.1_gag_4	gb|CM076326.1|	642728	641048	minus	92.883	100	GCA_038363145.1_derv_gag	640548	643228
NC_027117.1_gag_4	gb|CM076326.1|	826491	824811	minus	92.883	100	GCA_038363145.1_derv_gag	824311	826991
NC_027117.1_env_10	gb|CM076326.1|	3425137	3424146	minus	94.562	100	GCA_038363145.1_derv_env	3423646	3425637
NC_001514.1_env_11	gb|CM076326.1|	21753420	21752947	minus	75.681	86	GCA_038363145.1_smrv_env	21752447	21753920
NC_027117.1_pol_8	gb|CM076326.1|	26154082	26151726	minus	95.121	99	GCA_038363145.1_derv_pol	26151226	26154582
NC_027117.1_complete	gb|CM076326.1|	26157797	26151726	minus	93.47	82	GCA_038363145.1_derv_complete	26151226	26158297
NC_027117.1_gag_4	gb|CM076326.1|	26157258	26155074	minus	92.916	100	GCA_038363145.1_derv_gag	26154574	26157758
NC_001514.1_env_11	gb|CM076326.1|	30704390	30704853	plus	77.634	86	GCA_038363145.1_smrv_env	30703890	30705353
NC_001514.1_env_11	gb|CM076326.1|	47600841	47601282	plus	76.577	86	GCA_038363145.1_smrv_env	47600341	47601782
NC_001514.1_env_11	gb|CM076326.1|	59546768	59546323	minus	76.667	86	GCA_038363145.1_smrv_env	59545823	59547268
NC_001514.1_env_11	gb|CM076326.1|	77345495	77345936	plus	77.878	86	GCA_038363145.1_smrv_env	77344995	77346436
NC_027117.1_gag_4	gb|CM076326.1|	112848220	112846843	minus	92.029	100	GCA_038363145.1_derv_gag	112846343	112848720
NC_027117.1_pol_8	gb|CM076326.1|	128297938	128295582	minus	80.89	99	GCA_038363145.1_derv_pol	128295082	128298438
NC_027117.1_env_10	gb|CM076326.1|	142451816	142452806	plus	94.562	100	GCA_038363145.1_derv_env	142451316	142453306
NC_027117.1_env_10	gb|CM076326.1|	149205047	149204056	minus	94.058	100	GCA_038363145.1_derv_env	149203556	149205547
NC_001514.1_env_11	gb|CM076326.1|	149652717	149653164	plus	77.283	86	GCA_038363145.1_smrv_env	149652217	149653664
NC_027117.1_pol_8	gb|CM076327.1|	11311096	11308740	minus	94.527	99	GCA_038363145.1_derv_pol	11308240	11311596
NC_027117.1_complete	gb|CM076327.1|	11314803	11308740	minus	93.255	82	GCA_038363145.1_derv_complete	11308240	11315303
NC_027117.1_gag_4	gb|CM076327.1|	11314264	11312088	minus	93.001	99	GCA_038363145.1_derv_gag	11311588	11314764
NC_027117.1_gag_4	gb|CM076327.1|	12959188	12957814	minus	92.017	99	GCA_038363145.1_derv_gag	12957314	12959688
NC_001514.1_env_11	gb|CM076327.1|	17016046	17016487	plus	77.201	78	GCA_038363145.1_smrv_env	17015546	17016987
NC_027117.1_complete	gb|CM076327.1|	21905478	21899231	minus	92.627	82	GCA_038363145.1_derv_complete	21898731	21905978
NC_027117.1_env_10	gb|CM076327.1|	21901681	21899912	minus	93.506	100	GCA_038363145.1_derv_env	21899412	21902181
NC_027117.1_pol_8	gb|CM076327.1|	21904106	21901716	minus	92.878	99	GCA_038363145.1_derv_pol	21901216	21904606
NC_027117.1_gag_4	gb|CM076327.1|	21906131	21907507	plus	92.174	99	GCA_038363145.1_derv_gag	21905631	21908007
NC_027117.1_gag_4	gb|CM076327.1|	21909074	21910449	plus	92.458	99	GCA_038363145.1_derv_gag	21908574	21910949
NC_027117.1_gag_4	gb|CM076327.1|	21913524	21911738	minus	92.445	99	GCA_038363145.1_derv_gag	21911238	21914024
NC_027117.1_gag_4	gb|CM076328.1|	14409	15874	plus	92.818	100	GCA_038363145.1_derv_gag	13909	16374
NC_027117.1_pol_8	gb|CM076328.1|	16846	19185	plus	93.594	97	GCA_038363145.1_derv_pol	16346	19685
NC_027117.1_gag_4	gb|CM076328.1|	3416156	3417838	plus	92.467	100	GCA_038363145.1_derv_gag	3415656	3418338
NC_027117.1_gag_4	gb|CM076328.1|	21131789	21133471	plus	92.645	100	GCA_038363145.1_derv_gag	21131289	21133971
NC_027117.1_env_10	gb|CM076328.1|	36032578	36031587	minus	94.562	56	GCA_038363145.1_derv_env	36031087	36033078
NC_027117.1_env_10	gb|CM076378.2|	5899001	5899992	plus	94.663	56	GCA_038363095.4_derv_env	5898501	5900492
NC_001514.1_env_11	gb|CM076378.2|	20362489	20362929	plus	77.201	79	GCA_038363095.4_smrv_env	20361989	20363429
NC_001514.1_env_11	gb|CM076378.2|	24620023	24619576	minus	77.283	79	GCA_038363095.4_smrv_env	24619076	24620523
NC_001514.1_env_11	gb|CM076378.2|	39763440	39763881	plus	77.201	79	GCA_038363095.4_smrv_env	39762940	39764381
NC_027117.1_env_10	gb|CM076378.2|	52693044	52694035	plus	95.065	56	GCA_038363095.4_derv_env	52692544	52694535
NC_001514.1_env_11	gb|CM076378.2|	90610736	90611183	plus	77.06	79	GCA_038363095.4_smrv_env	90610236	90611683
NC_001514.1_env_11	gb|CM076378.2|	107999871	108000318	plus	77.111	79	GCA_038363095.4_smrv_env	107999371	108000818
NC_001514.1_env_11	gb|CM076378.2|	138975619	138975174	minus	76.053	79	GCA_038363095.4_smrv_env	138974674	138976119
NC_001514.1_env_11	gb|CM076378.2|	146068165	146067725	minus	77.149	79	GCA_038363095.4_smrv_env	146067225	146068665
NC_027117.1_gag_4	gb|CM076378.2|	151037901	151039584	plus	93.124	78	GCA_038363095.4_derv_gag	151037401	151040084
NC_027117.1_LTR_1	gb|CM076378.2|	152584654	152585040	plus	93.606	100	GCA_038363095.4_derv_ltr	152584154	152585540
NC_027117.1_LTR_12	gb|CM076378.2|	152585613	152586459	plus	88.028	55	GCA_038363095.4_derv_ltr	152585113	152586959
NC_027117.1_env_10	gb|CM076378.2|	164783034	164782043	minus	94.663	56	GCA_038363095.4_derv_env	164781543	164783534
NC_001514.1_env_11	gb|CM076378.2|	173447316	173446875	minus	76.975	79	GCA_038363095.4_smrv_env	173446375	173447816
NC_027117.1_gag_4	gb|CM076378.2|	214841543	214839863	minus	92.823	78	GCA_038363095.4_derv_gag	214839363	214842043
NC_027117.1_env_10	gb|CM076378.2|	216281248	216280325	minus	94.919	56	GCA_038363095.4_derv_env	216279825	216281748
NC_027117.1_gag_4	gb|CM076378.2|	218077328	218075616	minus	93.228	78	GCA_038363095.4_derv_gag	218075116	218077828
NC_027117.1_env_10	gb|CM076378.2|	218748433	218749424	plus	94.763	56	GCA_038363095.4_derv_env	218747933	218749924
NC_027117.1_gag_4	gb|CM076378.2|	221818949	221820365	plus	92.807	78	GCA_038363095.4_derv_gag	221818449	221820865
NC_027117.1_env_10	gb|CM076378.2|	223964438	223965429	plus	94.26	56	GCA_038363095.4_derv_env	223963938	223965929
NC_027117.1_gag_4	gb|CM076378.2|	228424019	228425701	plus	92.828	78	GCA_038363095.4_derv_gag	228423519	228426201
NC_027117.1_env_10	gb|CM076378.2|	243349148	243350135	plus	93.857	56	GCA_038363095.4_derv_env	243348648	243350635
NC_027117.1_env_10	gb|CM076379.2|	8752081	8753073	plus	94.467	56	GCA_038363095.4_derv_env	8751581	8753573
NC_027117.1_env_10	gb|CM076379.2|	21237730	21238721	plus	95.468	56	GCA_038363095.4_derv_env	21237230	21239221
NC_001514.1_env_11	gb|CM076379.2|	33276271	33276712	plus	77.201	82	GCA_038363095.4_smrv_env	33275771	33277212
NC_001514.1_env_11	gb|CM076379.2|	59436728	59436283	minus	77.06	82	GCA_038363095.4_smrv_env	59435783	59437228
NC_027117.1_env_10	gb|CM076379.2|	90649969	90650888	plus	94.162	56	GCA_038363095.4_derv_env	90649469	90651388
NC_027117.1_gag_4	gb|CM076379.2|	90822175	90820761	minus	92.807	77	GCA_038363095.4_derv_gag	90820261	90822675
NC_001514.1_env_11	gb|CM076379.2|	107775825	107776270	plus	77.405	82	GCA_038363095.4_smrv_env	107775325	107776770
NC_027117.1_env_10	gb|CM076379.2|	108048004	108048930	plus	95.259	56	GCA_038363095.4_derv_env	108047504	108049430
NC_027117.1_env_10	gb|CM076379.2|	110829940	110828956	minus	95.03	56	GCA_038363095.4_derv_env	110828456	110830440
NC_027117.1_gag_4	gb|CM076379.2|	110870062	110871744	plus	93.06	77	GCA_038363095.4_derv_gag	110869562	110872244
NC_001514.1_env_11	gb|CM076379.2|	112007289	112006849	minus	76.923	82	GCA_038363095.4_smrv_env	112006349	112007789
NC_001514.1_env_11	gb|CM076379.2|	134789951	134789504	minus	76.444	82	GCA_038363095.4_smrv_env	134789004	134790451
NC_001514.1_env_11	gb|CM076379.2|	136998907	136999348	plus	76.749	82	GCA_038363095.4_smrv_env	136998407	136999848
NC_001514.1_env_11	gb|CM076379.2|	145359845	145360286	plus	77.427	82	GCA_038363095.4_smrv_env	145359345	145360786
NC_027117.1_env_10	gb|CM076379.2|	147039816	147040802	plus	94.159	56	GCA_038363095.4_derv_env	147039316	147041302
NC_001514.1_env_11	gb|CM076379.2|	195917364	195917823	plus	76.79	82	GCA_038363095.4_smrv_env	195916864	195918323
NC_027117.1_gag_4	gb|CM076379.2|	205907109	205908481	plus	92.235	77	GCA_038363095.4_derv_gag	205906609	205908981
NC_001514.1_env_11	gb|CM076379.2|	212633537	212633098	minus	77.551	82	GCA_038363095.4_smrv_env	212632598	212634037
NC_027117.1_gag_4	gb|CM076379.2|	216966501	216965124	minus	92.671	77	GCA_038363095.4_derv_gag	216964624	216967001
NC_027117.1_env_10	gb|CM076380.2|	56922078	56921091	minus	94.159	100	GCA_038363095.4_derv_env	56920591	56922578
NC_027117.1_env_10	gb|CM076380.2|	57883209	57882218	minus	94.461	100	GCA_038363095.4_derv_env	57881718	57883709
NC_001514.1_env_11	gb|CM076380.2|	67935658	67935212	minus	77.06	79	GCA_038363095.4_smrv_env	67934712	67936158
NC_027117.1_env_10	gb|CM076380.2|	78041968	78040977	minus	95.166	100	GCA_038363095.4_derv_env	78040477	78042468
NC_027117.1_env_10	gb|CM076380.2|	81216740	81217727	plus	94.361	100	GCA_038363095.4_derv_env	81216240	81218227
NC_001514.1_env_11	gb|CM076380.2|	97147169	97146722	minus	77.333	79	GCA_038363095.4_smrv_env	97146222	97147669
NC_027117.1_env_10	gb|CM076380.2|	99018132	99019123	plus	94.266	100	GCA_038363095.4_derv_env	99017632	99019623
NC_027117.1_env_10	gb|CM076380.2|	103779083	103778092	minus	93.454	100	GCA_038363095.4_derv_env	103777592	103779583
NC_001514.1_env_11	gb|CM076380.2|	126398060	126397618	minus	77.252	79	GCA_038363095.4_smrv_env	126397118	126398560
NC_027117.1_gag_4	gb|CM076380.2|	130481950	130480573	minus	92.308	100	GCA_038363095.4_derv_gag	130480073	130482450
NC_027117.1_complete	gb|CM076380.2|	147059252	147051494	minus	93.537	74	GCA_038363095.4_derv_complete	147050994	147059752
NC_027117.1_env_10	gb|CM076380.2|	147053948	147052179	minus	94.636	100	GCA_038363095.4_derv_env	147051679	147054448
NC_027117.1_pol_8	gb|CM076380.2|	147056397	147053983	minus	94.948	99	GCA_038363095.4_derv_pol	147053483	147056897
NC_027117.1_gag_4	gb|CM076380.2|	147059252	147057389	minus	90.919	100	GCA_038363095.4_derv_gag	147056889	147059752
NC_001514.1_env_8	gb|CM076380.2|	165381357	165380353	minus	72.906	58	GCA_038363095.4_smrv_env	165379853	165381857
NC_001514.1_env_11	gb|CM076380.2|	165380804	165380353	minus	76.991	79	GCA_038363095.4_smrv_env	165379853	165381304
NC_027117.1_gag_4	gb|CM076380.2|	180225645	180227328	plus	92.946	100	GCA_038363095.4_derv_gag	180225145	180227828
NC_027117.1_gag_4	gb|CM076381.2|	10099987	10101872	plus	91.627	100	GCA_038363095.4_derv_gag	10099487	10102372
NC_027117.1_complete	gb|CM076381.2|	10099987	10107765	plus	93.706	74	GCA_038363095.4_derv_complete	10099487	10108265
NC_001514.1_complete	gb|CM076381.2|	10100791	10105222	plus	74.464	50	GCA_038363095.4_smrv_complete	10100291	10105722
NC_027117.1_pol_8	gb|CM076381.2|	10102864	10105278	plus	95.072	99	GCA_038363095.4_derv_pol	10102364	10105778
NC_001514.1_pol_6	gb|CM076381.2|	10102891	10105222	plus	75.277	97	GCA_038363095.4_smrv_pol	10102391	10105722
NC_027117.1_env_10	gb|CM076381.2|	10105313	10107082	plus	94.353	100	GCA_038363095.4_derv_env	10104813	10107582
NC_001514.1_env_11	gb|CM076381.2|	11512147	11511691	minus	75.817	82	GCA_038363095.4_smrv_env	11511191	11512647
NC_027117.1_env_10	gb|CM076381.2|	15450682	15452451	plus	96.499	100	GCA_038363095.4_derv_env	15450182	15452951
NC_001514.1_env_11	gb|CM076381.2|	45257637	45257190	minus	77.506	82	GCA_038363095.4_smrv_env	45256690	45258137
NC_027117.1_env_10	gb|CM076381.2|	65366232	65367223	plus	94.663	100	GCA_038363095.4_derv_env	65365732	65367723
NC_027117.1_env_10	gb|CM076381.2|	69910349	69909363	minus	93.656	100	GCA_038363095.4_derv_env	69908863	69910849
NC_001514.1_env_11	gb|CM076381.2|	70553688	70554150	plus	76.774	82	GCA_038363095.4_smrv_env	70553188	70554650
NC_027117.1_env_10	gb|CM076381.2|	77400916	77401841	plus	94.391	100	GCA_038363095.4_derv_env	77400416	77402341
NC_027117.1_env_10	gb|CM076381.2|	82734435	82733512	minus	94.703	100	GCA_038363095.4_derv_env	82733012	82734935
NC_001514.1_env_11	gb|CM076381.2|	86154938	86154491	minus	77.283	82	GCA_038363095.4_smrv_env	86153991	86155438
NC_027117.1_env_10	gb|CM076381.2|	86720061	86721048	plus	94.361	100	GCA_038363095.4_derv_env	86719561	86721548
NC_027117.1_env_10	gb|CM076381.2|	100955324	100956315	plus	94.562	100	GCA_038363095.4_derv_env	100954824	100956815
NC_027117.1_gag_4	gb|CM076381.2|	106167804	106166118	minus	93.065	100	GCA_038363095.4_derv_gag	106165618	106168304
NC_027117.1_gag_4	gb|CM076381.2|	107240565	107239188	minus	92.671	100	GCA_038363095.4_derv_gag	107238688	107241065
NC_001514.1_env_11	gb|CM076381.2|	109017960	109018418	plus	76.739	82	GCA_038363095.4_smrv_env	109017460	109018918
NC_001514.1_env_11	gb|CM076381.2|	111587399	111587839	plus	75.395	82	GCA_038363095.4_smrv_env	111586899	111588339
NC_027117.1_gag_4	gb|CM076381.2|	112613167	112615044	plus	92.922	100	GCA_038363095.4_derv_gag	112612667	112615544
NC_027117.1_complete	gb|CM076381.2|	112613167	112620946	plus	93.709	74	GCA_038363095.4_derv_complete	112612667	112621446
NC_027117.1_pol_8	gb|CM076381.2|	112616035	112618452	plus	94.706	99	GCA_038363095.4_derv_pol	112615535	112618952
NC_027117.1_env_10	gb|CM076381.2|	112618487	112620265	plus	93.933	100	GCA_038363095.4_derv_env	112617987	112620765
NC_027117.1_env_10	gb|CM076381.2|	118379575	118380555	plus	93.051	100	GCA_038363095.4_derv_env	118379075	118381055
NC_001514.1_env_11	gb|CM076381.2|	135090852	135091299	plus	76.837	82	GCA_038363095.4_smrv_env	135090352	135091799
NC_027117.1_env_10	gb|CM076381.2|	149018848	149017873	minus	93.253	100	GCA_038363095.4_derv_env	149017373	149019348
NC_027117.1_gag_4	gb|CM076381.2|	153273623	153275307	plus	92.417	100	GCA_038363095.4_derv_gag	153273123	153275807
NC_027117.1_env_10	gb|CM076381.2|	163561768	163562759	plus	94.663	100	GCA_038363095.4_derv_env	163561268	163563259
NC_027117.1_env_10	gb|CM076381.2|	163590037	163589046	minus	94.663	100	GCA_038363095.4_derv_env	163588546	163590537
NC_027117.1_complete	gb|CM076381.2|	180600423	180594649	minus	93.04	74	GCA_038363095.4_derv_complete	180594149	180600923
NC_027117.1_env_10	gb|CM076381.2|	180597099	180595330	minus	93.732	100	GCA_038363095.4_derv_env	180594830	180597599
NC_027117.1_pol_8	gb|CM076381.2|	180599524	180597134	minus	92.754	99	GCA_038363095.4_derv_pol	180596634	180600024
NC_027117.1_gag_4	gb|CM076381.2|	180602159	180600685	minus	93.022	100	GCA_038363095.4_derv_gag	180600185	180602659
NC_027117.1_gag_4	gb|CM076382.2|	39540	41697	plus	92.135	100	GCA_038363095.4_derv_gag	39040	42197
NC_027117.1_complete	gb|CM076382.2|	41959	47723	plus	93.055	82	GCA_038363095.4_derv_complete	41459	48223
NC_027117.1_pol_8	gb|CM076382.2|	42858	45248	plus	92.712	99	GCA_038363095.4_derv_pol	42358	45748
NC_027117.1_env_10	gb|CM076382.2|	45283	47052	plus	93.676	100	GCA_038363095.4_derv_env	44783	47552
NC_027117.1_gag_4	gb|CM076382.2|	882628	884786	plus	92.452	100	GCA_038363095.4_derv_gag	882128	885286
NC_027117.1_complete	gb|CM076382.2|	885048	890820	plus	92.985	82	GCA_038363095.4_derv_complete	884548	891320
NC_027117.1_pol_8	gb|CM076382.2|	885947	888337	plus	93.043	99	GCA_038363095.4_derv_pol	885447	888837
NC_027117.1_env_10	gb|CM076382.2|	888372	890137	plus	93.156	100	GCA_038363095.4_derv_env	887872	890637
NC_027117.1_env_10	gb|CM076382.2|	2676938	2677929	plus	94.159	100	GCA_038363095.4_derv_env	2676438	2678429
NC_027117.1_env_10	gb|CM076382.2|	26233322	26234313	plus	94.26	100	GCA_038363095.4_derv_env	26232822	26234813
NC_027117.1_env_10	gb|CM076382.2|	42872981	42873974	plus	94.774	100	GCA_038363095.4_derv_env	42872481	42874474
NC_001514.1_env_11	gb|CM076382.2|	53372539	53372091	minus	77.556	80	GCA_038363095.4_smrv_env	53371591	53373039
NC_027117.1_env_10	gb|CM076382.2|	57815268	57816259	plus	94.159	100	GCA_038363095.4_derv_env	57814768	57816759
NC_001514.1_env_11	gb|CM076382.2|	73449891	73449444	minus	77.06	80	GCA_038363095.4_smrv_env	73448944	73450391
NC_001514.1_env_11	gb|CM076382.2|	101882609	101883056	plus	76.837	80	GCA_038363095.4_smrv_env	101882109	101883556
NC_027117.1_gag_4	gb|CM076382.2|	121339022	121337316	minus	92.15	100	GCA_038363095.4_derv_gag	121336816	121339522
NC_027117.1_gag_4	gb|CM076382.2|	121473439	121471732	minus	92.213	100	GCA_038363095.4_derv_gag	121471232	121473939
NC_027117.1_gag_4	gb|CM076382.2|	121789639	121791345	plus	92.267	100	GCA_038363095.4_derv_gag	121789139	121791845
NC_027117.1_env_10	gb|CM076382.2|	129311919	129312957	plus	94.349	100	GCA_038363095.4_derv_env	129311419	129313457
NC_001514.1_env_11	gb|CM076382.2|	129327062	129327509	plus	76.837	80	GCA_038363095.4_smrv_env	129326562	129328009
NC_001514.1_env_11	gb|CM076382.2|	133628787	133628333	minus	76.754	80	GCA_038363095.4_smrv_env	133627833	133629287
NC_027117.1_gag_4	gb|CM076382.2|	134876035	134877702	plus	92.759	100	GCA_038363095.4_derv_gag	134875535	134878202
NC_027117.1_env_10	gb|CM076382.2|	136798169	136799160	plus	94.663	100	GCA_038363095.4_derv_env	136797669	136799660
NC_027117.1_env_10	gb|CM076382.2|	137256121	137257111	plus	94.562	100	GCA_038363095.4_derv_env	137255621	137257611
NC_027117.1_complete	gb|CM076382.2|	138198322	138204383	plus	93.68	82	GCA_038363095.4_derv_complete	138197822	138204883
NC_027117.1_gag_4	gb|CM076382.2|	138198860	138201037	plus	93.507	100	GCA_038363095.4_derv_gag	138198360	138201537
NC_001514.1_complete	gb|CM076382.2|	138199965	138204381	plus	74.403	50	GCA_038363095.4_smrv_complete	138199465	138204881
NC_027117.1_pol_8	gb|CM076382.2|	138202029	138204383	plus	94.951	99	GCA_038363095.4_derv_pol	138201529	138204883
NC_001514.1_pol_6	gb|CM076382.2|	138202056	138204381	plus	75.372	97	GCA_038363095.4_smrv_pol	138201556	138204881
NC_027117.1_gag_4	gb|CM076382.2|	144943124	144944819	plus	91.916	100	GCA_038363095.4_derv_gag	144942624	144945319
NC_027117.1_gag_4	gb|CM076382.2|	149361122	149359977	minus	92.857	100	GCA_038363095.4_derv_gag	149359477	149361622
NC_001514.1_env_11	gb|CM076382.2|	149721891	149722330	plus	77.602	80	GCA_038363095.4_smrv_env	149721391	149722830
NC_027117.1_env_10	gb|CM076382.2|	163833137	163832146	minus	94.461	100	GCA_038363095.4_derv_env	163831646	163833637
NC_027117.1_gag_4	gb|CM076383.2|	504600	506074	plus	93.559	100	GCA_038363095.4_derv_gag	504100	506574
NC_027117.1_complete	gb|CM076383.2|	506336	512110	plus	93.023	55	GCA_038363095.4_derv_complete	505836	512610
NC_027117.1_pol_8	gb|CM076383.2|	507235	509625	plus	92.836	99	GCA_038363095.4_derv_pol	506735	510125
NC_027117.1_env_10	gb|CM076383.2|	509660	511429	plus	93.619	100	GCA_038363095.4_derv_env	509160	511929
NC_027117.1_gag_4	gb|CM076383.2|	573400	574874	plus	93.559	100	GCA_038363095.4_derv_gag	572900	575374
NC_027117.1_complete	gb|CM076383.2|	575136	580910	plus	93.006	55	GCA_038363095.4_derv_complete	574636	581410
NC_027117.1_pol_8	gb|CM076383.2|	576035	578425	plus	92.795	99	GCA_038363095.4_derv_pol	575535	578925
NC_027117.1_env_10	gb|CM076383.2|	578460	580229	plus	93.619	100	GCA_038363095.4_derv_env	577960	580729
NC_027117.1_gag_4	gb|CM076383.2|	1132666	1134140	plus	93.424	100	GCA_038363095.4_derv_gag	1132166	1134640
NC_027117.1_complete	gb|CM076383.2|	1134402	1140173	plus	93.002	55	GCA_038363095.4_derv_complete	1133902	1140673
NC_027117.1_pol_8	gb|CM076383.2|	1135301	1137690	plus	93.043	99	GCA_038363095.4_derv_pol	1134801	1138190
NC_027117.1_env_10	gb|CM076383.2|	1137725	1139490	plus	93.382	100	GCA_038363095.4_derv_env	1137225	1139990
NC_001514.1_env_11	gb|CM076383.2|	1282959	1283288	plus	80.303	82	GCA_038363095.4_smrv_env	1282459	1283788
NC_027117.1_env_10	gb|CM076383.2|	6464766	6465757	plus	94.965	100	GCA_038363095.4_derv_env	6464266	6466257
NC_027117.1_env_10	gb|CM076383.2|	22422709	22423700	plus	94.663	100	GCA_038363095.4_derv_env	22422209	22424200
NC_027117.1_gag_4	gb|CM076383.2|	31209436	31208059	minus	92.816	100	GCA_038363095.4_derv_gag	31207559	31209936
NC_001514.1_env_11	gb|CM076383.2|	31566317	31565870	minus	77.06	82	GCA_038363095.4_smrv_env	31565370	31566817
NC_027117.1_pol_8	gb|CM076383.2|	65475990	65478346	plus	80.779	99	GCA_038363095.4_derv_pol	65475490	65478846
NC_027117.1_env_10	gb|CM076383.2|	79473098	79472002	minus	82.31	100	GCA_038363095.4_derv_env	79471502	79473598
NC_001514.1_env_11	gb|CM076383.2|	97005158	97004719	minus	77.098	82	GCA_038363095.4_smrv_env	97004219	97005658
NC_001514.1_env_11	gb|CM076383.2|	100047551	100047097	minus	77.632	82	GCA_038363095.4_smrv_env	100046597	100048051
NC_027117.1_env_10	gb|CM076383.2|	129409043	129410031	plus	94.159	100	GCA_038363095.4_derv_env	129408543	129410531
NC_027117.1_env_10	gb|CM076383.2|	141571103	141570122	minus	94.361	100	GCA_038363095.4_derv_env	141569622	141571603
NC_027117.1_gag_4	gb|CM076383.2|	149968569	149966891	minus	92.942	100	GCA_038363095.4_derv_gag	149966391	149969069
NC_027117.1_gag_4	gb|CM076383.2|	149978545	149976867	minus	92.942	100	GCA_038363095.4_derv_gag	149976367	149979045
NC_027117.1_gag_4	gb|CM076383.2|	150007386	150005708	minus	92.883	100	GCA_038363095.4_derv_gag	150005208	150007886
NC_027117.1_gag_4	gb|CM076384.2|	514506	515980	plus	93.356	100	GCA_038363095.4_derv_gag	514006	516480
NC_027117.1_complete	gb|CM076384.2|	516242	522008	plus	92.968	82	GCA_038363095.4_derv_complete	515742	522508
NC_027117.1_pol_8	gb|CM076384.2|	517141	519531	plus	92.961	99	GCA_038363095.4_derv_pol	516641	520031
NC_027117.1_env_10	gb|CM076384.2|	519566	521325	plus	93.156	100	GCA_038363095.4_derv_env	519066	521825
NC_027117.1_env_10	gb|CM076384.2|	25956610	25955692	minus	93.514	100	GCA_038363095.4_derv_env	25955192	25957110
NC_027117.1_env_10	gb|CM076384.2|	31163870	31162879	minus	94.461	100	GCA_038363095.4_derv_env	31162379	31164370
NC_027117.1_env_10	gb|CM076384.2|	60232096	60231105	minus	94.763	100	GCA_038363095.4_derv_env	60230605	60232596
NC_001514.1_env_11	gb|CM076384.2|	68900888	68900441	minus	76.837	79	GCA_038363095.4_smrv_env	68899941	68901388
NC_027117.1_env_10	gb|CM076384.2|	72011161	72012152	plus	94.361	100	GCA_038363095.4_derv_env	72010661	72012652
NC_001514.1_env_11	gb|CM076384.2|	82768271	82768717	plus	76.837	79	GCA_038363095.4_smrv_env	82767771	82769217
NC_027117.1_pol_8	gb|CM076384.2|	87453338	87450982	minus	94.951	99	GCA_038363095.4_derv_pol	87450482	87453838
NC_027117.1_complete	gb|CM076384.2|	87457049	87450982	minus	93.566	82	GCA_038363095.4_derv_complete	87450482	87457549
NC_027117.1_gag_4	gb|CM076384.2|	87456512	87454330	minus	93.324	100	GCA_038363095.4_derv_gag	87453830	87457012
NC_027117.1_env_10	gb|CM076384.2|	130331824	130332815	plus	94.763	100	GCA_038363095.4_derv_env	130331324	130333315
NC_027117.1_gag_4	gb|CM076384.2|	140656120	140657499	plus	91.739	100	GCA_038363095.4_derv_gag	140655620	140657999
NC_001514.1_env_11	gb|CM076385.2|	27953466	27953906	plus	76.837	82	GCA_038363095.4_smrv_env	27952966	27954406
NC_027117.1_gag_4	gb|CM076385.2|	36746503	36744821	minus	93.298	77	GCA_038363095.4_derv_gag	36744321	36747003
NC_027117.1_gag_4	gb|CM076385.2|	46805579	46804205	minus	91.292	77	GCA_038363095.4_derv_gag	46803705	46806079
NC_027117.1_env_10	gb|CM076385.2|	58685589	58686580	plus	94.864	56	GCA_038363095.4_derv_env	58685089	58687080
NC_001514.1_env_11	gb|CM076385.2|	58688809	58689250	plus	77.652	82	GCA_038363095.4_smrv_env	58688309	58689750
NC_027117.1_env_10	gb|CM076385.2|	76830628	76831610	plus	93.857	56	GCA_038363095.4_derv_env	76830128	76832110
NC_001514.1_env_11	gb|CM076385.2|	84601741	84602180	plus	77.098	82	GCA_038363095.4_smrv_env	84601241	84602680
NC_001514.1_env_11	gb|CM076385.2|	109281166	109281623	plus	76.688	82	GCA_038363095.4_smrv_env	109280666	109282123
NC_001514.1_env_11	gb|CM076385.2|	127920015	127920462	plus	77.111	82	GCA_038363095.4_smrv_env	127919515	127920962
NC_027117.1_gag_4	gb|CM076385.2|	145663973	145665120	plus	93.293	77	GCA_038363095.4_derv_gag	145663473	145665620
NC_027117.1_gag_4	gb|CM076386.2|	10552750	10551068	minus	92.764	77	GCA_038363095.4_derv_gag	10550568	10553250
NC_001514.1_env_11	gb|CM076386.2|	14427155	14426712	minus	76.629	79	GCA_038363095.4_smrv_env	14426212	14427655
NC_001514.1_env_11	gb|CM076386.2|	14867015	14866568	minus	77.506	79	GCA_038363095.4_smrv_env	14866068	14867515
NC_027117.1_env_10	gb|CM076386.2|	30034486	30033567	minus	94.703	56	GCA_038363095.4_derv_env	30033067	30034986
NC_027117.1_gag_4	gb|CM076386.2|	33529941	33531623	plus	92.467	77	GCA_038363095.4_derv_gag	33529441	33532123
NC_027117.1_env_10	gb|CM076386.2|	39968875	39969872	plus	93.806	56	GCA_038363095.4_derv_env	39968375	39970372
NC_027117.1_env_10	gb|CM076386.2|	56077307	56076316	minus	95.368	56	GCA_038363095.4_derv_env	56075816	56077807
NC_027117.1_env_10	gb|CM076386.2|	64705532	64706455	plus	94.378	56	GCA_038363095.4_derv_env	64705032	64706955
NC_027117.1_env_10	gb|CM076386.2|	68413024	68412033	minus	94.159	56	GCA_038363095.4_derv_env	68411533	68413524
NC_001514.1_env_11	gb|CM076386.2|	69528868	69528421	minus	77.06	79	GCA_038363095.4_smrv_env	69527921	69529368
NC_001514.1_env_11	gb|CM076386.2|	72252876	72253322	plus	77.728	79	GCA_038363095.4_smrv_env	72252376	72253822
NC_001514.1_env_11	gb|CM076386.2|	84689318	84689618	plus	78.738	79	GCA_038363095.4_smrv_env	84688818	84690118
NC_027117.1_env_10	gb|CM076386.2|	92645211	92646202	plus	94.26	56	GCA_038363095.4_derv_env	92644711	92646702
NC_027117.1_gag_4	gb|CM076387.2|	483855	485329	plus	93.288	86	GCA_038363095.4_derv_gag	483355	485829
NC_027117.1_complete	gb|CM076387.2|	485591	491364	plus	93.09	74	GCA_038363095.4_derv_complete	485091	491864
NC_027117.1_pol_8	gb|CM076387.2|	486490	488880	plus	93.251	99	GCA_038363095.4_derv_pol	485990	489380
NC_027117.1_env_10	gb|CM076387.2|	488916	490681	plus	93.495	100	GCA_038363095.4_derv_env	488416	491181
NC_001514.1_env_11	gb|CM076387.2|	61862834	61863281	plus	77.283	79	GCA_038363095.4_smrv_env	61862334	61863781
NC_001514.1_env_11	gb|CM076387.2|	63766836	63767278	plus	77.477	79	GCA_038363095.4_smrv_env	63766336	63767778
NC_027117.1_gag_4	gb|CM076387.2|	72042063	72043928	plus	90.736	86	GCA_038363095.4_derv_gag	72041563	72044428
NC_027117.1_complete	gb|CM076387.2|	72042063	72049822	plus	93.541	74	GCA_038363095.4_derv_complete	72041563	72050322
NC_027117.1_pol_8	gb|CM076387.2|	72044920	72047334	plus	95.155	99	GCA_038363095.4_derv_pol	72044420	72047834
NC_027117.1_env_10	gb|CM076387.2|	72047369	72049138	plus	94.41	100	GCA_038363095.4_derv_env	72046869	72049638
NC_027117.1_env_10	gb|CM076387.2|	75327095	75326104	minus	94.763	100	GCA_038363095.4_derv_env	75325604	75327595
NC_001514.1_env_11	gb|CM076387.2|	91475783	91476222	plus	76.749	79	GCA_038363095.4_smrv_env	91475283	91476722
NC_027117.1_env_10	gb|CM076387.2|	91534694	91535685	plus	94.562	100	GCA_038363095.4_derv_env	91534194	91536185
NC_001514.1_env_11	gb|CM076387.2|	92700411	92699965	minus	77.06	79	GCA_038363095.4_smrv_env	92699465	92700911
NC_001514.1_env_11	gb|CM076387.2|	106507609	106507163	minus	76.392	79	GCA_038363095.4_smrv_env	106506663	106508109
NC_027117.1_complete	gb|CM076388.2|	3628384	3620607	minus	93.756	74	GCA_038363095.4_derv_complete	3620107	3628884
NC_027117.1_env_10	gb|CM076388.2|	3623059	3621290	minus	94.692	100	GCA_038363095.4_derv_env	3620790	3623559
NC_027117.1_pol_8	gb|CM076388.2|	3625508	3623094	minus	95.072	99	GCA_038363095.4_derv_pol	3622594	3626008
NC_001514.1_pol_6	gb|CM076388.2|	3625481	3623150	minus	75.447	97	GCA_038363095.4_smrv_pol	3622650	3625981
NC_001514.1_complete	gb|CM076388.2|	3627581	3623150	minus	74.643	50	GCA_038363095.4_smrv_complete	3622650	3628081
NC_027117.1_gag_4	gb|CM076388.2|	3628384	3626500	minus	91.569	100	GCA_038363095.4_derv_gag	3626000	3628884
NC_027117.1_gag_4	gb|CM076388.2|	33106399	33104717	minus	92.586	100	GCA_038363095.4_derv_gag	33104217	33106899
NC_027117.1_gag_4	gb|CM076388.2|	40510513	40509367	minus	92.596	100	GCA_038363095.4_derv_gag	40508867	40511013
NC_001514.1_env_11	gb|CM076388.2|	54913936	54914399	plus	77.039	82	GCA_038363095.4_smrv_env	54913436	54914899
NC_027117.1_gag_4	gb|CM076388.2|	57020406	57021784	plus	92.386	100	GCA_038363095.4_derv_gag	57019906	57022284
NC_027117.1_gag_4	gb|CM076388.2|	93528589	93526907	minus	92.586	100	GCA_038363095.4_derv_gag	93526407	93529089
NC_027117.1_env_10	gb|CM076388.2|	104775705	104774718	minus	94.159	100	GCA_038363095.4_derv_env	104774218	104776205
NC_027117.1_env_10	gb|CM076389.2|	21489882	21488959	minus	94.378	56	GCA_038363095.4_derv_env	21488459	21490382
NC_027117.1_env_10	gb|CM076389.2|	31227191	31228182	plus	94.965	56	GCA_038363095.4_derv_env	31226691	31228682
NC_027117.1_env_10	gb|CM076389.2|	32523991	32524988	plus	94.294	56	GCA_038363095.4_derv_env	32523491	32525488
NC_001514.1_env_11	gb|CM076389.2|	32641358	32641799	plus	77.201	79	GCA_038363095.4_smrv_env	32640858	32642299
NC_001514.1_env_8	gb|CM076389.2|	32736422	32737348	plus	73.056	54	GCA_038363095.4_smrv_env	32735922	32737848
NC_001514.1_env_11	gb|CM076389.2|	32736907	32737348	plus	76.975	79	GCA_038363095.4_smrv_env	32736407	32737848
NC_027117.1_env_10	gb|CM076389.2|	44619217	44620209	plus	94.97	56	GCA_038363095.4_derv_env	44618717	44620709
NC_027117.1_env_10	gb|CM076389.2|	49854527	49853538	minus	94.965	56	GCA_038363095.4_derv_env	49853038	49855027
NC_001514.1_env_11	gb|CM076389.2|	66706975	66707416	plus	77.027	79	GCA_038363095.4_smrv_env	66706475	66707916
NC_001514.1_env_11	gb|CM076389.2|	67251762	67251315	minus	76.615	79	GCA_038363095.4_smrv_env	67250815	67252262
NC_027117.1_gag_4	gb|CM076389.2|	67289615	67291296	plus	92.467	77	GCA_038363095.4_derv_gag	67289115	67291796
NC_027117.1_env_10	gb|CM076389.2|	75297251	75298242	plus	94.159	56	GCA_038363095.4_derv_env	75296751	75298742
NC_001514.1_env_11	gb|CM076389.2|	89053685	89053238	minus	77.283	79	GCA_038363095.4_smrv_env	89052738	89054185
NC_027117.1_gag_4	gb|CM076390.2|	12373924	12372244	minus	93.183	77	GCA_038363095.4_derv_gag	12371744	12374424
NC_001514.1_env_11	gb|CM076390.2|	40441634	40441185	minus	76.275	79	GCA_038363095.4_smrv_env	40440685	40442134
NC_001514.1_env_11	gb|CM076390.2|	49193882	49194322	plus	77.652	79	GCA_038363095.4_smrv_env	49193382	49194822
NC_027117.1_complete	gb|CM076391.2|	292340	300955	plus	92.741	82	GCA_038363095.4_derv_complete	291840	301455
NC_027117.1_gag_4	gb|CM076391.2|	292881	295067	plus	91.742	100	GCA_038363095.4_derv_gag	292381	295567
NC_027117.1_pol_8	gb|CM076391.2|	296059	298477	plus	94.254	99	GCA_038363095.4_derv_pol	295559	298977
NC_027117.1_env_10	gb|CM076391.2|	298512	300281	plus	94.41	100	GCA_038363095.4_derv_env	298012	300781
NC_027117.1_pol_8	gb|CM076391.2|	6379340	6376992	minus	80.178	99	GCA_038363095.4_derv_pol	6376492	6379840
NC_001514.1_env_11	gb|CM076391.2|	19649578	19650019	plus	76.802	82	GCA_038363095.4_smrv_env	19649078	19650519
NC_001514.1_env_11	gb|CM076391.2|	25997378	25997833	plus	77.039	82	GCA_038363095.4_smrv_env	25996878	25998333
NC_001514.1_env_11	gb|CM076391.2|	26227031	26226584	minus	76.116	82	GCA_038363095.4_smrv_env	26226084	26227531
NC_027117.1_gag_4	gb|CM076391.2|	45380370	45382052	plus	93.242	100	GCA_038363095.4_derv_gag	45379870	45382552
NC_027117.1_gag_4	gb|CM076392.3|	18136059	18137741	plus	93.179	77	GCA_038363095.4_derv_gag	18135559	18138241
NC_027117.1_env_10	gb|CM076392.3|	31893266	31892343	minus	94.054	56	GCA_038363095.4_derv_env	31891843	31893766
NC_027117.1_env_10	gb|CM076392.3|	36490506	36491497	plus	94.361	56	GCA_038363095.4_derv_env	36490006	36491997
NC_027117.1_gag_4	gb|CM076392.3|	41968931	41967249	minus	92.764	77	GCA_038363095.4_derv_gag	41966749	41969431
NC_001514.1_env_11	gb|CM076392.3|	55407767	55407320	minus	76.837	82	GCA_038363095.4_smrv_env	55406820	55408267
NC_001514.1_env_11	gb|CM076392.3|	93411099	93410652	minus	77.384	82	GCA_038363095.4_smrv_env	93410152	93411599
NC_001514.1_env_11	gb|CM076392.3|	104056777	104056330	minus	76.444	82	GCA_038363095.4_smrv_env	104055830	104057277
NC_001514.1_env_8	gb|CM076392.3|	116391984	116393079	plus	72.498	63	GCA_038363095.4_smrv_env	116391484	116393579
NC_001514.1_env_11	gb|CM076392.3|	116392616	116393079	plus	76.231	82	GCA_038363095.4_smrv_env	116392116	116393579
NC_027117.1_gag_4	gb|CM076392.3|	118066204	118067886	plus	93.12	77	GCA_038363095.4_derv_gag	118065704	118068386
NC_027117.1_env_10	gb|CM076392.3|	122260668	122259677	minus	94.663	56	GCA_038363095.4_derv_env	122259177	122261168
NC_027117.1_gag_4	gb|CM076392.3|	126765507	126764130	minus	91.945	77	GCA_038363095.4_derv_gag	126763630	126766007
NC_027117.1_gag_4	gb|CM076394.3|	18341426	18339743	minus	92.705	100	GCA_038363095.4_derv_gag	18339243	18341926
NC_027117.1_env_10	gb|CM076394.3|	18433801	18432810	minus	95.569	56	GCA_038363095.4_derv_env	18432310	18434301
NC_001514.1_env_11	gb|CM076394.3|	29109634	29110076	plus	77.252	78	GCA_038363095.4_smrv_env	29109134	29110576
NC_027117.1_complete	gb|CM076394.3|	31546194	31552265	plus	93.469	58	GCA_038363095.4_derv_complete	31545694	31552765
NC_027117.1_gag_4	gb|CM076394.3|	31546734	31548917	plus	92.958	100	GCA_038363095.4_derv_gag	31546234	31549417
NC_027117.1_pol_8	gb|CM076394.3|	31549909	31552265	plus	95.078	97	GCA_038363095.4_derv_pol	31549409	31552765
NC_001514.1_env_11	gb|CM076417.1|	11911550	11911991	plus	77.878	79	GCA_038363225.1_smrv_env	11911050	11912491
NC_027117.1_env_10	gb|CM076417.1|	21347353	21348344	plus	94.562	56	GCA_038363225.1_derv_env	21346853	21348844
NC_027117.1_env_10	gb|CM076417.1|	41058735	41057744	minus	94.26	56	GCA_038363225.1_derv_env	41057244	41059235
NC_027117.1_env_10	gb|CM076417.1|	71492131	71491140	minus	94.562	56	GCA_038363225.1_derv_env	71490640	71492631
NC_027117.1_env_10	gb|CM076417.1|	91240016	91241007	plus	94.159	56	GCA_038363225.1_derv_env	91239516	91241507
NC_027117.1_LTR_12	gb|CM076417.1|	92148008	92147161	minus	88.38	55	GCA_038363225.1_derv_ltr	92146661	92148508
NC_027117.1_LTR_1	gb|CM076417.1|	92148966	92148580	minus	93.095	100	GCA_038363225.1_derv_ltr	92148080	92149466
NC_001514.1_env_11	gb|CM076417.1|	98847165	98847606	plus	76.975	79	GCA_038363225.1_smrv_env	98846665	98848106
NC_027117.1_gag_4	gb|CM076417.1|	121293385	121291703	minus	92.764	77	GCA_038363225.1_derv_gag	121291203	121293885
NC_001514.1_env_11	gb|CM076417.1|	146228949	146228503	minus	77.06	79	GCA_038363225.1_smrv_env	146228003	146229449
NC_001514.1_env_11	gb|CM076417.1|	150759848	150759401	minus	76.837	79	GCA_038363225.1_smrv_env	150758901	150760348
NC_027117.1_env_10	gb|CM076417.1|	157478978	157477987	minus	94.663	56	GCA_038363225.1_derv_env	157477487	157479478
NC_027117.1_env_10	gb|CM076417.1|	159686826	159687820	plus	94.88	56	GCA_038363225.1_derv_env	159686326	159688320
NC_001514.1_env_11	gb|CM076417.1|	164063847	164064288	plus	76.18	79	GCA_038363225.1_smrv_env	164063347	164064788
NC_001514.1_env_11	gb|CM076417.1|	224884399	224883960	minus	76.364	79	GCA_038363225.1_smrv_env	224883460	224884899
NC_001514.1_env_11	gb|CM076418.1|	4270640	4271079	plus	77.324	80	GCA_038363225.1_smrv_env	4270140	4271579
NC_001514.1_env_11	gb|CM076418.1|	4619091	4618647	minus	77.506	80	GCA_038363225.1_smrv_env	4618147	4619591
NC_001514.1_env_11	gb|CM076418.1|	41250124	41249675	minus	76.718	80	GCA_038363225.1_smrv_env	41249175	41250624
NC_027117.1_env_10	gb|CM076418.1|	68332778	68331787	minus	94.965	56	GCA_038363225.1_derv_env	68331287	68333278
NC_001514.1_env_11	gb|CM076418.1|	71368011	71367564	minus	77.506	80	GCA_038363225.1_smrv_env	71367064	71368511
NC_001514.1_env_11	gb|CM076418.1|	75221698	75221242	minus	76.856	80	GCA_038363225.1_smrv_env	75220742	75222198
NC_001514.1_env_11	gb|CM076418.1|	81663010	81662571	minus	77.098	80	GCA_038363225.1_smrv_env	81662071	81663510
NC_001514.1_env_11	gb|CM076418.1|	103009825	103010266	plus	76.975	80	GCA_038363225.1_smrv_env	103009325	103010766
NC_027117.1_env_10	gb|CM076418.1|	104118769	104119752	plus	95.025	56	GCA_038363225.1_derv_env	104118269	104120252
NC_027117.1_env_10	gb|CM076418.1|	106856680	106855754	minus	95.474	56	GCA_038363225.1_derv_env	106855254	106857180
NC_027117.1_pol_8	gb|CM076418.1|	107037153	107034797	minus	80.593	97	GCA_038363225.1_derv_pol	107034297	107037653
NC_001514.1_env_8	gb|CM076418.1|	107139810	107138789	minus	72.543	59	GCA_038363225.1_smrv_env	107138289	107140310
NC_001514.1_env_11	gb|CM076418.1|	107139236	107138789	minus	77.111	80	GCA_038363225.1_smrv_env	107138289	107139736
NC_027117.1_gag_4	gb|CM076418.1|	109297610	109296233	minus	92.163	63	GCA_038363225.1_derv_gag	109295733	109298110
NC_027117.1_env_10	gb|CM076418.1|	139898238	139899161	plus	94.486	56	GCA_038363225.1_derv_env	139897738	139899661
NC_001514.1_env_11	gb|CM076418.1|	141984559	141984110	minus	76.275	80	GCA_038363225.1_smrv_env	141983610	141985059
NC_001514.1_env_11	gb|CM076418.1|	154192890	154193337	plus	77.333	80	GCA_038363225.1_smrv_env	154192390	154193837
NC_027117.1_env_10	gb|CM076418.1|	154792093	154793073	plus	93.857	56	GCA_038363225.1_derv_env	154791593	154793573
NC_001514.1_env_11	gb|CM076418.1|	155628791	155629230	plus	77.427	80	GCA_038363225.1_smrv_env	155628291	155629730
NC_027117.1_env_10	gb|CM076418.1|	181411213	181410223	minus	94.965	56	GCA_038363225.1_derv_env	181409723	181411713
NC_027117.1_env_10	gb|CM076418.1|	193624252	193625243	plus	94.663	56	GCA_038363225.1_derv_env	193623752	193625743
NC_027117.1_env_10	gb|CM076418.1|	211959225	211960216	plus	94.663	56	GCA_038363225.1_derv_env	211958725	211960716
NC_001514.1_env_11	gb|CM076419.1|	13710568	13711008	plus	76.072	82	GCA_038363225.1_smrv_env	13710068	13711508
NC_001514.1_env_8	gb|CM076419.1|	27649539	27650539	plus	72.898	65	GCA_038363225.1_smrv_env	27649039	27651039
NC_001514.1_env_11	gb|CM076419.1|	27650094	27650539	plus	77.354	82	GCA_038363225.1_smrv_env	27649594	27651039
NC_027117.1_env_10	gb|CM076419.1|	32136317	32135326	minus	94.361	100	GCA_038363225.1_derv_env	32134826	32136817
NC_027117.1_complete	gb|CM076419.1|	60675062	60667302	minus	93.629	74	GCA_038363225.1_derv_complete	60666802	60675562
NC_027117.1_env_10	gb|CM076419.1|	60669755	60667986	minus	94.692	100	GCA_038363225.1_derv_env	60667486	60670255
NC_027117.1_pol_8	gb|CM076419.1|	60672204	60669790	minus	95.114	99	GCA_038363225.1_derv_pol	60669290	60672704
NC_001514.1_pol_6	gb|CM076419.1|	60672177	60669846	minus	75.563	97	GCA_038363225.1_smrv_pol	60669346	60672677
NC_001514.1_complete	gb|CM076419.1|	60674277	60669846	minus	74.638	50	GCA_038363225.1_smrv_complete	60669346	60674777
NC_027117.1_gag_4	gb|CM076419.1|	60675062	60673196	minus	90.986	100	GCA_038363225.1_derv_gag	60672696	60675562
NC_001514.1_env_11	gb|CM076419.1|	66856719	66857155	plus	77.397	82	GCA_038363225.1_smrv_env	66856219	66857655
NC_001514.1_env_11	gb|CM076419.1|	66881704	66882161	plus	76.906	82	GCA_038363225.1_smrv_env	66881204	66882661
NC_027117.1_env_10	gb|CM076419.1|	67929337	67928346	minus	94.663	100	GCA_038363225.1_derv_env	67927846	67929837
NC_027117.1_pol_8	gb|CM076419.1|	68068288	68065932	minus	81.017	99	GCA_038363225.1_derv_pol	68065432	68068788
NC_001514.1_env_11	gb|CM076419.1|	73672367	73671920	minus	77.728	82	GCA_038363225.1_smrv_env	73671420	73672867
NC_001514.1_env_11	gb|CM076419.1|	84600284	84599837	minus	77.506	82	GCA_038363225.1_smrv_env	84599337	84600784
NC_001514.1_env_8	gb|CM076419.1|	87373968	87375075	plus	72.13	65	GCA_038363225.1_smrv_env	87373468	87375575
NC_001514.1_env_11	gb|CM076419.1|	87374661	87375075	plus	77.458	82	GCA_038363225.1_smrv_env	87374161	87375575
NC_027117.1_env_10	gb|CM076419.1|	114029894	114028902	minus	94.668	100	GCA_038363225.1_derv_env	114028402	114030394
NC_027117.1_env_10	gb|CM076419.1|	121128915	121127924	minus	94.965	100	GCA_038363225.1_derv_env	121127424	121129415
NC_001514.1_env_11	gb|CM076419.1|	160166361	160166802	plus	77.201	82	GCA_038363225.1_smrv_env	160165861	160167302
NC_027117.1_gag_4	gb|CM076419.1|	168230333	168232014	plus	93.238	100	GCA_038363225.1_derv_gag	168229833	168232514
NC_027117.1_env_10	gb|CM076419.1|	183136173	183135182	minus	94.965	100	GCA_038363225.1_derv_env	183134682	183136673
NC_027117.1_env_10	gb|CM076419.1|	192830028	192829037	minus	94.663	100	GCA_038363225.1_derv_env	192828537	192830528
NC_027117.1_complete	gb|CM076420.1|	5817860	5810095	minus	93.517	82	GCA_038363225.1_derv_complete	5809595	5818360
NC_027117.1_env_10	gb|CM076420.1|	5812550	5810781	minus	94.523	100	GCA_038363225.1_derv_env	5810281	5813050
NC_027117.1_pol_8	gb|CM076420.1|	5814999	5812585	minus	95.197	99	GCA_038363225.1_derv_pol	5812085	5815499
NC_027117.1_gag_4	gb|CM076420.1|	5817860	5815991	minus	90.63	100	GCA_038363225.1_derv_gag	5815491	5818360
NC_027117.1_env_10	gb|CM076420.1|	15526603	15528372	plus	96.33	100	GCA_038363225.1_derv_env	15526103	15528872
NC_027117.1_env_10	gb|CM076420.1|	45777499	45776508	minus	95.267	100	GCA_038363225.1_derv_env	45776008	45777999
NC_027117.1_env_10	gb|CM076420.1|	65421252	65422175	plus	94.378	100	GCA_038363225.1_derv_env	65420752	65422675
NC_027117.1_complete	gb|CM076420.1|	74986269	74994900	plus	93.173	82	GCA_038363225.1_derv_complete	74985769	74995400
NC_027117.1_gag_4	gb|CM076420.1|	74986812	74989007	plus	91.944	100	GCA_038363225.1_derv_gag	74986312	74989507
NC_001514.1_complete	gb|CM076420.1|	74987926	74992357	plus	74.57	50	GCA_038363225.1_smrv_complete	74987426	74992857
NC_027117.1_pol_8	gb|CM076420.1|	74989999	74992413	plus	95.114	99	GCA_038363225.1_derv_pol	74989499	74992913
NC_001514.1_pol_6	gb|CM076420.1|	74990026	74992357	plus	75.447	97	GCA_038363225.1_smrv_pol	74989526	74992857
NC_027117.1_env_10	gb|CM076420.1|	74992448	74994217	plus	94.466	100	GCA_038363225.1_derv_env	74991948	74994717
NC_027117.1_env_10	gb|CM076420.1|	93896508	93895517	minus	94.058	100	GCA_038363225.1_derv_env	93895017	93897008
NC_001514.1_env_11	gb|CM076420.1|	97948134	97948574	plus	77.427	84	GCA_038363225.1_smrv_env	97947634	97949074
NC_001514.1_env_11	gb|CM076420.1|	102227874	102227435	minus	76.644	84	GCA_038363225.1_smrv_env	102226935	102228374
NC_001514.1_env_11	gb|CM076420.1|	109013958	109014416	plus	76.739	84	GCA_038363225.1_smrv_env	109013458	109014916
NC_001514.1_env_11	gb|CM076420.1|	111569840	111570280	plus	75.395	84	GCA_038363225.1_smrv_env	111569340	111570780
NC_027117.1_gag_4	gb|CM076420.1|	112605089	112606966	plus	92.975	100	GCA_038363225.1_derv_gag	112604589	112607466
NC_027117.1_complete	gb|CM076420.1|	112605089	112612862	plus	93.794	82	GCA_038363225.1_derv_complete	112604589	112613362
NC_027117.1_pol_8	gb|CM076420.1|	112607957	112610372	plus	94.868	99	GCA_038363225.1_derv_pol	112607457	112610872
NC_027117.1_env_10	gb|CM076420.1|	112610407	112612181	plus	93.919	100	GCA_038363225.1_derv_env	112609907	112612681
NC_027117.1_pol_8	gb|CM076420.1|	113291455	113293811	plus	81.017	99	GCA_038363225.1_derv_pol	113290955	113294311
NC_001514.1_env_11	gb|CM076420.1|	115277516	115277076	minus	77.376	84	GCA_038363225.1_smrv_env	115276576	115278016
NC_001514.1_env_11	gb|CM076420.1|	144974312	144974788	plus	76.409	84	GCA_038363225.1_smrv_env	144973812	144975288
NC_027117.1_env_10	gb|CM076421.1|	3409319	3408328	minus	94.361	100	GCA_038363225.1_derv_env	3407828	3409819
NC_001514.1_env_11	gb|CM076421.1|	14651097	14650654	minus	76.392	79	GCA_038363225.1_smrv_env	14650154	14651597
NC_001514.1_env_11	gb|CM076421.1|	14896775	14897216	plus	76.749	79	GCA_038363225.1_smrv_env	14896275	14897716
NC_027117.1_env_10	gb|CM076421.1|	14926162	14925171	minus	94.461	100	GCA_038363225.1_derv_env	14924671	14926662
NC_001514.1_env_11	gb|CM076421.1|	20605487	20605040	minus	77.283	79	GCA_038363225.1_smrv_env	20604540	20605987
NC_027117.1_env_10	gb|CM076421.1|	33317397	33316406	minus	95.065	100	GCA_038363225.1_derv_env	33315906	33317897
NC_027117.1_env_10	gb|CM076421.1|	46255469	46256458	plus	94.854	100	GCA_038363225.1_derv_env	46254969	46256958
NC_001514.1_env_11	gb|CM076421.1|	53163600	53163152	minus	76.889	79	GCA_038363225.1_smrv_env	53162652	53164100
NC_027117.1_env_10	gb|CM076421.1|	102687425	102688416	plus	94.461	100	GCA_038363225.1_derv_env	102686925	102688916
NC_027117.1_env_10	gb|CM076421.1|	117584406	117585394	plus	93.958	100	GCA_038363225.1_derv_env	117583906	117585894
NC_027117.1_gag_4	gb|CM076421.1|	132088140	132086763	minus	91.945	100	GCA_038363225.1_derv_gag	132086263	132088640
NC_027117.1_gag_4	gb|CM076421.1|	133780470	133782137	plus	92.819	100	GCA_038363225.1_derv_gag	133779970	133782637
NC_027117.1_complete	gb|CM076421.1|	134838433	134847041	plus	92.985	82	GCA_038363225.1_derv_complete	134837933	134847541
NC_027117.1_gag_4	gb|CM076421.1|	134838973	134841147	plus	91.659	100	GCA_038363225.1_derv_gag	134838473	134841647
NC_001514.1_complete	gb|CM076421.1|	134840066	134844468	plus	74.686	50	GCA_038363225.1_smrv_complete	134839566	134844968
NC_027117.1_pol_8	gb|CM076421.1|	134842139	134844553	plus	94.824	99	GCA_038363225.1_derv_pol	134841639	134845053
NC_001514.1_pol_6	gb|CM076421.1|	134842166	134844468	plus	75.624	96	GCA_038363225.1_smrv_pol	134841666	134844968
NC_027117.1_env_10	gb|CM076421.1|	134844588	134846357	plus	94.523	100	GCA_038363225.1_derv_env	134844088	134846857
NC_027117.1_env_10	gb|CM076421.1|	136157295	136158281	plus	94.159	100	GCA_038363225.1_derv_env	136156795	136158781
NC_027117.1_env_10	gb|CM076421.1|	143705478	143706522	plus	94.742	100	GCA_038363225.1_derv_env	143704978	143707022
NC_027117.1_complete	gb|CM076421.1|	167532654	167525282	minus	93.916	82	GCA_038363225.1_derv_complete	167524782	167533154
NC_027117.1_env_10	gb|CM076421.1|	167527352	167525583	minus	94.466	100	GCA_038363225.1_derv_env	167525083	167527852
NC_027117.1_pol_8	gb|CM076421.1|	167529801	167527387	minus	94.948	99	GCA_038363225.1_derv_pol	167526887	167530301
NC_027117.1_gag_4	gb|CM076421.1|	167532654	167530792	minus	91.928	100	GCA_038363225.1_derv_gag	167530292	167533154
NC_027117.1_gag_4	gb|CM076421.1|	178086007	178087687	plus	92.942	100	GCA_038363225.1_derv_gag	178085507	178088187
NC_027117.1_gag_4	gb|CM076421.1|	178181461	178183141	plus	92.942	100	GCA_038363225.1_derv_gag	178180961	178183641
NC_001514.1_env_11	gb|CM076422.1|	2145386	2145849	plus	77.419	82	GCA_038363225.1_smrv_env	2144886	2146349
NC_027117.1_env_10	gb|CM076422.1|	3723444	3724435	plus	94.763	100	GCA_038363225.1_derv_env	3722944	3724935
NC_001514.1_env_11	gb|CM076422.1|	11245953	11245506	minus	76.392	82	GCA_038363225.1_smrv_env	11245006	11246453
NC_027117.1_gag_4	gb|CM076422.1|	32532122	32530745	minus	92.743	100	GCA_038363225.1_derv_gag	32530245	32532622
NC_027117.1_env_10	gb|CM076422.1|	59713702	59714692	plus	94.864	100	GCA_038363225.1_derv_env	59713202	59715192
NC_027117.1_pol_8	gb|CM076422.1|	66532888	66535244	plus	80.829	99	GCA_038363225.1_derv_pol	66532388	66535744
NC_027117.1_env_10	gb|CM076422.1|	88707445	88708436	plus	94.562	100	GCA_038363225.1_derv_env	88706945	88708936
NC_001514.1_env_11	gb|CM076422.1|	98375217	98374770	minus	77.283	82	GCA_038363225.1_smrv_env	98374270	98375717
NC_027117.1_env_10	gb|CM076422.1|	106743105	106742114	minus	94.058	100	GCA_038363225.1_derv_env	106741614	106743605
NC_001514.1_env_11	gb|CM076422.1|	109406137	109406584	plus	77.06	82	GCA_038363225.1_smrv_env	109405637	109407084
NC_027117.1_gag_4	gb|CM076422.1|	109980596	109979219	minus	92.235	100	GCA_038363225.1_derv_gag	109978719	109981096
NC_027117.1_complete	gb|CM076422.1|	119265502	119257736	minus	93.874	74	GCA_038363225.1_derv_complete	119257236	119266002
NC_027117.1_env_10	gb|CM076422.1|	119260190	119258422	minus	94.41	100	GCA_038363225.1_derv_env	119257922	119260690
NC_027117.1_pol_8	gb|CM076422.1|	119262631	119260225	minus	94.176	99	GCA_038363225.1_derv_pol	119259725	119263131
NC_027117.1_gag_4	gb|CM076422.1|	119265502	119263623	minus	93.351	100	GCA_038363225.1_derv_gag	119263123	119266002
NC_001514.1_env_11	gb|CM076422.1|	119267766	119268205	plus	77.098	82	GCA_038363225.1_smrv_env	119267266	119268705
NC_027117.1_gag_4	gb|CM076422.1|	119816499	119814818	minus	92.764	100	GCA_038363225.1_derv_gag	119814318	119816999
NC_027117.1_env_10	gb|CM076422.1|	124342945	124343938	plus	94.372	100	GCA_038363225.1_derv_env	124342445	124344438
NC_027117.1_env_10	gb|CM076422.1|	132143422	132144410	plus	94.058	100	GCA_038363225.1_derv_env	132142922	132144910
NC_027117.1_env_10	gb|CM076422.1|	144298748	144297763	minus	94.663	100	GCA_038363225.1_derv_env	144297263	144299248
NC_027117.1_gag_4	gb|CM076422.1|	152697276	152695594	minus	92.349	100	GCA_038363225.1_derv_gag	152695094	152697776
NC_027117.1_gag_4	gb|CM076422.1|	163410994	163412354	plus	92.15	100	GCA_038363225.1_derv_gag	163410494	163412854
NC_027117.1_gag_4	gb|CM076422.1|	164468801	164470481	plus	92.764	100	GCA_038363225.1_derv_gag	164468301	164470981
NC_027117.1_env_10	gb|CM076423.1|	7217800	7216809	minus	93.958	100	GCA_038363225.1_derv_env	7216309	7218300
NC_001514.1_env_11	gb|CM076423.1|	19666045	19666487	plus	77.703	93	GCA_038363225.1_smrv_env	19665545	19666987
NC_027117.1_env_10	gb|CM076423.1|	20068568	20067560	minus	92.871	100	GCA_038363225.1_derv_env	20067060	20069068
NC_001514.1_env_11	gb|CM076423.1|	20632687	20633129	plus	76.126	93	GCA_038363225.1_smrv_env	20632187	20633629
NC_027117.1_env_10	gb|CM076423.1|	54060968	54061959	plus	95.065	100	GCA_038363225.1_derv_env	54060468	54062459
NC_027117.1_pol_8	gb|CM076423.1|	54890434	54888078	minus	95.291	99	GCA_038363225.1_derv_pol	54887578	54890934
NC_027117.1_complete	gb|CM076423.1|	54893304	54888078	minus	94.186	82	GCA_038363225.1_derv_complete	54887578	54893804
NC_027117.1_gag_4	gb|CM076423.1|	54893304	54891426	minus	92.869	100	GCA_038363225.1_derv_gag	54890926	54893804
NC_001514.1_env_11	gb|CM076423.1|	57629867	57630308	plus	77.201	93	GCA_038363225.1_smrv_env	57629367	57630808
NC_001514.1_env_11	gb|CM076423.1|	65245999	65246446	plus	77.283	93	GCA_038363225.1_smrv_env	65245499	65246946
NC_027117.1_complete	gb|CM076423.1|	67841146	67847217	plus	93.55	82	GCA_038363225.1_derv_complete	67840646	67847717
NC_027117.1_gag_4	gb|CM076423.1|	67841686	67843869	plus	93.004	100	GCA_038363225.1_derv_gag	67841186	67844369
NC_027117.1_pol_8	gb|CM076423.1|	67844861	67847217	plus	95.121	99	GCA_038363225.1_derv_pol	67844361	67847717
NC_027117.1_pol_8	gb|CM076423.1|	70350489	70348133	minus	95.121	99	GCA_038363225.1_derv_pol	70347633	70350989
NC_027117.1_complete	gb|CM076423.1|	70354204	70348133	minus	93.567	82	GCA_038363225.1_derv_complete	70347633	70354704
NC_027117.1_gag_4	gb|CM076423.1|	70353664	70351481	minus	93.004	100	GCA_038363225.1_derv_gag	70350981	70354164
NC_027117.1_env_10	gb|CM076423.1|	78483608	78482617	minus	94.26	100	GCA_038363225.1_derv_env	78482117	78484108
NC_001514.1_env_11	gb|CM076423.1|	81592324	81592764	plus	77.149	93	GCA_038363225.1_smrv_env	81591824	81593264
NC_001514.1_env_11	gb|CM076423.1|	96436729	96437176	plus	78.396	93	GCA_038363225.1_smrv_env	96436229	96437676
NC_027117.1_env_10	gb|CM076423.1|	97049407	97050398	plus	94.763	100	GCA_038363225.1_derv_env	97048907	97050898
NC_027117.1_env_10	gb|CM076423.1|	116489688	116488697	minus	94.058	100	GCA_038363225.1_derv_env	116488197	116490188
NC_001514.1_env_8	gb|CM076423.1|	116489623	116488753	minus	73.714	50	GCA_038363225.1_smrv_env	116488253	116490123
NC_001514.1_env_11	gb|CM076423.1|	116489281	116488753	minus	75.849	93	GCA_038363225.1_smrv_env	116488253	116489781
NC_027117.1_env_10	gb|CM076423.1|	138236088	138237079	plus	94.965	100	GCA_038363225.1_derv_env	138235588	138237579
NC_027117.1_complete	gb|CM076423.1|	149690468	149684696	minus	93.123	82	GCA_038363225.1_derv_complete	149684196	149690968
NC_027117.1_env_10	gb|CM076423.1|	149687144	149685379	minus	93.382	100	GCA_038363225.1_derv_env	149684879	149687644
NC_027117.1_pol_8	gb|CM076423.1|	149689569	149687179	minus	93.085	99	GCA_038363225.1_derv_pol	149686679	149690069
NC_027117.1_gag_4	gb|CM076423.1|	149692204	149690730	minus	93.288	100	GCA_038363225.1_derv_gag	149690230	149692704
NC_027117.1_gag_4	gb|CM076424.1|	2448670	2450535	plus	91.198	100	GCA_038363225.1_derv_gag	2448170	2451035
NC_027117.1_complete	gb|CM076424.1|	2448670	2456431	plus	93.489	74	GCA_038363225.1_derv_complete	2448170	2456931
NC_027117.1_pol_8	gb|CM076424.1|	2451527	2453941	plus	94.865	99	GCA_038363225.1_derv_pol	2451027	2454441
NC_027117.1_env_10	gb|CM076424.1|	2453976	2455745	plus	94.241	100	GCA_038363225.1_derv_env	2453476	2456245
NC_001514.1_env_11	gb|CM076424.1|	14050115	14049668	minus	77.384	81	GCA_038363225.1_smrv_env	14049168	14050615
NC_001514.1_env_11	gb|CM076424.1|	20790406	20790853	plus	76.94	81	GCA_038363225.1_smrv_env	20789906	20791353
NC_001514.1_env_11	gb|CM076424.1|	31364430	31364888	plus	77.44	81	GCA_038363225.1_smrv_env	31363930	31365388
NC_027117.1_env_10	gb|CM076424.1|	32104154	32105145	plus	95.065	100	GCA_038363225.1_derv_env	32103654	32105645
NC_001514.1_env_11	gb|CM076424.1|	64119094	64118647	minus	77.728	81	GCA_038363225.1_smrv_env	64118147	64119594
NC_027117.1_env_10	gb|CM076424.1|	71934869	71933887	minus	93.353	100	GCA_038363225.1_derv_env	71933387	71935369
NC_027117.1_gag_4	gb|CM076424.1|	74574827	74573681	minus	92.95	100	GCA_038363225.1_derv_gag	74573181	74575327
NC_027117.1_gag_4	gb|CM076424.1|	79844799	79843117	minus	92.289	100	GCA_038363225.1_derv_gag	79842617	79845299
NC_027117.1_env_10	gb|CM076424.1|	87865547	87864556	minus	94.763	100	GCA_038363225.1_derv_env	87864056	87866047
NC_027117.1_gag_4	gb|CM076424.1|	114082462	114080781	minus	93.001	100	GCA_038363225.1_derv_gag	114080281	114082962
NC_027117.1_gag_4	gb|CM076424.1|	114972583	114970901	minus	93.179	100	GCA_038363225.1_derv_gag	114970401	114973083
NC_027117.1_env_10	gb|CM076424.1|	133616030	133617021	plus	94.562	100	GCA_038363225.1_derv_env	133615530	133617521
NC_027117.1_gag_4	gb|CM076424.1|	138305284	138303870	minus	92.384	100	GCA_038363225.1_derv_gag	138303370	138305784
NC_027117.1_gag_4	gb|CM076425.1|	309888	311362	plus	93.695	100	GCA_038363225.1_derv_gag	309388	311862
NC_027117.1_complete	gb|CM076425.1|	309888	317257	plus	94.047	74	GCA_038363225.1_derv_complete	309388	317757
NC_027117.1_pol_8	gb|CM076425.1|	312354	314768	plus	94.493	99	GCA_038363225.1_derv_pol	311854	315268
NC_027117.1_env_10	gb|CM076425.1|	314803	316572	plus	94.466	100	GCA_038363225.1_derv_env	314303	317072
NC_027117.1_pol_8	gb|CM076425.1|	5380905	5378549	minus	80.975	99	GCA_038363225.1_derv_pol	5378049	5381405
NC_027117.1_gag_4	gb|CM076425.1|	12442007	12443894	plus	91.583	100	GCA_038363225.1_derv_gag	12441507	12444394
NC_027117.1_complete	gb|CM076425.1|	12442007	12449788	plus	93.721	74	GCA_038363225.1_derv_complete	12441507	12450288
NC_027117.1_pol_8	gb|CM076425.1|	12444886	12447300	plus	95.321	99	GCA_038363225.1_derv_pol	12444386	12447800
NC_027117.1_env_10	gb|CM076425.1|	12447335	12449104	plus	94.41	100	GCA_038363225.1_derv_env	12446835	12449604
NC_027117.1_env_10	gb|CM076425.1|	40688222	40687231	minus	95.166	100	GCA_038363225.1_derv_env	40686731	40688722
NC_001514.1_env_11	gb|CM076425.1|	41891442	41891885	plus	76.629	79	GCA_038363225.1_smrv_env	41890942	41892385
NC_001514.1_env_11	gb|CM076425.1|	48692634	48692187	minus	77.06	79	GCA_038363225.1_smrv_env	48691687	48693134
NC_001514.1_env_11	gb|CM076425.1|	49476404	49475955	minus	75.664	79	GCA_038363225.1_smrv_env	49475455	49476904
NC_001514.1_env_11	gb|CM076425.1|	63972556	63972109	minus	77.333	79	GCA_038363225.1_smrv_env	63971609	63973056
NC_027117.1_env_10	gb|CM076425.1|	65782900	65783891	plus	94.763	100	GCA_038363225.1_derv_env	65782400	65784391
NC_027117.1_env_10	gb|CM076425.1|	68386936	68387927	plus	94.663	100	GCA_038363225.1_derv_env	68386436	68388427
NC_027117.1_env_10	gb|CM076425.1|	69048628	69049618	plus	94.562	100	GCA_038363225.1_derv_env	69048128	69050118
NC_027117.1_env_10	gb|CM076425.1|	69496926	69496003	minus	94.378	100	GCA_038363225.1_derv_env	69495503	69497426
NC_027117.1_gag_4	gb|CM076425.1|	74176397	74178266	plus	90.63	100	GCA_038363225.1_derv_gag	74175897	74178766
NC_027117.1_complete	gb|CM076425.1|	74176397	74184161	plus	93.324	74	GCA_038363225.1_derv_complete	74175897	74184661
NC_001514.1_complete	gb|CM076425.1|	74177185	74181616	plus	74.571	50	GCA_038363225.1_smrv_complete	74176685	74182116
NC_027117.1_pol_8	gb|CM076425.1|	74179258	74181672	plus	94.907	99	GCA_038363225.1_derv_pol	74178758	74182172
NC_001514.1_pol_6	gb|CM076425.1|	74179285	74181616	plus	75.308	97	GCA_038363225.1_smrv_pol	74178785	74182116
NC_027117.1_env_10	gb|CM076425.1|	74181707	74183476	plus	94.241	100	GCA_038363225.1_derv_env	74181207	74183976
NC_027117.1_env_10	gb|CM076425.1|	97726280	97727271	plus	95.065	100	GCA_038363225.1_derv_env	97725780	97727771
NC_001514.1_env_11	gb|CM076425.1|	107762571	107762124	minus	76.837	79	GCA_038363225.1_smrv_env	107761624	107763071
NC_027117.1_gag_4	gb|CM076425.1|	116240050	116238371	minus	92.527	100	GCA_038363225.1_derv_gag	116237871	116240550
NC_027117.1_env_10	gb|CM076425.1|	119921641	119920651	minus	95.065	100	GCA_038363225.1_derv_env	119920151	119922141
NC_027117.1_gag_4	gb|CM076425.1|	120637572	120636427	minus	93.38	100	GCA_038363225.1_derv_gag	120635927	120638072
NC_027117.1_gag_4	gb|CM076426.1|	17862655	17860973	minus	93.179	100	GCA_038363225.1_derv_gag	17860473	17863155
NC_027117.1_gag_4	gb|CM076426.1|	21405566	21403915	minus	91.766	100	GCA_038363225.1_derv_gag	21403415	21406066
NC_001514.1_env_11	gb|CM076426.1|	29049089	29049529	plus	76.975	79	GCA_038363225.1_smrv_env	29048589	29050029
NC_027117.1_env_10	gb|CM076426.1|	58152267	58151276	minus	94.361	100	GCA_038363225.1_derv_env	58150776	58152767
NC_001514.1_env_11	gb|CM076426.1|	90216100	90215654	minus	77.283	79	GCA_038363225.1_smrv_env	90215154	90216600
NC_001514.1_env_11	gb|CM076426.1|	91901405	91900958	minus	77.283	79	GCA_038363225.1_smrv_env	91900458	91901905
NC_027117.1_env_10	gb|CM076426.1|	110519660	110518670	minus	94.657	100	GCA_038363225.1_derv_env	110518170	110520160
NC_027117.1_complete	gb|CM076426.1|	120818409	120812649	minus	92.985	55	GCA_038363225.1_derv_complete	120812149	120818909
NC_027117.1_env_10	gb|CM076426.1|	120815086	120813321	minus	93.439	100	GCA_038363225.1_derv_env	120812821	120815586
NC_027117.1_pol_8	gb|CM076426.1|	120817511	120815121	minus	93.126	99	GCA_038363225.1_derv_pol	120814621	120818011
NC_027117.1_gag_4	gb|CM076426.1|	120820145	120818671	minus	93.356	100	GCA_038363225.1_derv_gag	120818171	120820645
NC_027117.1_gag_4	gb|CM076427.1|	273624	275302	plus	92.527	77	GCA_038363225.1_derv_gag	273124	275802
NC_027117.1_gag_4	gb|CM076427.1|	5562513	5563887	plus	91.8	77	GCA_038363225.1_derv_gag	5562013	5564387
NC_001514.1_env_11	gb|CM076427.1|	22118322	22117875	minus	77.506	79	GCA_038363225.1_smrv_env	22117375	22118822
NC_027117.1_env_10	gb|CM076427.1|	72065208	72064233	minus	93.051	56	GCA_038363225.1_derv_env	72063733	72065708
NC_027117.1_env_10	gb|CM076427.1|	72329189	72330180	plus	95.065	56	GCA_038363225.1_derv_env	72328689	72330680
NC_027117.1_env_10	gb|CM076427.1|	73004564	73003577	minus	94.159	56	GCA_038363225.1_derv_env	73003077	73005064
NC_027117.1_env_10	gb|CM076427.1|	73998121	73999112	plus	94.461	56	GCA_038363225.1_derv_env	73997621	73999612
NC_027117.1_env_10	gb|CM076427.1|	93696733	93697724	plus	94.461	56	GCA_038363225.1_derv_env	93696233	93698224
NC_001514.1_env_11	gb|CM076428.1|	10617450	10617891	plus	76.975	80	GCA_038363225.1_smrv_env	10616950	10618391
NC_027117.1_env_10	gb|CM076428.1|	13401199	13400208	minus	94.26	56	GCA_038363225.1_derv_env	13399708	13401699
NC_001514.1_env_11	gb|CM076428.1|	34477681	34478120	plus	76.644	80	GCA_038363225.1_smrv_env	34477181	34478620
NC_027117.1_env_10	gb|CM076428.1|	49834793	49835782	plus	94.864	56	GCA_038363225.1_derv_env	49834293	49836282
NC_027117.1_env_10	gb|CM076428.1|	54432969	54431977	minus	94.869	56	GCA_038363225.1_derv_env	54431477	54433469
NC_001514.1_env_11	gb|CM076428.1|	57712779	57713215	plus	76.298	80	GCA_038363225.1_smrv_env	57712279	57713715
NC_001514.1_env_11	gb|CM076428.1|	66422966	66423413	plus	75.501	80	GCA_038363225.1_smrv_env	66422466	66423913
NC_027117.1_env_10	gb|CM076428.1|	66448068	66449059	plus	94.663	56	GCA_038363225.1_derv_env	66447568	66449559
NC_027117.1_gag_4	gb|CM076428.1|	67985669	67987341	plus	92.349	77	GCA_038363225.1_derv_gag	67985169	67987841
NC_027117.1_env_10	gb|CM076428.1|	77580888	77581807	plus	94.27	56	GCA_038363225.1_derv_env	77580388	77582307
NC_001514.1_env_11	gb|CM076428.1|	79274173	79273719	minus	77.193	80	GCA_038363225.1_smrv_env	79273219	79274673
NC_001514.1_env_11	gb|CM076429.1|	49619004	49618476	minus	75.985	93	GCA_038363225.1_smrv_env	49617976	49619504
NC_001514.1_env_11	gb|CM076429.1|	49751865	49752303	plus	77.878	93	GCA_038363225.1_smrv_env	49751365	49752803
NC_027117.1_pol_8	gb|CM076430.1|	2960037	2957681	minus	80.381	99	GCA_038363225.1_derv_pol	2957181	2960537
NC_027117.1_env_10	gb|CM076430.1|	13445756	13446747	plus	94.965	100	GCA_038363225.1_derv_env	13445256	13447247
NC_001514.1_env_11	gb|CM076430.1|	16200800	16201241	plus	76.749	82	GCA_038363225.1_smrv_env	16200300	16201741
NC_001514.1_env_11	gb|CM076430.1|	22554729	22555184	plus	77.039	82	GCA_038363225.1_smrv_env	22554229	22555684
NC_027117.1_gag_4	gb|CM076430.1|	30866058	30867734	plus	92.467	100	GCA_038363225.1_derv_gag	30865558	30868234
NC_027117.1_complete	gb|CM076430.1|	54482089	54490675	plus	92.485	82	GCA_038363225.1_derv_complete	54481589	54491175
NC_027117.1_gag_4	gb|CM076430.1|	54482618	54484805	plus	92.015	100	GCA_038363225.1_derv_gag	54482118	54485305
NC_027117.1_pol_8	gb|CM076430.1|	54485797	54488187	plus	93.251	99	GCA_038363225.1_derv_pol	54485297	54488687
NC_027117.1_env_10	gb|CM076430.1|	54488222	54489991	plus	94.41	100	GCA_038363225.1_derv_env	54487722	54490491
NC_027117.1_LTR_1	gb|CM077305.1|	85042961	85043352	plus	93.622	100	GCA_039655065.1_derv_ltr	85042461	85043852
NC_027117.1_LTR_12	gb|CM077305.1|	85043924	85044755	plus	87.808	55	GCA_039655065.1_derv_ltr	85043424	85045255
NC_027117.1_LTR_1	gb|CM077603.1|	84935524	84935915	plus	93.622	100	GCA_039656995.1_derv_ltr	84935024	84936415
NC_027117.1_LTR_12	gb|CM077603.1|	84936487	84937319	plus	87.471	55	GCA_039656995.1_derv_ltr	84935987	84937819
NC_027117.1_gag_4	gb|CM077782.2|	21012	22486	plus	92.678	100	GCA_038363095.4_derv_gag	20512	22986
NC_027117.1_complete	gb|CM077782.2|	22748	28524	plus	92.972	82	GCA_038363095.4_derv_complete	22248	29024
NC_027117.1_pol_8	gb|CM077782.2|	23647	26037	plus	92.878	99	GCA_038363095.4_derv_pol	23147	26537
NC_027117.1_env_10	gb|CM077782.2|	26072	27841	plus	93.45	100	GCA_038363095.4_derv_env	25572	28341
NC_027117.1_gag_4	gb|CM077782.2|	3327413	3329095	plus	92.586	100	GCA_038363095.4_derv_gag	3326913	3329595
NC_027117.1_complete	gb|CM077782.2|	14794225	14800294	plus	93.278	82	GCA_038363095.4_derv_complete	14793725	14800794
NC_027117.1_gag_4	gb|CM077782.2|	14794770	14796946	plus	92.955	100	GCA_038363095.4_derv_gag	14794270	14797446
NC_027117.1_pol_8	gb|CM077782.2|	14797938	14800294	plus	94.612	99	GCA_038363095.4_derv_pol	14797438	14800794
NC_001514.1_env_11	gb|CM115950.1|	67782242	67782558	plus	78.125	91	GCA_050655435.1_smrv_env	67781742	67783058
NC_001514.1_env_11	gb|CM115950.1|	117896655	117897133	plus	78.306	91	GCA_050655435.1_smrv_env	117896155	117897633
NC_027117.1_env_10	gb|CM115950.1|	128392042	128390857	minus	83.779	97	GCA_050655435.1_derv_env	128390357	128392542
NC_027117.1_env_10	gb|CM115950.1|	128395116	128393931	minus	83.779	97	GCA_050655435.1_derv_env	128393431	128395616
NC_027117.1_complete	gb|CM115950.1|	158223621	158217118	minus	80.446	62	GCA_050655435.1_derv_complete	158216618	158224121
NC_001514.1_env_8	gb|CM115950.1|	158218610	158217445	minus	72.874	67	GCA_050655435.1_smrv_env	158216945	158219110
NC_001514.1_env_11	gb|CM115950.1|	158217962	158217445	minus	76.775	91	GCA_050655435.1_smrv_env	158216945	158218462
NC_027117.1_env_10	gb|CM115950.1|	158219153	158217521	minus	80.623	97	GCA_050655435.1_derv_env	158217021	158219653
NC_027117.1_pol_8	gb|CM115950.1|	158221610	158219209	minus	86.309	99	GCA_050655435.1_derv_pol	158218709	158222110
NC_027117.1_LTR_12	gb|CM115951.1|	92097054	92096207	minus	87.911	55	GCA_050655435.1_derv_ltr	92095707	92097554
NC_027117.1_LTR_1	gb|CM115951.1|	92097993	92097607	minus	91.582	100	GCA_050655435.1_derv_ltr	92097107	92098493
NC_027117.1_pol_8	gb|CM115951.1|	133513315	133510963	minus	78.84	97	GCA_050655435.1_derv_pol	133510463	133513815
NC_001514.1_env_11	gb|CM115952.1|	47178962	47178445	minus	77.011	91	GCA_050655435.1_smrv_env	47177945	47179462
NC_027117.1_complete	gb|CM115954.1|	1182821	1176318	minus	80.339	62	GCA_050655435.1_derv_complete	1175818	1183321
NC_001514.1_env_8	gb|CM115954.1|	1177810	1176645	minus	72.874	67	GCA_050655435.1_smrv_env	1176145	1178310
NC_001514.1_env_11	gb|CM115954.1|	1177162	1176645	minus	76.775	91	GCA_050655435.1_smrv_env	1176145	1177662
NC_027117.1_env_10	gb|CM115954.1|	1178353	1176721	minus	80.501	92	GCA_050655435.1_derv_env	1176221	1178853
NC_027117.1_pol_8	gb|CM115954.1|	1180810	1178409	minus	86.267	99	GCA_050655435.1_derv_pol	1177909	1181310
NC_027117.1_pol_8	gb|CM115954.1|	78333812	78332601	minus	83.512	99	GCA_050655435.1_derv_pol	78332101	78334312
NC_001514.1_env_11	gb|CM115954.1|	135218725	135219190	plus	78.252	91	GCA_050655435.1_smrv_env	135218225	135219690
NC_027117.1_pol_8	gb|CM115955.1|	3929824	3931107	plus	89.33	99	GCA_050655435.1_derv_pol	3929324	3931607
NC_027117.1_env_10	gb|CM115955.1|	3932490	3934093	plus	83.843	97	GCA_050655435.1_derv_env	3931990	3934593
NC_027117.1_complete	gb|CM115955.1|	80944721	80938129	minus	81.632	63	GCA_050655435.1_derv_complete	80937629	80945221
NC_027117.1_env_10	gb|CM115955.1|	80940153	80938445	minus	84.342	97	GCA_050655435.1_derv_env	80937945	80940653
NC_027117.1_pol_8	gb|CM115955.1|	80942607	80940194	minus	86.915	99	GCA_050655435.1_derv_pol	80939694	80943107
NC_001514.1_pol_6	gb|CM115955.1|	80942580	80940249	minus	75.959	97	GCA_050655435.1_smrv_pol	80939749	80943080
NC_001514.1_complete	gb|CM115955.1|	80944692	80940249	minus	75.307	50	GCA_050655435.1_smrv_complete	80939749	80945192
NC_027117.1_gag_4	gb|CM115955.1|	80944721	80943599	minus	76.258	51	GCA_050655435.1_derv_gag	80943099	80945221
NC_001514.1_env_11	gb|CM115955.1|	87046999	87047510	plus	76.699	91	GCA_050655435.1_smrv_env	87046499	87048010
NC_027117.1_complete	gb|CM115955.1|	97442505	97436002	minus	80.4	63	GCA_050655435.1_derv_complete	97435502	97443005
NC_001514.1_env_8	gb|CM115955.1|	97437494	97436329	minus	72.959	67	GCA_050655435.1_smrv_env	97435829	97437994
NC_001514.1_env_11	gb|CM115955.1|	97436846	97436329	minus	76.775	91	GCA_050655435.1_smrv_env	97435829	97437346
NC_027117.1_env_10	gb|CM115955.1|	97438037	97436405	minus	80.562	97	GCA_050655435.1_derv_env	97435905	97438537
NC_027117.1_pol_8	gb|CM115955.1|	97440494	97438093	minus	86.309	99	GCA_050655435.1_derv_pol	97437593	97440994
NC_027117.1_complete	gb|CM115955.1|	138933988	138927494	minus	80.263	63	GCA_050655435.1_derv_complete	138926994	138934488
NC_001514.1_env_8	gb|CM115955.1|	138928986	138927821	minus	72.959	67	GCA_050655435.1_smrv_env	138927321	138929486
NC_001514.1_env_11	gb|CM115955.1|	138928338	138927821	minus	76.775	91	GCA_050655435.1_smrv_env	138927321	138928838
NC_027117.1_env_10	gb|CM115955.1|	138929529	138927897	minus	80.562	97	GCA_050655435.1_derv_env	138927397	138930029
NC_027117.1_pol_8	gb|CM115955.1|	138931986	138929585	minus	86.267	99	GCA_050655435.1_derv_pol	138929085	138932486
NC_001514.1_env_11	gb|CM115957.1|	48132980	48132485	minus	77.4	90	GCA_050655435.1_smrv_env	48131985	48133480
NC_027117.1_complete	gb|CM115957.1|	64544838	64551437	plus	80.187	63	GCA_050655435.1_derv_complete	64544338	64551937
NC_027117.1_pol_8	gb|CM115957.1|	64546945	64549346	plus	86.35	99	GCA_050655435.1_derv_pol	64546445	64549846
NC_027117.1_env_10	gb|CM115957.1|	64549396	64551034	plus	80.329	92	GCA_050655435.1_derv_env	64548896	64551534
NC_001514.1_env_8	gb|CM115957.1|	64549943	64551104	plus	72.867	67	GCA_050655435.1_smrv_env	64549443	64551604
NC_001514.1_env_11	gb|CM115957.1|	64550593	64551104	plus	76.699	90	GCA_050655435.1_smrv_env	64550093	64551604
NC_027117.1_complete	gb|CM115959.1|	80428268	80434867	plus	80.141	63	GCA_050655435.1_derv_complete	80427768	80435367
NC_027117.1_pol_8	gb|CM115959.1|	80430375	80432776	plus	86.309	99	GCA_050655435.1_derv_pol	80429875	80433276
NC_027117.1_env_10	gb|CM115959.1|	80432826	80434464	plus	80.512	92	GCA_050655435.1_derv_env	80432326	80434964
NC_001514.1_env_8	gb|CM115959.1|	80433375	80434534	plus	72.945	67	GCA_050655435.1_smrv_env	80432875	80435034
NC_001514.1_env_11	gb|CM115959.1|	80434023	80434534	plus	76.803	90	GCA_050655435.1_smrv_env	80433523	80435034
NC_027117.1_pol_8	gb|CM115961.1|	32193368	32194582	plus	79.59	99	GCA_050655435.1_derv_pol	32192868	32195082
NC_027117.1_pol_8	gb|CM115961.1|	32196412	32197615	plus	79.356	99	GCA_050655435.1_derv_pol	32195912	32198115
NC_001514.1_env_11	gb|CM115961.1|	48322742	48323121	plus	78.125	67	GCA_050655435.1_smrv_env	48322242	48323621
NC_027117.1_env_10	gb|CM115962.1|	33582289	33583996	plus	83.295	97	GCA_050655435.1_derv_env	33581789	33584496
NC_027117.1_pol_8	gb|CM115962.1|	37219004	37220803	plus	78.575	74	GCA_050655435.1_derv_pol	37218504	37221303
NC_027117.1_pol_8	gb|CM115962.1|	40010459	40012256	plus	78.304	74	GCA_050655435.1_derv_pol	40009959	40012756
NC_027117.1_pol_8	gb|CM115962.1|	44427767	44429564	plus	77.716	74	GCA_050655435.1_derv_pol	44427267	44430064
NC_027117.1_pol_8	gb|CM115962.1|	49615514	49617310	plus	78.249	74	GCA_050655435.1_derv_pol	49615014	49617810
NC_027117.1_pol_8	gb|CM115962.1|	50537204	50535416	minus	78.21	74	GCA_050655435.1_derv_pol	50534916	50537704
NC_027117.1_env_10	gb|CM115962.1|	51451152	51452869	plus	83.478	97	GCA_050655435.1_derv_env	51450652	51453369
NC_027117.1_pol_8	gb|CM115962.1|	55700241	55702044	plus	78.82	74	GCA_050655435.1_derv_pol	55699741	55702544
NC_027117.1_pol_8	gb|CM115962.1|	59662733	59661427	minus	77.837	74	GCA_050655435.1_derv_pol	59660927	59663233
NC_001514.1_env_11	gb|CM115963.1|	26698494	26698963	plus	77.215	83	GCA_050655435.1_smrv_env	26697994	26699463
NC_001514.1_env_11	gb|CM115964.1|	33649101	33649579	plus	78.512	84	GCA_050655435.1_smrv_env	33648601	33650079
NC_001514.1_env_11	gb|CM115967.1|	67981727	67982043	plus	78.125	91	GCA_050655445.1_smrv_env	67981227	67982543
NC_001514.1_env_11	gb|CM115967.1|	118101160	118101638	plus	78.054	91	GCA_050655445.1_smrv_env	118100660	118102138
NC_027117.1_env_10	gb|CM115967.1|	128711287	128710102	minus	83.696	97	GCA_050655445.1_derv_env	128709602	128711787
NC_027117.1_complete	gb|CM115967.1|	158563908	158557405	minus	80.446	62	GCA_050655445.1_derv_complete	158556905	158564408
NC_001514.1_env_8	gb|CM115967.1|	158558897	158557732	minus	72.874	67	GCA_050655445.1_smrv_env	158557232	158559397
NC_001514.1_env_11	gb|CM115967.1|	158558249	158557732	minus	76.775	91	GCA_050655445.1_smrv_env	158557232	158558749
NC_027117.1_env_10	gb|CM115967.1|	158559440	158557808	minus	80.623	97	GCA_050655445.1_derv_env	158557308	158559940
NC_027117.1_pol_8	gb|CM115967.1|	158561897	158559496	minus	86.309	99	GCA_050655445.1_derv_pol	158558996	158562397
NC_027117.1_LTR_12	gb|CM115968.1|	91949570	91948723	minus	87.911	55	GCA_050655445.1_derv_ltr	91948223	91950070
NC_027117.1_LTR_1	gb|CM115968.1|	91950509	91950123	minus	91.582	100	GCA_050655445.1_derv_ltr	91949623	91951009
NC_027117.1_pol_8	gb|CM115968.1|	133309012	133306660	minus	78.84	97	GCA_050655445.1_derv_pol	133306160	133309512
NC_001514.1_env_11	gb|CM115969.1|	47282358	47281841	minus	77.011	91	GCA_050655445.1_smrv_env	47281341	47282858
NC_027117.1_complete	gb|CM115970.1|	14781454	14788053	plus	80.202	63	GCA_050655445.1_derv_complete	14780954	14788553
NC_027117.1_pol_8	gb|CM115970.1|	14783561	14785962	plus	86.309	99	GCA_050655445.1_derv_pol	14783061	14786462
NC_027117.1_env_10	gb|CM115970.1|	14786012	14787650	plus	80.512	92	GCA_050655445.1_derv_env	14785512	14788150
NC_001514.1_env_8	gb|CM115970.1|	14786561	14787720	plus	72.991	67	GCA_050655445.1_smrv_env	14786061	14788220
NC_001514.1_env_11	gb|CM115970.1|	14787209	14787720	plus	76.893	90	GCA_050655445.1_smrv_env	14786709	14788220
NC_027117.1_pol_8	gb|CM115971.1|	78808714	78807503	minus	83.512	50	GCA_050655445.1_derv_pol	78807003	78809214
NC_001514.1_env_11	gb|CM115971.1|	135571557	135572022	plus	78.252	82	GCA_050655445.1_smrv_env	135571057	135572522
NC_027117.1_pol_8	gb|CM115972.1|	3936336	3937619	plus	89.33	99	GCA_050655445.1_derv_pol	3935836	3938119
NC_027117.1_env_10	gb|CM115972.1|	3939008	3940630	plus	84.446	97	GCA_050655445.1_derv_env	3938508	3941130
NC_027117.1_complete	gb|CM115972.1|	46287906	46294439	plus	80.261	63	GCA_050655445.1_derv_complete	46287406	46294939
NC_027117.1_pol_8	gb|CM115972.1|	46289947	46292348	plus	86.184	99	GCA_050655445.1_derv_pol	46289447	46292848
NC_027117.1_env_10	gb|CM115972.1|	46292398	46294036	plus	80.451	97	GCA_050655445.1_derv_env	46291898	46294536
NC_001514.1_env_8	gb|CM115972.1|	46292945	46294106	plus	72.952	68	GCA_050655445.1_smrv_env	46292445	46294606
NC_001514.1_env_11	gb|CM115972.1|	46293595	46294106	plus	76.893	91	GCA_050655445.1_smrv_env	46293095	46294606
NC_027117.1_complete	gb|CM115972.1|	81110940	81104348	minus	81.632	63	GCA_050655445.1_derv_complete	81103848	81111440
NC_027117.1_env_10	gb|CM115972.1|	81106372	81104664	minus	84.342	97	GCA_050655445.1_derv_env	81104164	81106872
NC_027117.1_pol_8	gb|CM115972.1|	81108826	81106413	minus	86.915	99	GCA_050655445.1_derv_pol	81105913	81109326
NC_001514.1_pol_6	gb|CM115972.1|	81108799	81106468	minus	75.959	97	GCA_050655445.1_smrv_pol	81105968	81109299
NC_001514.1_complete	gb|CM115972.1|	81110911	81106468	minus	75.307	50	GCA_050655445.1_smrv_complete	81105968	81111411
NC_027117.1_gag_4	gb|CM115972.1|	81110940	81109818	minus	76.258	51	GCA_050655445.1_derv_gag	81109318	81111440
NC_001514.1_env_11	gb|CM115972.1|	87223210	87223721	plus	76.505	91	GCA_050655445.1_smrv_env	87222710	87224221
NC_027117.1_complete	gb|CM115972.1|	138299427	138292924	minus	80.369	63	GCA_050655445.1_derv_complete	138292424	138299927
NC_001514.1_env_8	gb|CM115972.1|	138294416	138293251	minus	72.959	68	GCA_050655445.1_smrv_env	138292751	138294916
NC_001514.1_env_11	gb|CM115972.1|	138293768	138293251	minus	76.775	91	GCA_050655445.1_smrv_env	138292751	138294268
NC_027117.1_env_10	gb|CM115972.1|	138294959	138293327	minus	80.562	97	GCA_050655445.1_derv_env	138292827	138295459
NC_027117.1_pol_8	gb|CM115972.1|	138297416	138295015	minus	86.267	99	GCA_050655445.1_derv_pol	138294515	138297916
NC_001514.1_env_11	gb|CM115974.1|	48161462	48160967	minus	77.4	90	GCA_050655445.1_smrv_env	48160467	48161962
NC_027117.1_complete	gb|CM115974.1|	63974337	63980936	plus	80.187	63	GCA_050655445.1_derv_complete	63973837	63981436
NC_027117.1_pol_8	gb|CM115974.1|	63976444	63978845	plus	86.35	99	GCA_050655445.1_derv_pol	63975944	63979345
NC_027117.1_env_10	gb|CM115974.1|	63978895	63980533	plus	80.329	92	GCA_050655445.1_derv_env	63978395	63981033
NC_001514.1_env_8	gb|CM115974.1|	63979442	63980603	plus	72.867	67	GCA_050655445.1_smrv_env	63978942	63981103
NC_001514.1_env_11	gb|CM115974.1|	63980092	63980603	plus	76.699	90	GCA_050655445.1_smrv_env	63979592	63981103
NC_027117.1_complete	gb|CM115974.1|	103054799	103061398	plus	80.217	63	GCA_050655445.1_derv_complete	103054299	103061898
NC_027117.1_pol_8	gb|CM115974.1|	103056906	103059307	plus	86.309	99	GCA_050655445.1_derv_pol	103056406	103059807
NC_027117.1_env_10	gb|CM115974.1|	103059357	103060995	plus	80.572	92	GCA_050655445.1_derv_env	103058857	103061495
NC_001514.1_env_8	gb|CM115974.1|	103059906	103061065	plus	72.906	67	GCA_050655445.1_smrv_env	103059406	103061565
NC_001514.1_env_11	gb|CM115974.1|	103060554	103061065	plus	76.893	90	GCA_050655445.1_smrv_env	103060054	103061565
NC_027117.1_complete	gb|CM115977.1|	58569988	58576587	plus	80.217	63	GCA_050655445.1_derv_complete	58569488	58577087
NC_027117.1_pol_8	gb|CM115977.1|	58572095	58574496	plus	86.309	99	GCA_050655445.1_derv_pol	58571595	58574996
NC_027117.1_env_10	gb|CM115977.1|	58574546	58576184	plus	80.451	92	GCA_050655445.1_derv_env	58574046	58576684
NC_001514.1_env_8	gb|CM115977.1|	58575095	58576254	plus	73.077	67	GCA_050655445.1_smrv_env	58574595	58576754
NC_001514.1_env_11	gb|CM115977.1|	58575743	58576254	plus	77.087	90	GCA_050655445.1_smrv_env	58575243	58576754
NC_027117.1_pol_8	gb|CM115978.1|	32222658	32223872	plus	79.508	99	GCA_050655445.1_derv_pol	32222158	32224372
NC_027117.1_pol_8	gb|CM115978.1|	32225702	32226904	plus	79.356	99	GCA_050655445.1_derv_pol	32225202	32227404
NC_001514.1_env_11	gb|CM115978.1|	47791180	47791559	plus	78.125	67	GCA_050655445.1_smrv_env	47790680	47792059
NC_027117.1_pol_8	gb|CM115979.1|	35229531	35231330	plus	77.606	74	GCA_050655445.1_derv_pol	35229031	35231830
NC_027117.1_pol_8	gb|CM115979.1|	36463038	36461322	minus	78.874	74	GCA_050655445.1_derv_pol	36460822	36463538
NC_027117.1_pol_8	gb|CM115979.1|	38141620	38143417	plus	78.359	74	GCA_050655445.1_derv_pol	38141120	38143917
NC_027117.1_env_10	gb|CM115979.1|	40450217	40451934	plus	83.478	97	GCA_050655445.1_derv_env	40449717	40452434
NC_001514.1_env_11	gb|CM115980.1|	26681590	26682059	plus	77.215	83	GCA_050655445.1_smrv_env	26681090	26682559
NC_027117.1_LTR_1	gb|CM117683.1|	145581501	145581892	plus	94.388	100	GCA_051107205.1_derv_ltr	145581001	145582392
NC_027117.1_LTR_12	gb|CM117683.1|	145582466	145583304	plus	89.554	55	GCA_051107205.1_derv_ltr	145581966	145583804
NC_027117.1_LTR_1	gb|CM117733.1|	145425816	145426207	plus	94.388	100	GCA_051107335.1_derv_ltr	145425316	145426707
NC_027117.1_LTR_12	gb|CM117733.1|	145426781	145427619	plus	89.554	55	GCA_051107335.1_derv_ltr	145426281	145428119
NC_027117.1_complete	gb|CM117820.1|	74110512	74105049	minus	78.199	52	GCA_051107505.1_derv_complete	74104549	74111012
NC_027117.1_pol_8	gb|CM117820.1|	74109231	74106858	minus	82.044	98	GCA_051107505.1_derv_pol	74106358	74109731
NC_027117.1_pol_8	gb|CM117820.1|	107939007	107937127	minus	81.333	98	GCA_051107505.1_derv_pol	107936627	107939507
NC_027117.1_LTR_1	gb|CM117820.1|	151879924	151880314	plus	93.893	100	GCA_051107505.1_derv_ltr	151879424	151880814
NC_027117.1_LTR_12	gb|CM117820.1|	151880886	151881730	plus	87.309	55	GCA_051107505.1_derv_ltr	151880386	151882230
NC_027117.1_pol_8	gb|CM117820.1|	191251913	191249541	minus	81.849	98	GCA_051107505.1_derv_pol	191249041	191252413
NC_027117.1_pol_8	gb|CM117821.1|	83684765	83682392	minus	82.101	98	GCA_051107505.1_derv_pol	83681892	83685265
NC_027117.1_complete	gb|CM117822.1|	85045507	85040244	minus	78.67	50	GCA_051107505.1_derv_complete	85039744	85046007
NC_027117.1_pol_8	gb|CM117822.1|	85044226	85041853	minus	82.212	98	GCA_051107505.1_derv_pol	85041353	85044726
NC_027117.1_pol_8	gb|CM117822.1|	103476596	103478352	plus	82.386	98	GCA_051107505.1_derv_pol	103476096	103478852
NC_027117.1_pol_8	gb|CM117822.1|	123424782	123423075	minus	82.428	98	GCA_051107505.1_derv_pol	123422575	123425282
NC_027117.1_pol_8	gb|CM117823.1|	77835470	77833083	minus	81.488	98	GCA_051107505.1_derv_pol	77832583	77835970
NC_027117.1_pol_8	gb|CM117823.1|	82777515	82779870	plus	81.626	98	GCA_051107505.1_derv_pol	82777015	82780370
NC_027117.1_pol_8	gb|CM117824.1|	58543097	58545470	plus	81.841	98	GCA_051107505.1_derv_pol	58542597	58545970
NC_027117.1_pol_8	gb|CM117824.1|	66794440	66796146	plus	83.197	98	GCA_051107505.1_derv_pol	66793940	66796646
NC_027117.1_pol_8	gb|CM117824.1|	92936855	92939228	plus	82.128	98	GCA_051107505.1_derv_pol	92936355	92939728
NC_027117.1_complete	gb|CM117824.1|	124690931	124685160	minus	77.508	55	GCA_051107505.1_derv_complete	124684660	124691431
NC_027117.1_pol_8	gb|CM117824.1|	124689650	124687279	minus	81.96	98	GCA_051107505.1_derv_pol	124686779	124690150
NC_027117.1_pol_8	gb|CM117824.1|	135833849	135836216	plus	81.94	98	GCA_051107505.1_derv_pol	135833349	135836716
NC_027117.1_pol_8	gb|CM117824.1|	149959695	149962064	plus	80.176	98	GCA_051107505.1_derv_pol	149959195	149962564
NC_027117.1_pol_8	gb|CM117824.1|	156056835	156059206	plus	81.967	98	GCA_051107505.1_derv_pol	156056335	156059706
NC_027117.1_pol_8	gb|CM117824.1|	158821014	158818642	minus	81.379	98	GCA_051107505.1_derv_pol	158818142	158821514
NC_027117.1_pol_8	gb|CM117824.1|	160298625	160300995	plus	82.086	98	GCA_051107505.1_derv_pol	160298125	160301495
NC_027117.1_pol_8	gb|CM117824.1|	160646846	160645139	minus	82.954	98	GCA_051107505.1_derv_pol	160644639	160647346
NC_027117.1_complete	gb|CM117825.1|	37105383	37110648	plus	78.686	50	GCA_051107505.1_derv_complete	37104883	37111148
NC_027117.1_pol_8	gb|CM117825.1|	37106664	37109036	plus	82.261	98	GCA_051107505.1_derv_pol	37106164	37109536
NC_027117.1_pol_8	gb|CM117825.1|	109343976	109346349	plus	82.086	98	GCA_051107505.1_derv_pol	109343476	109346849
NC_027117.1_pol_8	gb|CM117825.1|	127949605	127951978	plus	82.128	98	GCA_051107505.1_derv_pol	127949105	127952478
NC_027117.1_pol_8	gb|CM117826.1|	57259824	57257451	minus	82.296	98	GCA_051107505.1_derv_pol	57256951	57260324
NC_027117.1_pol_8	gb|CM117826.1|	77638363	77640736	plus	82.128	98	GCA_051107505.1_derv_pol	77637863	77641236
NC_027117.1_pol_8	gb|CM117826.1|	100777349	100778722	plus	80.973	98	GCA_051107505.1_derv_pol	100776849	100779222
NC_027117.1_pol_8	gb|CM117826.1|	101871942	101874316	plus	81.864	98	GCA_051107505.1_derv_pol	101871442	101874816
NC_027117.1_complete	gb|CM117826.1|	105159142	105153369	minus	77.488	55	GCA_051107505.1_derv_complete	105152869	105159642
NC_027117.1_pol_8	gb|CM117826.1|	105157861	105155488	minus	81.791	98	GCA_051107505.1_derv_pol	105154988	105158361
NC_027117.1_pol_8	gb|CM117827.1|	47085761	47084418	minus	83.222	98	GCA_051107505.1_derv_pol	47083918	47086261
NC_001514.1_complete	gb|CM117827.1|	71134443	71138870	plus	75.993	50	GCA_051107505.1_smrv_complete	71133943	71139370
NC_027117.1_pol_8	gb|CM117827.1|	71136519	71138891	plus	82.212	98	GCA_051107505.1_derv_pol	71136019	71139391
NC_027117.1_complete	gb|CM117827.1|	96922811	96928081	plus	78.449	50	GCA_051107505.1_derv_complete	96922311	96928581
NC_027117.1_pol_8	gb|CM117827.1|	96924099	96926472	plus	82.002	98	GCA_051107505.1_derv_pol	96923599	96926972
NC_027117.1_pol_8	gb|CM117827.1|	143479564	143481269	plus	82.817	98	GCA_051107505.1_derv_pol	143479064	143481769
NC_027117.1_pol_8	gb|CM117828.1|	60088666	60086293	minus	81.654	98	GCA_051107505.1_derv_pol	60085793	60089166
NC_027117.1_pol_8	gb|CM117828.1|	66440465	66438091	minus	81.757	98	GCA_051107505.1_derv_pol	66437591	66440965
NC_027117.1_pol_8	gb|CM117829.1|	78781565	78779189	minus	81.94	98	GCA_051107505.1_derv_pol	78778689	78782065
NC_027117.1_pol_8	gb|CM117830.1|	53764400	53762047	minus	81.372	98	GCA_051107505.1_derv_pol	53761547	53764900
NC_001514.1_complete	gb|CM117830.1|	53766469	53762050	minus	74.983	50	GCA_051107505.1_smrv_complete	53761550	53766969
NC_027117.1_pol_8	gb|CM117830.1|	62792856	62790488	minus	81.589	98	GCA_051107505.1_derv_pol	62789988	62793356
NC_027117.1_pol_8	gb|CM117831.1|	29484622	29482250	minus	82.036	98	GCA_051107505.1_derv_pol	29481750	29485122
NC_027117.1_complete	gb|CM117831.1|	30820459	30825722	plus	78.67	50	GCA_051107505.1_derv_complete	30819959	30826222
NC_027117.1_pol_8	gb|CM117831.1|	30821740	30824113	plus	82.093	98	GCA_051107505.1_derv_pol	30821240	30824613
NC_027117.1_complete	gb|CM117831.1|	44320996	44315733	minus	78.726	50	GCA_051107505.1_derv_complete	44315233	44321496
NC_027117.1_pol_8	gb|CM117831.1|	44319715	44317342	minus	82.254	98	GCA_051107505.1_derv_pol	44316842	44320215
NC_027117.1_pol_8	gb|CM117831.1|	70701697	70699324	minus	81.707	98	GCA_051107505.1_derv_pol	70698824	70702197
NC_027117.1_pol_8	gb|CM117832.1|	45372206	45374581	plus	80.781	98	GCA_051107505.1_derv_pol	45371706	45375081
NC_027117.1_pol_8	gb|CM117833.1|	27655653	27658021	plus	81.436	98	GCA_051107505.1_derv_pol	27655153	27658521
NC_001514.1_env_11	gb|CM117834.1|	39009273	39008938	minus	74.852	59	GCA_051107505.1_smrv_env	39008438	39009773
NC_027117.1_pol_8	gb|CM117834.1|	66434136	66436507	plus	81.891	98	GCA_051107505.1_derv_pol	66433636	66437007
NC_027117.1_pol_8	gb|CM117834.1|	69142959	69141269	minus	83.117	98	GCA_051107505.1_derv_pol	69140769	69143459
NC_027117.1_pol_8	gb|CM117834.1|	75224663	75222294	minus	81.841	98	GCA_051107505.1_derv_pol	75221794	75225163
NC_027117.1_complete	gb|CM117834.1|	111139144	111144406	plus	78.67	50	GCA_051107505.1_derv_complete	111138644	111144906
NC_027117.1_pol_8	gb|CM117834.1|	111140425	111142798	plus	82.128	98	GCA_051107505.1_derv_pol	111139925	111143298
NC_027117.1_pol_8	gb|CM117834.1|	142982777	142980402	minus	81.704	98	GCA_051107505.1_derv_pol	142979902	142983277
NC_027117.1_pol_8	gb|CM117835.1|	2266087	2268462	plus	81.662	98	GCA_051107505.1_derv_pol	2265587	2268962
NC_027117.1_pol_8	gb|CM117837.1|	108401367	108399487	minus	81.237	98	GCA_051107545.1_derv_pol	108398987	108401867
NC_027117.1_LTR_1	gb|CM117837.1|	152409607	152409997	plus	93.893	100	GCA_051107545.1_derv_ltr	152409107	152410497
NC_027117.1_LTR_12	gb|CM117837.1|	152410569	152411413	plus	87.427	55	GCA_051107545.1_derv_ltr	152410069	152411913
NC_027117.1_pol_8	gb|CM117837.1|	190616010	190613638	minus	81.715	98	GCA_051107545.1_derv_pol	190613138	190616510
NC_027117.1_pol_8	gb|CM117838.1|	38251320	38248947	minus	82.296	98	GCA_051107545.1_derv_pol	38248447	38251820
NC_027117.1_pol_8	gb|CM117838.1|	84172464	84170091	minus	82.101	98	GCA_051107545.1_derv_pol	84169591	84172964
NC_027117.1_pol_8	gb|CM117838.1|	106345509	106343135	minus	82.143	98	GCA_051107545.1_derv_pol	106342635	106346009
NC_027117.1_pol_8	gb|CM117839.1|	57061484	57063179	plus	82.471	98	GCA_051107545.1_derv_pol	57060984	57063679
NC_027117.1_complete	gb|CM117839.1|	74386879	74381616	minus	78.491	50	GCA_051107545.1_derv_complete	74381116	74387379
NC_027117.1_pol_8	gb|CM117839.1|	74385598	74383225	minus	81.864	98	GCA_051107545.1_derv_pol	74382725	74386098
NC_027117.1_pol_8	gb|CM117839.1|	102860579	102862335	plus	82.386	98	GCA_051107545.1_derv_pol	102860079	102862835
NC_027117.1_pol_8	gb|CM117839.1|	123187063	123185356	minus	82.428	98	GCA_051107545.1_derv_pol	123184856	123187563
NC_027117.1_complete	gb|CM117840.1|	78248948	78243485	minus	78.193	52	GCA_051107545.1_derv_complete	78242985	78249448
NC_027117.1_pol_8	gb|CM117840.1|	78247667	78245294	minus	81.925	98	GCA_051107545.1_derv_pol	78244794	78248167
NC_027117.1_pol_8	gb|CM117840.1|	83195242	83197597	plus	81.626	98	GCA_051107545.1_derv_pol	83194742	83198097
NC_027117.1_pol_8	gb|CM117840.1|	119580508	119578135	minus	82.17	98	GCA_051107545.1_derv_pol	119577635	119581008
NC_027117.1_pol_8	gb|CM117841.1|	58014045	58016419	plus	81.78	98	GCA_051107545.1_derv_pol	58013545	58016919
NC_027117.1_pol_8	gb|CM117841.1|	66370238	66371939	plus	83.294	98	GCA_051107545.1_derv_pol	66369738	66372439
NC_027117.1_complete	gb|CM117841.1|	126730587	126724816	minus	77.508	55	GCA_051107545.1_derv_complete	126724316	126731087
NC_027117.1_pol_8	gb|CM117841.1|	126729306	126726935	minus	81.96	98	GCA_051107545.1_derv_pol	126726435	126729806
NC_027117.1_pol_8	gb|CM117841.1|	137806814	137809183	plus	81.94	98	GCA_051107545.1_derv_pol	137806314	137809683
NC_001514.1_complete	gb|CM117841.1|	151950817	151955255	plus	74.427	51	GCA_051107545.1_smrv_complete	151950317	151955755
NC_027117.1_pol_8	gb|CM117841.1|	151952909	151955259	plus	80.405	98	GCA_051107545.1_derv_pol	151952409	151955759
NC_027117.1_pol_8	gb|CM117841.1|	158065840	158068211	plus	81.883	98	GCA_051107545.1_derv_pol	158065340	158068711
NC_027117.1_pol_8	gb|CM117841.1|	160836550	160834177	minus	81.436	98	GCA_051107545.1_derv_pol	160833677	160837050
NC_027117.1_pol_8	gb|CM117841.1|	162291032	162293402	plus	82.002	98	GCA_051107545.1_derv_pol	162290532	162293902
NC_027117.1_pol_8	gb|CM117841.1|	162638053	162636346	minus	82.896	98	GCA_051107545.1_derv_pol	162635846	162638553
NC_027117.1_pol_8	gb|CM117843.1|	100758156	100759526	plus	81.336	98	GCA_051107545.1_derv_pol	100757656	100760026
NC_027117.1_pol_8	gb|CM117843.1|	104185335	104182962	minus	82.254	98	GCA_051107545.1_derv_pol	104182462	104185835
NC_027117.1_complete	gb|CM117844.1|	31988017	31982754	minus	78.745	50	GCA_051107545.1_derv_complete	31982254	31988517
NC_027117.1_pol_8	gb|CM117844.1|	31986736	31984363	minus	82.128	98	GCA_051107545.1_derv_pol	31983863	31987236
NC_027117.1_pol_8	gb|CM117844.1|	47067474	47066131	minus	83.37	98	GCA_051107545.1_derv_pol	47065631	47067974
NC_001514.1_complete	gb|CM117844.1|	71168836	71173263	plus	76.015	50	GCA_051107545.1_smrv_complete	71168336	71173763
NC_027117.1_pol_8	gb|CM117844.1|	71170912	71173284	plus	82.212	98	GCA_051107545.1_derv_pol	71170412	71173784
NC_027117.1_pol_8	gb|CM117844.1|	77922774	77920401	minus	81.94	98	GCA_051107545.1_derv_pol	77919901	77923274
NC_027117.1_pol_8	gb|CM117844.1|	143521617	143523322	plus	82.817	98	GCA_051107545.1_derv_pol	143521117	143523822
NC_027117.1_pol_8	gb|CM117845.1|	15528480	15530853	plus	82.044	98	GCA_051107545.1_derv_pol	15527980	15531353
NC_027117.1_pol_8	gb|CM117845.1|	60113414	60111041	minus	81.612	98	GCA_051107545.1_derv_pol	60110541	60113914
NC_027117.1_pol_8	gb|CM117845.1|	66523192	66520818	minus	81.757	98	GCA_051107545.1_derv_pol	66520318	66523692
NC_027117.1_pol_8	gb|CM117846.1|	78625664	78623288	minus	81.94	98	GCA_051107545.1_derv_pol	78622788	78626164
NC_027117.1_pol_8	gb|CM117847.1|	53765143	53762790	minus	81.372	98	GCA_051107545.1_derv_pol	53762290	53765643
NC_001514.1_complete	gb|CM117847.1|	53767223	53762793	minus	75.139	50	GCA_051107545.1_smrv_complete	53762293	53767723
NC_027117.1_pol_8	gb|CM117847.1|	62801387	62799019	minus	81.589	98	GCA_051107545.1_derv_pol	62798519	62801887
NC_027117.1_pol_8	gb|CM117848.1|	29511500	29509136	minus	82.236	98	GCA_051107545.1_derv_pol	29508636	29512000
NC_027117.1_pol_8	gb|CM117848.1|	71081356	71078982	minus	81.841	98	GCA_051107545.1_derv_pol	71078482	71081856
NC_027117.1_pol_8	gb|CM117849.1|	46614129	46616503	plus	81.318	98	GCA_051107545.1_derv_pol	46613629	46617003
NC_027117.1_pol_8	gb|CM117850.1|	27701829	27704197	plus	81.436	98	GCA_051107545.1_derv_pol	27701329	27704697
NC_001514.1_complete	gb|CM117851.1|	11269865	11274280	plus	76.978	50	GCA_051107565.1_smrv_complete	11269365	11274780
NC_027117.1_LTR_12	gb|CM117851.1|	92744900	92744053	minus	87.324	55	GCA_051107565.1_derv_ltr	92743553	92745400
NC_027117.1_LTR_1	gb|CM117851.1|	92745842	92745455	minus	93.367	100	GCA_051107565.1_derv_ltr	92744955	92746342
NC_001514.1_env_11	gb|CM117851.1|	114662341	114661907	minus	76.43	78	GCA_051107565.1_smrv_env	114661407	114662841
NC_001514.1_env_8	gb|CM117851.1|	199974793	199975913	plus	72.169	65	GCA_051107565.1_smrv_env	199974293	199976413
NC_001514.1_env_11	gb|CM117851.1|	199975472	199975913	plus	76.577	78	GCA_051107565.1_smrv_env	199974972	199976413
NC_001514.1_env_11	gb|CM117852.1|	74003029	74002582	minus	77.283	79	GCA_051107565.1_smrv_env	74002082	74003529
NC_001514.1_env_11	gb|CM117852.1|	77909332	77909773	plus	77.652	79	GCA_051107565.1_smrv_env	77908832	77910273
NC_001514.1_pol_6	gb|CM117852.1|	81671414	81673744	plus	77.288	97	GCA_051107565.1_smrv_pol	81670914	81674244
NC_001514.1_pol_6	gb|CM117852.1|	105843088	105840758	minus	77.597	97	GCA_051107565.1_smrv_pol	105840258	105843588
NC_001514.1_complete	gb|CM117852.1|	105845191	105840758	minus	77.479	50	GCA_051107565.1_smrv_complete	105840258	105845691
NC_001514.1_env_8	gb|CM117852.1|	107401863	107400769	minus	72.735	63	GCA_051107565.1_smrv_env	107400269	107402363
NC_001514.1_env_11	gb|CM117852.1|	107401216	107400769	minus	77.283	79	GCA_051107565.1_smrv_env	107400269	107401716
NC_001514.1_env_11	gb|CM117852.1|	107460542	107460095	minus	77.06	79	GCA_051107565.1_smrv_env	107459595	107461042
NC_001514.1_env_8	gb|CM117852.1|	127598923	127600012	plus	72.875	63	GCA_051107565.1_smrv_env	127598423	127600512
NC_001514.1_env_11	gb|CM117852.1|	127599571	127600012	plus	76.298	79	GCA_051107565.1_smrv_env	127599071	127600512
NC_001514.1_env_11	gb|CM117852.1|	202740870	202740437	minus	77.011	79	GCA_051107565.1_smrv_env	202739937	202741370
NC_001514.1_env_11	gb|CM117853.1|	42544752	42544427	minus	79.755	79	GCA_051107565.1_smrv_env	42543927	42545252
NC_001514.1_env_11	gb|CM117853.1|	104987244	104986797	minus	75.61	79	GCA_051107565.1_smrv_env	104986297	104987744
NC_001514.1_pol_6	gb|CM117854.1|	53655009	53652680	minus	77.417	97	GCA_051107565.1_smrv_pol	53652180	53655509
NC_001514.1_complete	gb|CM117855.1|	132144	136574	plus	77.455	50	GCA_051107565.1_smrv_complete	131644	137074
NC_001514.1_env_11	gb|CM117855.1|	92277573	92277134	minus	77.324	79	GCA_051107565.1_smrv_env	92276634	92278073
NC_001514.1_complete	gb|CM117855.1|	120233573	120229145	minus	77.081	50	GCA_051107565.1_smrv_complete	120228645	120234073
NC_001514.1_complete	gb|CM117855.1|	120313361	120317789	plus	77.009	50	GCA_051107565.1_smrv_complete	120312861	120318289
NC_001514.1_pol_6	gb|CM117855.1|	127302290	127299960	minus	77.084	97	GCA_051107565.1_smrv_pol	127299460	127302790
NC_001514.1_env_11	gb|CM117855.1|	155371537	155371975	plus	76.975	79	GCA_051107565.1_smrv_env	155371037	155372475
NC_001514.1_pol_6	gb|CM117855.1|	159319507	159317175	minus	77.114	97	GCA_051107565.1_smrv_pol	159316675	159320007
NC_001514.1_complete	gb|CM117855.1|	159321612	159317175	minus	77.186	50	GCA_051107565.1_smrv_complete	159316675	159322112
NC_001514.1_complete	gb|CM117855.1|	162572002	162576437	plus	77.36	50	GCA_051107565.1_smrv_complete	162571502	162576937
NC_001514.1_env_8	gb|CM117855.1|	164783376	164782284	minus	72.719	63	GCA_051107565.1_smrv_env	164781784	164783876
NC_001514.1_env_11	gb|CM117855.1|	164782728	164782284	minus	77.06	79	GCA_051107565.1_smrv_env	164781784	164783228
NC_001514.1_env_8	gb|CM117855.1|	172439332	172440422	plus	72.423	63	GCA_051107565.1_smrv_env	172438832	172440922
NC_001514.1_env_11	gb|CM117855.1|	172439981	172440422	plus	77.878	79	GCA_051107565.1_smrv_env	172439481	172440922
NC_001514.1_complete	gb|CM117856.1|	25444693	25440261	minus	77.367	50	GCA_051107565.1_smrv_complete	25439761	25445193
NC_001514.1_pol_6	gb|CM117856.1|	49483181	49485511	plus	77.417	97	GCA_051107565.1_smrv_pol	49482681	49486011
NC_001514.1_env_11	gb|CM117856.1|	58966629	58967092	plus	77.634	82	GCA_051107565.1_smrv_env	58966129	58967592
NC_027117.1_complete	gb|CM117858.1|	17056870	17050645	minus	76.609	59	GCA_051107565.1_derv_complete	17050145	17057370
NC_001514.1_pol_6	gb|CM117858.1|	17054726	17052396	minus	77.383	97	GCA_051107565.1_smrv_pol	17051896	17055226
NC_001514.1_complete	gb|CM117858.1|	17056828	17052396	minus	77.526	50	GCA_051107565.1_smrv_complete	17051896	17057328
NC_027117.1_gag_4	gb|CM117858.1|	17056870	17055749	minus	76.527	51	GCA_051107565.1_derv_gag	17055249	17057370
NC_001514.1_env_8	gb|CM117860.1|	35960172	35961309	plus	72.68	66	GCA_051107565.1_smrv_env	35959672	35961809
NC_001514.1_env_11	gb|CM117860.1|	35960821	35961309	plus	76.22	86	GCA_051107565.1_smrv_env	35960321	35961809
NC_001514.1_pol_6	gb|CM117860.1|	44184771	44182441	minus	77.417	97	GCA_051107565.1_smrv_pol	44181941	44185271
NC_001514.1_env_11	gb|CM117860.1|	47954078	47954527	plus	76.275	86	GCA_051107565.1_smrv_env	47953578	47955027
NC_001514.1_env_11	gb|CM117860.1|	50229055	50228608	minus	77.06	86	GCA_051107565.1_smrv_env	50228108	50229555
NC_001514.1_env_11	gb|CM117860.1|	62238376	62237929	minus	76.94	86	GCA_051107565.1_smrv_env	62237429	62238876
NC_001514.1_pol_6	gb|CM117860.1|	107626464	107624134	minus	77.203	97	GCA_051107565.1_smrv_pol	107623634	107626964
NC_001514.1_complete	gb|CM117860.1|	107628567	107624134	minus	77.347	50	GCA_051107565.1_smrv_complete	107623634	107629067
NC_001514.1_complete	gb|CM117861.1|	25026043	25030476	plus	77.044	50	GCA_051107565.1_smrv_complete	25025543	25030976
NC_001514.1_env_8	gb|CM117862.1|	57624739	57623653	minus	72.777	63	GCA_051107565.1_smrv_env	57623153	57625239
NC_001514.1_env_11	gb|CM117862.1|	57624100	57623653	minus	77.111	79	GCA_051107565.1_smrv_env	57623153	57624600
NC_001514.1_env_11	gb|CM117864.1|	25168718	25169173	plus	77.088	82	GCA_051107565.1_smrv_env	25168218	25169673
NC_001514.1_gag_2	gb|CM117865.1|	44156518	44157630	plus	75.64	50	GCA_051107565.1_smrv_gag	44156018	44158130
NC_001514.1_complete	gb|CM117865.1|	44156518	44160975	plus	75.122	51	GCA_051107565.1_smrv_complete	44156018	44161475
NC_001514.1_env_11	gb|CM117865.1|	51168926	51168479	minus	77.728	82	GCA_051107565.1_smrv_env	51167979	51169426
NC_001514.1_env_11	gb|CM117865.1|	62711573	62712014	plus	76.298	82	GCA_051107565.1_smrv_env	62711073	62712514
NC_001514.1_env_11	gb|CM117865.1|	90447815	90447368	minus	77.951	82	GCA_051107565.1_smrv_env	90446868	90448315
NC_001514.1_complete	gb|CM117865.1|	112751136	112755572	plus	76.806	51	GCA_051107565.1_smrv_complete	112750636	112756072
NC_001514.1_env_8	gb|CM117865.1|	112792797	112793884	plus	72.414	63	GCA_051107565.1_smrv_env	112792297	112794384
NC_001514.1_env_11	gb|CM117865.1|	112793429	112793884	plus	76.035	82	GCA_051107565.1_smrv_env	112792929	112794384
NC_001514.1_complete	gb|CM117865.1|	113168566	113164129	minus	76.433	51	GCA_051107565.1_smrv_complete	113163629	113169066
NC_001514.1_complete	gb|CM117865.1|	114211344	114215779	plus	76.732	51	GCA_051107565.1_smrv_complete	114210844	114216279
NC_001514.1_complete	gb|CM117865.1|	126081265	126076867	minus	76.691	51	GCA_051107565.1_smrv_complete	126076367	126081765
NC_001514.1_complete	gb|CM117865.1|	138884527	138888967	plus	76.928	51	GCA_051107565.1_smrv_complete	138884027	138889467
NC_001514.1_complete	gb|CM117866.1|	3961665	3957245	minus	77.273	50	GCA_051107565.1_smrv_complete	3956745	3962165
NC_027117.1_gag_4	gb|CM117866.1|	16736962	16738084	plus	76.24	52	GCA_051107565.1_derv_gag	16736462	16738584
NC_027117.1_complete	gb|CM117866.1|	16736962	16743184	plus	76.509	59	GCA_051107565.1_derv_complete	16736462	16743684
NC_001514.1_complete	gb|CM117866.1|	16737003	16741432	plus	77.318	50	GCA_051107565.1_smrv_complete	16736503	16741932
NC_001514.1_complete	gb|CM117868.1|	11790755	11795170	plus	77.023	50	GCA_051107595.1_smrv_complete	11790255	11795670
NC_027117.1_LTR_12	gb|CM117868.1|	93288177	93287330	minus	87.324	55	GCA_051107595.1_derv_ltr	93286830	93288677
NC_027117.1_LTR_1	gb|CM117868.1|	93289119	93288732	minus	93.367	100	GCA_051107595.1_derv_ltr	93288232	93289619
NC_001514.1_env_11	gb|CM117868.1|	115252839	115252398	minus	76.126	78	GCA_051107595.1_smrv_env	115251898	115253339
NC_001514.1_pol_6	gb|CM117868.1|	215386418	215388748	plus	77.417	97	GCA_051107595.1_smrv_pol	215385918	215389248
NC_001514.1_env_11	gb|CM117869.1|	73703318	73702878	minus	77.602	79	GCA_051107595.1_smrv_env	73702378	73703818
NC_001514.1_pol_6	gb|CM117869.1|	102258726	102261056	plus	77.203	97	GCA_051107595.1_smrv_pol	102258226	102261556
NC_001514.1_pol_6	gb|CM117869.1|	103935866	103933536	minus	77.555	97	GCA_051107595.1_smrv_pol	103933036	103936366
NC_001514.1_complete	gb|CM117869.1|	103937969	103933536	minus	77.457	50	GCA_051107595.1_smrv_complete	103933036	103938469
NC_001514.1_env_8	gb|CM117869.1|	105462878	105461784	minus	72.662	63	GCA_051107595.1_smrv_env	105461284	105463378
NC_001514.1_env_11	gb|CM117869.1|	105462231	105461784	minus	77.506	79	GCA_051107595.1_smrv_env	105461284	105462731
NC_001514.1_env_11	gb|CM117869.1|	105519093	105518646	minus	77.06	79	GCA_051107595.1_smrv_env	105518146	105519593
NC_001514.1_env_11	gb|CM117869.1|	108000911	108000472	minus	77.098	79	GCA_051107595.1_smrv_env	107999972	108001411
NC_001514.1_env_11	gb|CM117869.1|	125550853	125551222	plus	77.005	79	GCA_051107595.1_smrv_env	125550353	125551722
NC_001514.1_env_11	gb|CM117869.1|	200082704	200082271	minus	77.011	79	GCA_051107595.1_smrv_env	200081771	200083204
NC_001514.1_env_11	gb|CM117870.1|	42881784	42881459	minus	79.755	79	GCA_051107595.1_smrv_env	42880959	42882284
NC_001514.1_env_11	gb|CM117870.1|	106109779	106109332	minus	75.61	79	GCA_051107595.1_smrv_env	106108832	106110279
NC_001514.1_pol_6	gb|CM117870.1|	186764030	186761700	minus	77.117	97	GCA_051107595.1_smrv_pol	186761200	186764530
NC_001514.1_complete	gb|CM117870.1|	186766133	186761700	minus	77.28	50	GCA_051107595.1_smrv_complete	186761200	186766633
NC_001514.1_pol_6	gb|CM117871.1|	73815093	73812763	minus	77.117	97	GCA_051107595.1_smrv_pol	73812263	73815593
NC_001514.1_complete	gb|CM117871.1|	73817196	73812763	minus	77.357	50	GCA_051107595.1_smrv_complete	73812263	73817696
NC_001514.1_complete	gb|CM117872.1|	134541	138971	plus	77.41	50	GCA_051107595.1_smrv_complete	134041	139471
NC_001514.1_env_11	gb|CM117872.1|	92187349	92186910	minus	77.324	81	GCA_051107595.1_smrv_env	92186410	92187849
NC_001514.1_complete	gb|CM117872.1|	120055996	120051567	minus	77.126	50	GCA_051107595.1_smrv_complete	120051067	120056496
NC_001514.1_complete	gb|CM117872.1|	120134076	120138505	plus	77.059	50	GCA_051107595.1_smrv_complete	120133576	120139005
NC_001514.1_env_11	gb|CM117872.1|	154032219	154032657	plus	77.027	81	GCA_051107595.1_smrv_env	154031719	154033157
NC_001514.1_pol_6	gb|CM117872.1|	158047183	158044849	minus	77.156	97	GCA_051107595.1_smrv_pol	158044349	158047683
NC_001514.1_complete	gb|CM117872.1|	158049288	158044849	minus	77.191	50	GCA_051107595.1_smrv_complete	158044349	158049788
NC_001514.1_env_8	gb|CM117872.1|	163454979	163453884	minus	73.022	64	GCA_051107595.1_smrv_env	163453384	163455479
NC_001514.1_env_11	gb|CM117872.1|	163454338	163453884	minus	77.412	81	GCA_051107595.1_smrv_env	163453384	163454838
NC_001514.1_env_8	gb|CM117872.1|	171273828	171274941	plus	73.186	64	GCA_051107595.1_smrv_env	171273328	171275441
NC_001514.1_env_11	gb|CM117872.1|	171274484	171274941	plus	78.214	81	GCA_051107595.1_smrv_env	171273984	171275441
NC_001514.1_complete	gb|CM117873.1|	25348901	25344469	minus	77.367	50	GCA_051107595.1_smrv_complete	25343969	25349401
NC_001514.1_env_11	gb|CM117873.1|	58068223	58068686	plus	77.419	82	GCA_051107595.1_smrv_env	58067723	58069186
NC_001514.1_complete	gb|CM117874.1|	82221134	82225560	plus	77.261	50	GCA_051107595.1_smrv_complete	82220634	82226060
NC_027117.1_complete	gb|CM117875.1|	15388697	15382785	minus	76.823	57	GCA_051107595.1_derv_complete	15382285	15389197
NC_001514.1_pol_6	gb|CM117875.1|	15386866	15384536	minus	77.383	97	GCA_051107595.1_smrv_pol	15384036	15387366
NC_001514.1_env_11	gb|CM117876.1|	57599512	57599946	plus	76.072	78	GCA_051107595.1_smrv_env	57599012	57600446
NC_027117.1_pol_8	gb|CM117877.1|	35902894	35905250	plus	80.288	97	GCA_051107595.1_derv_pol	35902394	35905750
NC_001514.1_env_8	gb|CM117877.1|	35905891	35907028	plus	72.837	66	GCA_051107595.1_smrv_env	35905391	35907528
NC_001514.1_env_11	gb|CM117877.1|	35906540	35907028	plus	76.471	86	GCA_051107595.1_smrv_env	35906040	35907528
NC_001514.1_env_8	gb|CM117877.1|	47884576	47885570	plus	72.844	66	GCA_051107595.1_smrv_env	47884076	47886070
NC_001514.1_env_11	gb|CM117877.1|	47885121	47885570	plus	77.162	86	GCA_051107595.1_smrv_env	47884621	47886070
NC_001514.1_env_11	gb|CM117877.1|	50173979	50173532	minus	77.06	86	GCA_051107595.1_smrv_env	50173032	50174479
NC_001514.1_env_8	gb|CM117877.1|	62282826	62283752	plus	73.155	66	GCA_051107595.1_smrv_env	62282326	62284252
NC_001514.1_env_11	gb|CM117877.1|	62283311	62283752	plus	76.975	86	GCA_051107595.1_smrv_env	62282811	62284252
NC_001514.1_complete	gb|CM117878.1|	25029302	25033735	plus	77.133	50	GCA_051107595.1_smrv_complete	25028802	25034235
NC_001514.1_env_11	gb|CM117878.1|	48352993	48353306	plus	79.618	55	GCA_051107595.1_smrv_env	48352493	48353806
NC_001514.1_env_8	gb|CM117879.1|	57319865	57318754	minus	72.291	64	GCA_051107595.1_smrv_env	57318254	57320365
NC_001514.1_env_11	gb|CM117879.1|	57319225	57318754	minus	76.632	83	GCA_051107595.1_smrv_env	57318254	57319725
NC_001514.1_env_11	gb|CM117880.1|	47712811	47712493	minus	78.947	57	GCA_051107595.1_smrv_env	47711993	47713311
NC_001514.1_env_11	gb|CM117881.1|	24846013	24846468	plus	77.088	82	GCA_051107595.1_smrv_env	24845513	24846968
NC_027117.1_pol_8	gb|CM119436.1|	250766042	250764632	minus	87.323	100	GCA_051307085.1_derv_pol	250764132	250766542
NC_027117.1_env_10	gb|CM119436.1|	272162776	272161061	minus	88.831	97	GCA_051307085.1_derv_env	272160561	272163276
NC_027117.1_complete	gb|CM119436.1|	272167332	272161061	minus	84.812	60	GCA_051307085.1_derv_complete	272160561	272167832
NC_027117.1_pol_8	gb|CM119436.1|	272165222	272162811	minus	89.073	100	GCA_051307085.1_derv_pol	272162311	272165722
NC_001514.1_complete	gb|CM119436.1|	272167304	272162866	minus	75.267	50	GCA_051307085.1_smrv_complete	272162366	272167804
NC_027117.1_pol_8	gb|CM119436.1|	300550021	300552398	plus	80.889	100	GCA_051307085.1_derv_pol	300549521	300552898
NC_027117.1_LTR_1	gb|CM119436.1|	520331525	520331915	plus	93.606	100	GCA_051307085.1_derv_ltr	520331025	520332415
NC_027117.1_LTR_12	gb|CM119436.1|	520332478	520333341	plus	86.468	55	GCA_051307085.1_derv_ltr	520331978	520333841
NC_027117.1_complete	gb|CM119436.1|	545499061	545505334	plus	85.048	60	GCA_051307085.1_derv_complete	545498561	545505834
NC_027117.1_pol_8	gb|CM119436.1|	545501168	545503584	plus	89.261	100	GCA_051307085.1_derv_pol	545500668	545504084
NC_027117.1_env_10	gb|CM119436.1|	545503619	545505334	plus	89.005	97	GCA_051307085.1_derv_env	545503119	545505834
NC_027117.1_pol_8	gb|CM119437.1|	3417765	3419175	plus	87.181	99	GCA_051307085.1_derv_pol	3417265	3419675
NC_027117.1_env_10	gb|CM119437.1|	3419227	3420942	plus	88.591	97	GCA_051307085.1_derv_env	3418727	3421442
NC_027117.1_env_10	gb|CM119437.1|	142861710	142860088	minus	90.295	97	GCA_051307085.1_derv_env	142859588	142862210
NC_027117.1_complete	gb|CM119437.1|	142866258	142860088	minus	85.238	59	GCA_051307085.1_derv_complete	142859588	142866758
NC_027117.1_pol_8	gb|CM119437.1|	142864147	142861745	minus	88.995	99	GCA_051307085.1_derv_pol	142861245	142864647
NC_027117.1_complete	gb|CM119438.1|	5744009	5749768	plus	85.574	64	GCA_051307085.1_derv_complete	5743509	5750268
NC_027117.1_pol_8	gb|CM119438.1|	5746116	5748540	plus	89.242	100	GCA_051307085.1_derv_pol	5745616	5749040
NC_027117.1_env_10	gb|CM119438.1|	5748575	5749768	plus	93.078	97	GCA_051307085.1_derv_env	5748075	5750268
NC_027117.1_complete	gb|CM119438.1|	5796960	5803234	plus	85.012	64	GCA_051307085.1_derv_complete	5796460	5803734
NC_027117.1_pol_8	gb|CM119438.1|	5799066	5801483	plus	88.871	100	GCA_051307085.1_derv_pol	5798566	5801983
NC_027117.1_env_10	gb|CM119438.1|	5801518	5803234	plus	89.348	97	GCA_051307085.1_derv_env	5801018	5803734
NC_027117.1_pol_8	gb|CM119438.1|	137951270	137952680	plus	87.181	100	GCA_051307085.1_derv_pol	137950770	137953180
NC_027117.1_complete	gb|CM119438.1|	146120642	146114796	minus	80.129	64	GCA_051307085.1_derv_complete	146114296	146121142
NC_027117.1_pol_8	gb|CM119438.1|	146119346	146116999	minus	83.794	100	GCA_051307085.1_derv_pol	146116499	146119846
NC_027117.1_pol_8	gb|CM119439.1|	84385012	84386850	plus	84.528	95	GCA_051307085.1_derv_pol	84384512	84387350
NC_027117.1_pol_8	gb|CM119439.1|	123297538	123296128	minus	87.323	95	GCA_051307085.1_derv_pol	123295628	123298038
NC_027117.1_pol_8	gb|CM119439.1|	125958731	125960980	plus	89.16	95	GCA_051307085.1_derv_pol	125958231	125961480
NC_027117.1_env_10	gb|CM119440.1|	104883598	104881884	minus	88.992	97	GCA_051307085.1_derv_env	104881384	104884098
NC_027117.1_complete	gb|CM119440.1|	104888134	104881884	minus	84.535	60	GCA_051307085.1_derv_complete	104881384	104888634
NC_027117.1_pol_8	gb|CM119440.1|	104886024	104883633	minus	88.369	99	GCA_051307085.1_derv_pol	104883133	104886524
NC_027117.1_env_10	gb|CM119440.1|	135176005	135174291	minus	88.947	97	GCA_051307085.1_derv_env	135173791	135176505
NC_027117.1_complete	gb|CM119440.1|	135180562	135174291	minus	84.932	60	GCA_051307085.1_derv_complete	135173791	135181062
NC_027117.1_pol_8	gb|CM119440.1|	135178454	135176040	minus	89.28	99	GCA_051307085.1_derv_pol	135175540	135178954
NC_027117.1_complete	gb|CM119441.1|	34451897	34457360	plus	80.571	52	GCA_051307085.1_derv_complete	34451397	34457860
NC_027117.1_pol_8	gb|CM119441.1|	34453190	34455538	plus	83.517	97	GCA_051307085.1_derv_pol	34452690	34456038
NC_027117.1_pol_8	gb|CM119442.1|	41097895	41096486	minus	87.332	58	GCA_051307085.1_derv_pol	41095986	41098395
NC_027117.1_complete	gb|CM119443.1|	44800732	44806994	plus	84.689	60	GCA_051307085.1_derv_complete	44800232	44807494
NC_027117.1_pol_8	gb|CM119443.1|	44802827	44805245	plus	89.008	100	GCA_051307085.1_derv_pol	44802327	44805745
NC_027117.1_env_10	gb|CM119443.1|	44805280	44806994	plus	88.585	97	GCA_051307085.1_derv_env	44804780	44807494
NC_027117.1_env_10	gb|CM119443.1|	68412501	68414216	plus	89.808	97	GCA_051307085.1_derv_env	68412001	68414716
NC_027117.1_pol_8	gb|CM119444.1|	22508913	22510779	plus	84.439	97	GCA_051307085.1_derv_pol	22508413	22511279
NC_027117.1_complete	gb|CM119444.1|	59937285	59931450	minus	80.024	56	GCA_051307085.1_derv_complete	59930950	59937785
NC_027117.1_pol_8	gb|CM119444.1|	59936002	59933655	minus	83.915	97	GCA_051307085.1_derv_pol	59933155	59936502
NC_027117.1_pol_8	gb|CM119445.1|	56752390	56753817	plus	87.054	100	GCA_051307085.1_derv_pol	56751890	56754317
NC_027117.1_env_10	gb|CM119445.1|	56753852	56755567	plus	88.882	97	GCA_051307085.1_derv_env	56753352	56756067
NC_027117.1_env_10	gb|CM119445.1|	246102956	246101241	minus	89.063	97	GCA_051307085.1_derv_env	246100741	246103456
NC_027117.1_complete	gb|CM119445.1|	246107516	246101241	minus	85.029	60	GCA_051307085.1_derv_complete	246100741	246108016
NC_027117.1_pol_8	gb|CM119445.1|	246105405	246102991	minus	89.321	100	GCA_051307085.1_derv_pol	246102491	246105905
NC_027117.1_pol_8	gb|CM119445.1|	266314289	266315716	plus	87.404	100	GCA_051307085.1_derv_pol	266313789	266316216
NC_027117.1_pol_8	gb|CM119445.1|	273518623	273520034	plus	87.049	100	GCA_051307085.1_derv_pol	273518123	273520534
NC_027117.1_pol_8	gb|CM119445.1|	279523274	279521864	minus	87.394	100	GCA_051307085.1_derv_pol	279521364	279523774
NC_027117.1_pol_8	gb|CM119445.1|	279559094	279557684	minus	87.394	100	GCA_051307085.1_derv_pol	279557184	279559594
NC_027117.1_pol_8	gb|CM119445.1|	284373655	284371282	minus	81.436	100	GCA_051307085.1_derv_pol	284370782	284374155
NC_027117.1_complete	gb|CM119445.1|	297103362	297109636	plus	84.834	60	GCA_051307085.1_derv_complete	297102862	297110136
NC_027117.1_pol_8	gb|CM119445.1|	297105469	297107885	plus	89.004	100	GCA_051307085.1_derv_pol	297104969	297108385
NC_027117.1_env_10	gb|CM119445.1|	297107920	297109636	plus	88.831	97	GCA_051307085.1_derv_env	297107420	297110136
NC_027117.1_pol_8	gb|CM119445.1|	300062737	300061327	minus	86.898	100	GCA_051307085.1_derv_pol	300060827	300063237
NC_027117.1_gag_4	gb|CM119446.1|	89312619	89314448	plus	88.578	84	GCA_051307075.1_derv_gag	89312119	89314948
NC_027117.1_LTR_1	gb|CM119446.1|	136412959	136413354	plus	90.68	100	GCA_051307075.1_derv_ltr	136412459	136413854
NC_027117.1_LTR_12	gb|CM119446.1|	136413922	136414771	plus	90.141	55	GCA_051307075.1_derv_ltr	136413422	136415271
NC_027117.1_complete	gb|CM119447.1|	19563989	19557800	minus	90.564	59	GCA_051307075.1_derv_complete	19557300	19564489
NC_027117.1_pol_8	gb|CM119447.1|	19560257	19557843	minus	92.18	99	GCA_051307075.1_derv_pol	19557343	19560757
NC_027117.1_gag_4	gb|CM119447.1|	19563441	19561249	minus	90.424	100	GCA_051307075.1_derv_gag	19560749	19563941
NC_027117.1_complete	gb|CM119447.1|	68492923	68486740	minus	90.83	59	GCA_051307075.1_derv_complete	68486240	68493423
NC_027117.1_pol_8	gb|CM119447.1|	68489197	68486783	minus	92.098	99	GCA_051307075.1_derv_pol	68486283	68489697
NC_027117.1_gag_4	gb|CM119447.1|	68492376	68490189	minus	90.585	100	GCA_051307075.1_derv_gag	68489689	68492876
NC_027117.1_gag_4	gb|CM119447.1|	202525733	202527235	plus	89.428	100	GCA_051307075.1_derv_gag	202525233	202527735
NC_027117.1_env_10	gb|CM119447.1|	202528692	202530302	plus	92.494	91	GCA_051307075.1_derv_env	202528192	202530802
NC_027117.1_env_10	gb|CM119447.1|	207669254	207668264	minus	93.051	91	GCA_051307075.1_derv_env	207667764	207669754
NC_027117.1_env_10	gb|CM119448.1|	74005048	74003440	minus	92.795	91	GCA_051307075.1_derv_env	74002940	74005548
NC_027117.1_complete	gb|CM119448.1|	74011448	74005142	minus	91.008	60	GCA_051307075.1_derv_complete	74004642	74011948
NC_027117.1_pol_8	gb|CM119448.1|	74007723	74005310	minus	92.18	99	GCA_051307075.1_derv_pol	74004810	74008223
NC_027117.1_gag_4	gb|CM119448.1|	74010901	74008715	minus	90.947	100	GCA_051307075.1_derv_gag	74008215	74011401
NC_027117.1_env_10	gb|CM119448.1|	105587841	105586235	minus	95.769	91	GCA_051307075.1_derv_env	105585735	105588341
NC_027117.1_pol_8	gb|CM119448.1|	114068217	114070642	plus	79.688	99	GCA_051307075.1_derv_pol	114067717	114071142
NC_001514.1_pol_6	gb|CM119448.1|	114068244	114070578	plus	75.329	97	GCA_051307075.1_smrv_pol	114067744	114071078
NC_027117.1_env_10	gb|CM119448.1|	127877737	127876127	minus	94.913	91	GCA_051307075.1_derv_env	127875627	127878237
NC_027117.1_gag_4	gb|CM119448.1|	181868904	181870060	plus	90.925	100	GCA_051307075.1_derv_gag	181868404	181870560
NC_027117.1_env_10	gb|CM119448.1|	197733636	197732028	minus	92.671	91	GCA_051307075.1_derv_env	197731528	197734136
NC_027117.1_complete	gb|CM119448.1|	197740045	197733730	minus	90.607	60	GCA_051307075.1_derv_complete	197733230	197740545
NC_027117.1_pol_8	gb|CM119448.1|	197736312	197733898	minus	92.094	99	GCA_051307075.1_derv_pol	197733398	197736812
NC_027117.1_gag_4	gb|CM119448.1|	197739496	197737304	minus	90.196	100	GCA_051307075.1_derv_gag	197736804	197739996
NC_027117.1_env_10	gb|CM119448.1|	210068586	210066978	minus	92.609	91	GCA_051307075.1_derv_env	210066478	210069086
NC_027117.1_gag_4	gb|CM119448.1|	210071668	210069750	minus	90.307	100	GCA_051307075.1_derv_gag	210069250	210072168
NC_027117.1_complete	gb|CM119450.1|	137493305	137487118	minus	90.693	59	GCA_051307075.1_derv_complete	137486618	137493805
NC_027117.1_pol_8	gb|CM119450.1|	137489575	137487161	minus	92.222	99	GCA_051307075.1_derv_pol	137486661	137490075
NC_027117.1_gag_4	gb|CM119450.1|	137492759	137490567	minus	90.561	100	GCA_051307075.1_derv_gag	137490067	137493259
NC_027117.1_complete	gb|CM119451.1|	32574600	32568410	minus	90.487	59	GCA_051307075.1_derv_complete	32567910	32575100
NC_027117.1_pol_8	gb|CM119451.1|	32570867	32568453	minus	92.015	100	GCA_051307075.1_derv_pol	32567953	32571367
NC_027117.1_gag_4	gb|CM119451.1|	32574050	32571859	minus	90.105	100	GCA_051307075.1_derv_gag	32571359	32574550
NC_027117.1_complete	gb|CM119451.1|	81709170	81702989	minus	90.862	59	GCA_051307075.1_derv_complete	81702489	81709670
NC_027117.1_pol_8	gb|CM119451.1|	81705446	81703032	minus	92.139	100	GCA_051307075.1_derv_pol	81702532	81705946
NC_027117.1_gag_4	gb|CM119451.1|	81708624	81706438	minus	90.718	100	GCA_051307075.1_derv_gag	81705938	81709124
NC_027117.1_complete	gb|CM119451.1|	120133840	120140028	plus	90.756	59	GCA_051307075.1_derv_complete	120133340	120140528
NC_027117.1_gag_4	gb|CM119451.1|	120134388	120136580	plus	90.652	100	GCA_051307075.1_derv_gag	120133888	120137080
NC_027117.1_pol_8	gb|CM119451.1|	120137569	120139986	plus	91.901	100	GCA_051307075.1_derv_pol	120137069	120140486
NC_027117.1_complete	gb|CM119452.1|	74866794	74872948	plus	90.916	59	GCA_051307075.1_derv_complete	74866294	74873448
NC_027117.1_gag_4	gb|CM119452.1|	74867341	74869527	plus	90.722	100	GCA_051307075.1_derv_gag	74866841	74870027
NC_027117.1_pol_8	gb|CM119452.1|	74870516	74872933	plus	92.146	100	GCA_051307075.1_derv_pol	74870016	74873433
NC_027117.1_gag_4	gb|CM119452.1|	102426020	102427119	plus	75.156	100	GCA_051307075.1_derv_gag	102425520	102427619
NC_027117.1_complete	gb|CM119453.1|	49573288	49579449	plus	90.859	59	GCA_051307075.1_derv_complete	49572788	49579949
NC_027117.1_gag_4	gb|CM119453.1|	49573836	49576028	plus	90.652	100	GCA_051307075.1_derv_gag	49573336	49576528
NC_027117.1_pol_8	gb|CM119453.1|	49577017	49579434	plus	92.228	100	GCA_051307075.1_derv_pol	49576517	49579934
NC_027117.1_complete	gb|CM119454.1|	47610096	47603941	minus	90.861	59	GCA_051307075.1_derv_complete	47603441	47610596
NC_027117.1_pol_8	gb|CM119454.1|	47606374	47603960	minus	92.219	99	GCA_051307075.1_derv_pol	47603460	47606874
NC_027117.1_gag_4	gb|CM119454.1|	47609550	47607366	minus	90.535	100	GCA_051307075.1_derv_gag	47606866	47610050
NC_027117.1_complete	gb|CM119455.1|	34994313	35000615	plus	90.845	60	GCA_051307075.1_derv_complete	34993813	35001115
NC_027117.1_gag_4	gb|CM119455.1|	34994859	34997044	plus	90.489	100	GCA_051307075.1_derv_gag	34994359	34997544
NC_027117.1_pol_8	gb|CM119455.1|	34998033	35000450	plus	92.063	100	GCA_051307075.1_derv_pol	34997533	35000950
NC_027117.1_env_10	gb|CM119455.1|	35000712	35002320	plus	92.857	91	GCA_051307075.1_derv_env	35000212	35002820
NC_027117.1_pol_8	gb|CM119456.1|	34225036	34222622	minus	92.136	99	GCA_051307075.1_derv_pol	34222122	34225536
NC_027117.1_gag_4	gb|CM119456.1|	34228434	34226247	minus	90.768	100	GCA_051307075.1_derv_gag	34225747	34228934
NC_027117.1_env_10	gb|CM119456.1|	54124284	54122676	minus	93.043	91	GCA_051307075.1_derv_env	54122176	54124784
NC_027117.1_complete	gb|CM119456.1|	54130685	54124378	minus	91.433	60	GCA_051307075.1_derv_complete	54123878	54131185
NC_027117.1_pol_8	gb|CM119456.1|	54126960	54124546	minus	92.384	99	GCA_051307075.1_derv_pol	54124046	54127460
NC_027117.1_gag_4	gb|CM119456.1|	54130138	54127951	minus	91.183	100	GCA_051307075.1_derv_gag	54127451	54130638
NC_027117.1_gag_4	gb|CM119457.1|	35705669	35706767	plus	76.161	51	GCA_051307075.1_derv_gag	35705169	35707267
NC_027117.1_pol_8	gb|CM119457.1|	35707767	35710186	plus	80.51	99	GCA_051307075.1_derv_pol	35707267	35710686
NC_027117.1_pol_8	gb|CM119458.1|	37915877	37918284	plus	80.148	99	GCA_051307075.1_derv_pol	37915377	37918784
NC_027117.1_complete	gb|CM119462.1|	86832726	86839015	plus	94.062	60	GCA_051307075.1_derv_complete	86832226	86839515
NC_027117.1_gag_4	gb|CM119462.1|	86833261	86835445	plus	93.507	100	GCA_051307075.1_derv_gag	86832761	86835945
NC_027117.1_pol_8	gb|CM119462.1|	86836434	86838850	plus	95.451	100	GCA_051307075.1_derv_pol	86835934	86839350
NC_027117.1_env_10	gb|CM119462.1|	86839112	86840718	plus	95.146	91	GCA_051307075.1_derv_env	86838612	86841218
NC_027117.1_gag_4	gb|CM119462.1|	109426629	109427712	plus	74.028	100	GCA_051307075.1_derv_gag	109426129	109428212
NC_027117.1_gag_4	gb|CM119464.1|	86630348	86632198	plus	90.119	100	GCA_051307065.1_derv_gag	86629848	86632698
NC_027117.1_LTR_1	gb|CM119464.1|	130375523	130375918	plus	90.68	100	GCA_051307065.1_derv_ltr	130375023	130376418
NC_027117.1_LTR_12	gb|CM119464.1|	130376486	130377335	plus	90.141	55	GCA_051307065.1_derv_ltr	130375986	130377835
NC_027117.1_gag_4	gb|CM119464.1|	167986394	167984202	minus	90.059	100	GCA_051307065.1_derv_gag	167983702	167986894
NC_027117.1_complete	gb|CM119465.1|	18504382	18498180	minus	90.346	60	GCA_051307065.1_derv_complete	18497680	18504882
NC_027117.1_pol_8	gb|CM119465.1|	18500637	18498223	minus	92.139	99	GCA_051307065.1_derv_pol	18497723	18501137
NC_027117.1_gag_4	gb|CM119465.1|	18503833	18501629	minus	89.85	100	GCA_051307065.1_derv_gag	18501129	18504333
NC_027117.1_complete	gb|CM119465.1|	67518091	67511909	minus	90.861	60	GCA_051307065.1_derv_complete	67511409	67518591
NC_027117.1_pol_8	gb|CM119465.1|	67514366	67511952	minus	92.098	99	GCA_051307065.1_derv_pol	67511452	67514866
NC_027117.1_gag_4	gb|CM119465.1|	67517544	67515358	minus	90.581	100	GCA_051307065.1_derv_gag	67514858	67518044
NC_027117.1_env_10	gb|CM119465.1|	186187137	186185529	minus	92.484	91	GCA_051307065.1_derv_env	186185029	186187637
NC_027117.1_complete	gb|CM119465.1|	186193546	186187231	minus	90.736	60	GCA_051307065.1_derv_complete	186186731	186194046
NC_027117.1_pol_8	gb|CM119465.1|	186189813	186187399	minus	92.219	99	GCA_051307065.1_derv_pol	186186899	186190313
NC_027117.1_gag_4	gb|CM119465.1|	186192997	186190805	minus	90.47	100	GCA_051307065.1_derv_gag	186190305	186193497
NC_027117.1_gag_4	gb|CM119465.1|	199627459	199628961	plus	89.428	100	GCA_051307065.1_derv_gag	199626959	199629461
NC_027117.1_env_10	gb|CM119465.1|	199630418	199632028	plus	92.494	91	GCA_051307065.1_derv_env	199629918	199632528
NC_027117.1_env_10	gb|CM119465.1|	204756435	204755445	minus	93.051	91	GCA_051307065.1_derv_env	204754945	204756935
NC_027117.1_env_10	gb|CM119466.1|	74027654	74026046	minus	92.671	91	GCA_051307065.1_derv_env	74025546	74028154
NC_027117.1_complete	gb|CM119466.1|	74034054	74027748	minus	90.975	60	GCA_051307065.1_derv_complete	74027248	74034554
NC_027117.1_pol_8	gb|CM119466.1|	74030329	74027916	minus	92.094	99	GCA_051307065.1_derv_pol	74027416	74030829
NC_027117.1_gag_4	gb|CM119466.1|	74033507	74031321	minus	90.947	100	GCA_051307065.1_derv_gag	74030821	74034007
NC_027117.1_env_10	gb|CM119466.1|	105297954	105296348	minus	95.769	91	GCA_051307065.1_derv_env	105295848	105298454
NC_027117.1_pol_8	gb|CM119466.1|	113786726	113789149	plus	79.754	99	GCA_051307065.1_derv_pol	113786226	113789649
NC_001514.1_pol_6	gb|CM119466.1|	113786753	113789085	plus	75.351	97	GCA_051307065.1_smrv_pol	113786253	113789585
NC_027117.1_env_10	gb|CM119466.1|	126135759	126134149	minus	94.913	91	GCA_051307065.1_derv_env	126133649	126136259
NC_027117.1_complete	gb|CM119466.1|	132424158	132418010	minus	90.768	60	GCA_051307065.1_derv_complete	132417510	132424658
NC_027117.1_pol_8	gb|CM119466.1|	132420439	132418025	minus	91.808	99	GCA_051307065.1_derv_pol	132417525	132420939
NC_027117.1_gag_4	gb|CM119466.1|	132423613	132421431	minus	90.718	100	GCA_051307065.1_derv_gag	132420931	132424113
NC_027117.1_gag_4	gb|CM119466.1|	180070940	180072096	plus	91.098	100	GCA_051307065.1_derv_gag	180070440	180072596
NC_027117.1_env_10	gb|CM119466.1|	195958455	195956847	minus	92.484	91	GCA_051307065.1_derv_env	195956347	195958955
NC_027117.1_complete	gb|CM119466.1|	195964865	195958549	minus	90.703	60	GCA_051307065.1_derv_complete	195958049	195965365
NC_027117.1_pol_8	gb|CM119466.1|	195961131	195958717	minus	92.136	99	GCA_051307065.1_derv_pol	195958217	195961631
NC_027117.1_gag_4	gb|CM119466.1|	195964316	195962123	minus	90.383	100	GCA_051307065.1_derv_gag	195961623	195964816
NC_027117.1_env_10	gb|CM119466.1|	208301106	208299498	minus	92.671	91	GCA_051307065.1_derv_env	208298998	208301606
NC_027117.1_gag_4	gb|CM119466.1|	208304188	208302270	minus	90.412	100	GCA_051307065.1_derv_gag	208301770	208304688
NC_027117.1_complete	gb|CM119468.1|	135015393	135009206	minus	90.693	59	GCA_051307065.1_derv_complete	135008706	135015893
NC_027117.1_pol_8	gb|CM119468.1|	135011663	135009249	minus	92.222	99	GCA_051307065.1_derv_pol	135008749	135012163
NC_027117.1_gag_4	gb|CM119468.1|	135014847	135012655	minus	90.561	100	GCA_051307065.1_derv_gag	135012155	135015347
NC_027117.1_complete	gb|CM119469.1|	30999262	30993072	minus	90.487	59	GCA_051307065.1_derv_complete	30992572	30999762
NC_027117.1_pol_8	gb|CM119469.1|	30995529	30993115	minus	92.015	99	GCA_051307065.1_derv_pol	30992615	30996029
NC_027117.1_gag_4	gb|CM119469.1|	30998712	30996521	minus	90.105	100	GCA_051307065.1_derv_gag	30996021	30999212
NC_027117.1_complete	gb|CM119469.1|	79973396	79967215	minus	90.846	59	GCA_051307065.1_derv_complete	79966715	79973896
NC_027117.1_pol_8	gb|CM119469.1|	79969672	79967258	minus	92.139	99	GCA_051307065.1_derv_pol	79966758	79970172
NC_027117.1_gag_4	gb|CM119469.1|	79972850	79970664	minus	90.672	100	GCA_051307065.1_derv_gag	79970164	79973350
NC_027117.1_complete	gb|CM119471.1|	49564143	49570304	plus	90.859	59	GCA_051307065.1_derv_complete	49563643	49570804
NC_027117.1_gag_4	gb|CM119471.1|	49564691	49566883	plus	90.652	100	GCA_051307065.1_derv_gag	49564191	49567383
NC_027117.1_pol_8	gb|CM119471.1|	49567872	49570289	plus	92.228	100	GCA_051307065.1_derv_pol	49567372	49570789
NC_027117.1_complete	gb|CM119471.1|	49571057	49577218	plus	90.875	59	GCA_051307065.1_derv_complete	49570557	49577718
NC_027117.1_gag_4	gb|CM119471.1|	49571605	49573797	plus	90.652	100	GCA_051307065.1_derv_gag	49571105	49574297
NC_027117.1_pol_8	gb|CM119471.1|	49574786	49577203	plus	92.228	100	GCA_051307065.1_derv_pol	49574286	49577703
NC_027117.1_complete	gb|CM119472.1|	47590107	47583950	minus	90.99	59	GCA_051307065.1_derv_complete	47583450	47590607
NC_027117.1_pol_8	gb|CM119472.1|	47586383	47583969	minus	92.343	99	GCA_051307065.1_derv_pol	47583469	47586883
NC_027117.1_gag_4	gb|CM119472.1|	47589561	47587375	minus	90.764	100	GCA_051307065.1_derv_gag	47586875	47590061
NC_027117.1_complete	gb|CM119473.1|	34782337	34788639	plus	90.86	60	GCA_051307065.1_derv_complete	34781837	34789139
NC_027117.1_gag_4	gb|CM119473.1|	34782883	34785068	plus	90.489	100	GCA_051307065.1_derv_gag	34782383	34785568
NC_027117.1_pol_8	gb|CM119473.1|	34786057	34788474	plus	92.104	100	GCA_051307065.1_derv_pol	34785557	34788974
NC_027117.1_env_10	gb|CM119473.1|	34788736	34790344	plus	92.857	91	GCA_051307065.1_derv_env	34788236	34790844
NC_027117.1_pol_8	gb|CM119474.1|	34260507	34258093	minus	92.136	99	GCA_051307065.1_derv_pol	34257593	34261007
NC_027117.1_gag_4	gb|CM119474.1|	34263905	34261718	minus	90.814	100	GCA_051307065.1_derv_gag	34261218	34264405
NC_027117.1_env_10	gb|CM119474.1|	55028348	55026740	minus	93.043	91	GCA_051307065.1_derv_env	55026240	55028848
NC_027117.1_complete	gb|CM119474.1|	55034749	55028442	minus	91.417	60	GCA_051307065.1_derv_complete	55027942	55035249
NC_027117.1_pol_8	gb|CM119474.1|	55031024	55028610	minus	92.384	99	GCA_051307065.1_derv_pol	55028110	55031524
NC_027117.1_gag_4	gb|CM119474.1|	55034202	55032015	minus	91.138	100	GCA_051307065.1_derv_gag	55031515	55034702
NC_027117.1_gag_4	gb|CM119475.1|	35110727	35111825	plus	76.071	51	GCA_051307065.1_derv_gag	35110227	35112325
NC_027117.1_pol_8	gb|CM119475.1|	35112825	35115244	plus	80.469	99	GCA_051307065.1_derv_pol	35112325	35115744
NC_027117.1_pol_8	gb|CM119476.1|	33535807	33538214	plus	80.148	99	GCA_051307065.1_derv_pol	33535307	33538714
NC_027117.1_complete	gb|CM119477.1|	46674569	46680730	plus	90.57	59	GCA_051307065.1_derv_complete	46674069	46681230
NC_027117.1_gag_4	gb|CM119477.1|	46675118	46677309	plus	90.059	100	GCA_051307065.1_derv_gag	46674618	46677809
NC_027117.1_pol_8	gb|CM119477.1|	46678298	46680715	plus	91.983	100	GCA_051307065.1_derv_pol	46677798	46681215
NC_027117.1_env_10	gb|CM119481.1|	112625049	112626768	plus	78.749	97	GCA_051307135.1_derv_env	112624549	112627268
NC_027117.1_complete	gb|CM119481.1|	263248564	263242718	minus	79.953	64	GCA_051307135.1_derv_complete	263242218	263249064
NC_027117.1_pol_8	gb|CM119481.1|	263247268	263244921	minus	83.411	99	GCA_051307135.1_derv_pol	263244421	263247768
NC_027117.1_env_10	gb|CM119481.1|	273288494	273286779	minus	88.831	97	GCA_051307135.1_derv_env	273286279	273288994
NC_027117.1_complete	gb|CM119481.1|	273293046	273286779	minus	84.783	64	GCA_051307135.1_derv_complete	273286279	273293546
NC_027117.1_pol_8	gb|CM119481.1|	273290940	273288529	minus	89.16	99	GCA_051307135.1_derv_pol	273288029	273291440
NC_001514.1_complete	gb|CM119481.1|	273293018	273288584	minus	75.267	50	GCA_051307135.1_smrv_complete	273288084	273293518
NC_027117.1_pol_8	gb|CM119481.1|	301277766	301280144	plus	80.938	99	GCA_051307135.1_derv_pol	301277266	301280644
NC_027117.1_complete	gb|CM119481.1|	368705198	368699353	minus	79.99	64	GCA_051307135.1_derv_complete	368698853	368705698
NC_027117.1_pol_8	gb|CM119481.1|	368703902	368701555	minus	83.454	99	GCA_051307135.1_derv_pol	368701055	368704402
NC_027117.1_LTR_1	gb|CM119481.1|	522015652	522016042	plus	93.606	100	GCA_051307135.1_derv_ltr	522015152	522016542
NC_027117.1_LTR_12	gb|CM119481.1|	522016606	522017469	plus	86.124	55	GCA_051307135.1_derv_ltr	522016106	522017969
NC_027117.1_env_10	gb|CM119482.1|	142895399	142893777	minus	90.356	92	GCA_051307135.1_derv_env	142893277	142895899
NC_027117.1_complete	gb|CM119482.1|	142899949	142893777	minus	85.266	59	GCA_051307135.1_derv_complete	142893277	142900449
NC_027117.1_pol_8	gb|CM119482.1|	142897838	142895434	minus	89.077	99	GCA_051307135.1_derv_pol	142894934	142898338
NC_027117.1_pol_8	gb|CM119482.1|	279813042	279815417	plus	81.066	99	GCA_051307135.1_derv_pol	279812542	279815917
NC_027117.1_complete	gb|CM119483.1|	5716184	5721937	plus	85.428	64	GCA_051307135.1_derv_complete	5715684	5722437
NC_027117.1_pol_8	gb|CM119483.1|	5718284	5720709	plus	88.958	100	GCA_051307135.1_derv_pol	5717784	5721209
NC_027117.1_env_10	gb|CM119483.1|	5720744	5721937	plus	92.994	97	GCA_051307135.1_derv_env	5720244	5722437
NC_027117.1_complete	gb|CM119483.1|	5769139	5775409	plus	84.968	64	GCA_051307135.1_derv_complete	5768639	5775909
NC_027117.1_pol_8	gb|CM119483.1|	5771245	5773659	plus	89.219	100	GCA_051307135.1_derv_pol	5770745	5774159
NC_027117.1_env_10	gb|CM119483.1|	5773694	5775409	plus	88.882	97	GCA_051307135.1_derv_env	5773194	5775909
NC_027117.1_complete	gb|CM119483.1|	33784151	33778305	minus	79.844	64	GCA_051307135.1_derv_complete	33777805	33784651
NC_027117.1_pol_8	gb|CM119483.1|	33782855	33780508	minus	83.624	100	GCA_051307135.1_derv_pol	33780008	33783355
NC_001514.1_pol_6	gb|CM119483.1|	33782819	33780516	minus	74.409	96	GCA_051307135.1_smrv_pol	33780016	33783319
NC_027117.1_complete	gb|CM119483.1|	70627746	70633586	plus	79.969	64	GCA_051307135.1_derv_complete	70627246	70634086
NC_027117.1_pol_8	gb|CM119483.1|	70629039	70631389	plus	83.772	100	GCA_051307135.1_derv_pol	70628539	70631889
NC_027117.1_pol_8	gb|CM119483.1|	173862704	173864114	plus	87.11	100	GCA_051307135.1_derv_pol	173862204	173864614
NC_027117.1_env_10	gb|CM119483.1|	225466929	225465214	minus	88.766	97	GCA_051307135.1_derv_env	225464714	225467429
NC_027117.1_complete	gb|CM119484.1|	38323947	38329787	plus	80.017	64	GCA_051307135.1_derv_complete	38323447	38330287
NC_027117.1_pol_8	gb|CM119484.1|	38325240	38327590	plus	83.759	100	GCA_051307135.1_derv_pol	38324740	38328090
NC_027117.1_pol_8	gb|CM119484.1|	128785576	128787825	plus	89.16	100	GCA_051307135.1_derv_pol	128785076	128788325
NC_027117.1_complete	gb|CM119484.1|	163022745	163028211	plus	80.534	64	GCA_051307135.1_derv_complete	163022245	163028711
NC_027117.1_pol_8	gb|CM119484.1|	163024039	163026389	plus	83.305	100	GCA_051307135.1_derv_pol	163023539	163026889
NC_027117.1_env_10	gb|CM119484.1|	167127130	167125415	minus	88.714	97	GCA_051307135.1_derv_env	167124915	167127630
NC_027117.1_complete	gb|CM119484.1|	167131666	167125415	minus	84.58	64	GCA_051307135.1_derv_complete	167124915	167132166
NC_027117.1_pol_8	gb|CM119484.1|	167129579	167127165	minus	88.949	100	GCA_051307135.1_derv_pol	167126665	167130079
NC_027117.1_env_10	gb|CM119485.1|	128940068	128938354	minus	88.947	97	GCA_051307135.1_derv_env	128937854	128940568
NC_027117.1_complete	gb|CM119485.1|	128944625	128938354	minus	84.966	60	GCA_051307135.1_derv_complete	128937854	128945125
NC_027117.1_pol_8	gb|CM119485.1|	128942517	128940103	minus	89.363	99	GCA_051307135.1_derv_pol	128939603	128943017
NC_027117.1_complete	gb|CM119488.1|	42158966	42165233	plus	84.812	60	GCA_051307135.1_derv_complete	42158466	42165733
NC_027117.1_pol_8	gb|CM119488.1|	42161061	42163483	plus	88.536	100	GCA_051307135.1_derv_pol	42160561	42163983
NC_027117.1_env_10	gb|CM119488.1|	42163518	42165233	plus	89.691	97	GCA_051307135.1_derv_env	42163018	42165733
NC_027117.1_env_10	gb|CM119488.1|	65024318	65026033	plus	89.633	97	GCA_051307135.1_derv_env	65023818	65026533
NC_027117.1_complete	gb|CM119490.1|	97224072	97218226	minus	79.892	64	GCA_051307135.1_derv_complete	97217726	97224572
NC_027117.1_pol_8	gb|CM119490.1|	97222776	97220429	minus	83.581	100	GCA_051307135.1_derv_pol	97219929	97223276
NC_027117.1_env_10	gb|CM119490.1|	245536282	245534567	minus	89.063	97	GCA_051307135.1_derv_env	245534067	245536782
NC_027117.1_complete	gb|CM119490.1|	245540842	245534567	minus	85.045	64	GCA_051307135.1_derv_complete	245534067	245541342
NC_027117.1_pol_8	gb|CM119490.1|	245538731	245536317	minus	89.363	100	GCA_051307135.1_derv_pol	245535817	245539231
NC_027117.1_pol_8	gb|CM119490.1|	266019179	266020606	plus	87.474	100	GCA_051307135.1_derv_pol	266018679	266021106
NC_027117.1_pol_8	gb|CM119490.1|	273140112	273141523	plus	87.049	100	GCA_051307135.1_derv_pol	273139612	273142023
NC_027117.1_pol_8	gb|CM119490.1|	278902543	278901133	minus	87.394	100	GCA_051307135.1_derv_pol	278900633	278903043
NC_027117.1_pol_8	gb|CM119490.1|	282482846	282480473	minus	81.436	100	GCA_051307135.1_derv_pol	282479973	282483346
NC_027117.1_complete	gb|CM119490.1|	295223726	295230000	plus	84.834	64	GCA_051307135.1_derv_complete	295223226	295230500
NC_027117.1_pol_8	gb|CM119490.1|	295225833	295228249	plus	89.004	100	GCA_051307135.1_derv_pol	295225333	295228749
NC_027117.1_env_10	gb|CM119490.1|	295228284	295230000	plus	88.831	97	GCA_051307135.1_derv_env	295227784	295230500
NC_027117.1_pol_8	gb|CM119490.1|	298220584	298219174	minus	87.04	100	GCA_051307135.1_derv_pol	298218674	298221084
NC_027117.1_pol_8	gb|CM141826.1|	26541280	26543633	plus	82.345	98	GCA_054855685.1_derv_pol	26540780	26544133
NC_001514.1_pol_6	gb|CM141826.1|	26541307	26543610	plus	75.614	97	GCA_054855685.1_smrv_pol	26540807	26544110
NC_027117.1_pol_8	gb|CM141826.1|	45278841	45281201	plus	82.398	98	GCA_054855685.1_derv_pol	45278341	45281701
NC_001514.1_pol_6	gb|CM141826.1|	45278868	45281171	plus	75.506	97	GCA_054855685.1_smrv_pol	45278368	45281671
NC_027117.1_pol_8	gb|CM141826.1|	67455169	67456995	plus	81.526	98	GCA_054855685.1_derv_pol	67454669	67457495
NC_001514.1_pol_6	gb|CM141826.1|	67455169	67456965	plus	75.221	97	GCA_054855685.1_smrv_pol	67454669	67457465
NC_027117.1_pol_8	gb|CM141826.1|	71663504	71661144	minus	82.735	98	GCA_054855685.1_derv_pol	71660644	71664004
NC_001514.1_pol_6	gb|CM141826.1|	71663477	71661147	minus	75.702	97	GCA_054855685.1_smrv_pol	71660647	71663977
NC_027117.1_pol_8	gb|CM141826.1|	72037222	72034862	minus	82.566	98	GCA_054855685.1_derv_pol	72034362	72037722
NC_001514.1_pol_6	gb|CM141826.1|	72037195	72034865	minus	75.617	97	GCA_054855685.1_smrv_pol	72034365	72037695
NC_027117.1_pol_8	gb|CM141826.1|	87938183	87940543	plus	82.566	98	GCA_054855685.1_derv_pol	87937683	87941043
NC_001514.1_pol_6	gb|CM141826.1|	87938210	87940513	plus	75.635	97	GCA_054855685.1_smrv_pol	87937710	87941013
NC_027117.1_LTR_12	gb|CM141826.1|	92260635	92259789	minus	86.385	55	GCA_054855685.1_derv_ltr	92259289	92261135
NC_027117.1_LTR_1	gb|CM141826.1|	92261594	92261207	minus	92.583	100	GCA_054855685.1_derv_ltr	92260707	92262094
NC_027117.1_pol_8	gb|CM141826.1|	108007381	108009740	plus	82.313	98	GCA_054855685.1_derv_pol	108006881	108010240
NC_001514.1_pol_6	gb|CM141826.1|	108007408	108009710	plus	75.635	97	GCA_054855685.1_smrv_pol	108006908	108010210
NC_027117.1_pol_8	gb|CM141826.1|	123011298	123013658	plus	82.229	98	GCA_054855685.1_derv_pol	123010798	123014158
NC_001514.1_pol_6	gb|CM141826.1|	123011325	123013628	plus	75.42	97	GCA_054855685.1_smrv_pol	123010825	123014128
NC_027117.1_env_10	gb|CM141827.1|	47363169	47361462	minus	78.488	97	GCA_054855685.1_derv_env	47360962	47363669
NC_027117.1_complete	gb|CM141827.1|	47367707	47361462	minus	78.435	60	GCA_054855685.1_derv_complete	47360962	47368207
NC_027117.1_pol_8	gb|CM141827.1|	47365616	47363259	minus	81.334	98	GCA_054855685.1_derv_pol	47362759	47366116
NC_027117.1_pol_8	gb|CM141827.1|	55377856	55375496	minus	82.566	98	GCA_054855685.1_derv_pol	55374996	55378356
NC_001514.1_pol_6	gb|CM141827.1|	55377829	55375499	minus	75.532	97	GCA_054855685.1_smrv_pol	55374999	55378329
NC_027117.1_pol_8	gb|CM141827.1|	108484347	108486707	plus	82.566	98	GCA_054855685.1_derv_pol	108483847	108487207
NC_001514.1_pol_6	gb|CM141827.1|	108484374	108486677	plus	75.678	97	GCA_054855685.1_smrv_pol	108483874	108487177
NC_027117.1_pol_8	gb|CM141827.1|	148204859	148207219	plus	82.693	98	GCA_054855685.1_derv_pol	148204359	148207719
NC_001514.1_pol_6	gb|CM141827.1|	148204886	148207189	plus	75.721	97	GCA_054855685.1_smrv_pol	148204386	148207689
NC_027117.1_pol_8	gb|CM141827.1|	149920829	149918469	minus	82.566	98	GCA_054855685.1_derv_pol	149917969	149921329
NC_001514.1_pol_6	gb|CM141827.1|	149920802	149918472	minus	75.532	97	GCA_054855685.1_smrv_pol	149917972	149921302
NC_027117.1_pol_8	gb|CM141827.1|	184173569	184175929	plus	82.566	98	GCA_054855685.1_derv_pol	184173069	184176429
NC_001514.1_pol_6	gb|CM141827.1|	184173596	184175899	plus	75.678	97	GCA_054855685.1_smrv_pol	184173096	184176399
NC_027117.1_pol_8	gb|CM141828.1|	27987564	27989924	plus	82.581	98	GCA_054855685.1_derv_pol	27987064	27990424
NC_001514.1_pol_6	gb|CM141828.1|	27987591	27989894	plus	75.635	97	GCA_054855685.1_smrv_pol	27987091	27990394
NC_027117.1_pol_8	gb|CM141828.1|	39827454	39825082	minus	82.066	98	GCA_054855685.1_derv_pol	39824582	39827954
NC_001514.1_pol_6	gb|CM141828.1|	39827427	39825112	minus	75.332	97	GCA_054855685.1_smrv_pol	39824612	39827927
NC_027117.1_pol_8	gb|CM141828.1|	119954995	119952635	minus	82.609	98	GCA_054855685.1_derv_pol	119952135	119955495
NC_001514.1_pol_6	gb|CM141828.1|	119954968	119952638	minus	75.617	97	GCA_054855685.1_smrv_pol	119952138	119955468
NC_027117.1_pol_8	gb|CM141828.1|	121837468	121835108	minus	82.313	98	GCA_054855685.1_derv_pol	121834608	121837968
NC_001514.1_pol_6	gb|CM141828.1|	121837441	121835111	minus	75.277	97	GCA_054855685.1_smrv_pol	121834611	121837941
NC_027117.1_pol_8	gb|CM141828.1|	133867709	133865343	minus	82.316	98	GCA_054855685.1_derv_pol	133864843	133868209
NC_001514.1_pol_6	gb|CM141828.1|	133867682	133865352	minus	75.447	97	GCA_054855685.1_smrv_pol	133864852	133868182
NC_027117.1_env_10	gb|CM141828.1|	178342953	178344674	plus	78.386	97	GCA_054855685.1_derv_env	178342453	178345174
NC_001514.1_env_11	gb|CM141828.1|	181610188	181609642	minus	76.545	96	GCA_054855685.1_smrv_env	181609142	181610688
NC_027117.1_pol_8	gb|CM141829.1|	7661180	7663540	plus	82.482	98	GCA_054855685.1_derv_pol	7660680	7664040
NC_001514.1_pol_6	gb|CM141829.1|	7661207	7663510	plus	75.592	97	GCA_054855685.1_smrv_pol	7660707	7664010
NC_027117.1_pol_8	gb|CM141829.1|	79268898	79271258	plus	82.125	98	GCA_054855685.1_derv_pol	79268398	79271758
NC_001514.1_pol_6	gb|CM141829.1|	79268925	79271228	plus	75.344	97	GCA_054855685.1_smrv_pol	79268425	79271728
NC_027117.1_pol_8	gb|CM141829.1|	106926144	106923784	minus	82.693	98	GCA_054855685.1_derv_pol	106923284	106926644
NC_001514.1_pol_6	gb|CM141829.1|	106926117	106923787	minus	75.447	97	GCA_054855685.1_smrv_pol	106923287	106926617
NC_027117.1_env_10	gb|CM141829.1|	136638226	136636517	minus	78.571	97	GCA_054855685.1_derv_env	136636017	136638726
NC_027117.1_complete	gb|CM141829.1|	136642778	136636517	minus	78.317	60	GCA_054855685.1_derv_complete	136636017	136643278
NC_027117.1_pol_8	gb|CM141829.1|	136640682	136638318	minus	81.435	98	GCA_054855685.1_derv_pol	136637818	136641182
NC_027117.1_pol_8	gb|CM141829.1|	159887784	159890144	plus	82.566	98	GCA_054855685.1_derv_pol	159887284	159890644
NC_001514.1_pol_6	gb|CM141829.1|	159887811	159890114	plus	75.549	97	GCA_054855685.1_smrv_pol	159887311	159890614
NC_027117.1_pol_8	gb|CM141830.1|	19868775	19871135	plus	82.524	98	GCA_054855685.1_derv_pol	19868275	19871635
NC_001514.1_pol_6	gb|CM141830.1|	19868802	19871105	plus	75.635	97	GCA_054855685.1_smrv_pol	19868302	19871605
NC_027117.1_pol_8	gb|CM141830.1|	59580010	59577650	minus	82.482	98	GCA_054855685.1_derv_pol	59577150	59580510
NC_001514.1_pol_6	gb|CM141830.1|	59579983	59577653	minus	75.681	97	GCA_054855685.1_smrv_pol	59577153	59580483
NC_001514.1_env_11	gb|CM141830.1|	59747816	59747270	minus	75.774	96	GCA_054855685.1_smrv_env	59746770	59748316
NC_027117.1_pol_8	gb|CM141830.1|	59751413	59749036	minus	82.013	98	GCA_054855685.1_derv_pol	59748536	59751913
NC_001514.1_pol_6	gb|CM141830.1|	59751386	59749073	minus	75.429	97	GCA_054855685.1_smrv_pol	59748573	59751886
NC_027117.1_pol_8	gb|CM141830.1|	91347623	91345263	minus	82.482	98	GCA_054855685.1_derv_pol	91344763	91348123
NC_001514.1_pol_6	gb|CM141830.1|	91347596	91345266	minus	75.617	97	GCA_054855685.1_smrv_pol	91344766	91348096
NC_027117.1_pol_8	gb|CM141830.1|	102072789	102075148	plus	82.44	98	GCA_054855685.1_derv_pol	102072289	102075648
NC_001514.1_pol_6	gb|CM141830.1|	102072816	102075118	plus	75.463	97	GCA_054855685.1_smrv_pol	102072316	102075618
NC_027117.1_env_10	gb|CM141830.1|	161484713	161483005	minus	78.198	97	GCA_054855685.1_derv_env	161482505	161485213
NC_027117.1_complete	gb|CM141830.1|	161489262	161483005	minus	78.1	60	GCA_054855685.1_derv_complete	161482505	161489762
NC_027117.1_pol_8	gb|CM141830.1|	161487166	161484805	minus	80.912	98	GCA_054855685.1_derv_pol	161484305	161487666
NC_027117.1_pol_8	gb|CM141831.1|	15705073	15702713	minus	82.693	98	GCA_054855685.1_derv_pol	15702213	15705573
NC_001514.1_pol_6	gb|CM141831.1|	15705046	15702716	minus	75.532	97	GCA_054855685.1_smrv_pol	15702216	15705546
NC_027117.1_pol_8	gb|CM141832.1|	90228980	90231340	plus	82.524	98	GCA_054855685.1_derv_pol	90228480	90231840
NC_001514.1_pol_6	gb|CM141832.1|	90229007	90231310	plus	75.592	96	GCA_054855685.1_smrv_pol	90228507	90231810
NC_027117.1_pol_8	gb|CM141832.1|	90295766	90298126	plus	82.44	98	GCA_054855685.1_derv_pol	90295266	90298626
NC_001514.1_pol_6	gb|CM141832.1|	90295793	90298096	plus	75.678	96	GCA_054855685.1_smrv_pol	90295293	90298596
NC_027117.1_pol_8	gb|CM141833.1|	82006657	82004297	minus	82.566	98	GCA_054855685.1_derv_pol	82003797	82007157
NC_001514.1_pol_6	gb|CM141833.1|	82006630	82004300	minus	75.574	97	GCA_054855685.1_smrv_pol	82003800	82007130
NC_027117.1_pol_8	gb|CM141835.1|	48379425	48381785	plus	82.44	98	GCA_054855685.1_derv_pol	48378925	48382285
NC_001514.1_pol_6	gb|CM141835.1|	48379452	48381755	plus	75.592	96	GCA_054855685.1_smrv_pol	48378952	48382255
NC_027117.1_pol_8	gb|CM141837.1|	31212151	31214510	plus	82.44	98	GCA_054855685.1_derv_pol	31211651	31215010
NC_001514.1_pol_6	gb|CM141837.1|	31212178	31214480	plus	75.506	96	GCA_054855685.1_smrv_pol	31211678	31214980
NC_027117.1_pol_8	gb|CM141838.1|	54630071	54627711	minus	82.187	98	GCA_054855685.1_derv_pol	54627211	54630571
NC_001514.1_pol_6	gb|CM141838.1|	54630044	54627714	minus	75.256	97	GCA_054855685.1_smrv_pol	54627214	54630544
NC_001514.1_env_11	gb|CM141838.1|	54763568	54764060	plus	76.815	87	GCA_054855685.1_smrv_env	54763068	54764560
NC_027117.1_pol_8	gb|CM141838.1|	54813811	54811451	minus	82.524	98	GCA_054855685.1_derv_pol	54810951	54814311
NC_001514.1_pol_6	gb|CM141838.1|	54813784	54811454	minus	75.447	97	GCA_054855685.1_smrv_pol	54810954	54814284
NC_027117.1_pol_8	gb|CM141838.1|	55002173	55004533	plus	82.355	98	GCA_054855685.1_derv_pol	55001673	55005033
NC_001514.1_pol_6	gb|CM141838.1|	55002200	55004503	plus	75.452	97	GCA_054855685.1_smrv_pol	55001700	55005003
NC_027117.1_env_10	gb|CM141839.1|	29946010	29947718	plus	79.036	97	GCA_054855685.1_derv_env	29945510	29948218
NC_027117.1_pol_8	gb|CM141841.1|	26948004	26950364	plus	82.566	98	GCA_054855685.1_derv_pol	26947504	26950864
NC_001514.1_pol_6	gb|CM141841.1|	26948031	26950334	plus	75.506	97	GCA_054855685.1_smrv_pol	26947531	26950834
NC_027117.1_pol_8	gb|CM141841.1|	35792231	35789871	minus	82.313	98	GCA_054855685.1_derv_pol	35789371	35792731
NC_001514.1_pol_6	gb|CM141841.1|	35792204	35789874	minus	75.553	97	GCA_054855685.1_smrv_pol	35789374	35792704
NC_027117.1_pol_8	gb|CM141841.1|	43895877	43898237	plus	82.236	98	GCA_054855685.1_derv_pol	43895377	43898737
NC_001514.1_pol_6	gb|CM141841.1|	43895904	43898207	plus	75.355	97	GCA_054855685.1_smrv_pol	43895404	43898707
NC_027117.1_pol_8	gb|CM141841.1|	75955284	75952924	minus	82.398	98	GCA_054855685.1_derv_pol	75952424	75955784
NC_001514.1_pol_6	gb|CM141841.1|	75955257	75952927	minus	75.319	97	GCA_054855685.1_smrv_pol	75952427	75955757
NC_027117.1_pol_8	gb|CM141841.1|	77810713	77808353	minus	82.44	98	GCA_054855685.1_derv_pol	77807853	77811213
NC_001514.1_pol_6	gb|CM141841.1|	77810686	77808356	minus	75.404	97	GCA_054855685.1_smrv_pol	77807856	77811186
NC_027117.1_pol_8	gb|CM141841.1|	149053979	149051619	minus	82.455	98	GCA_054855685.1_derv_pol	149051119	149054479
NC_001514.1_pol_6	gb|CM141841.1|	149053952	149051622	minus	75.447	97	GCA_054855685.1_smrv_pol	149051122	149054452
NC_001514.1_env_11	gb|CM141843.1|	71148123	71147598	minus	76.515	93	GCA_054855695.1_smrv_env	71147098	71148623
NC_027117.1_pol_8	gb|CM141843.1|	71779408	71777048	minus	82.609	98	GCA_054855695.1_derv_pol	71776548	71779908
NC_001514.1_pol_6	gb|CM141843.1|	71779381	71777051	minus	75.574	97	GCA_054855695.1_smrv_pol	71776551	71779881
NC_027117.1_pol_8	gb|CM141843.1|	80025109	80022749	minus	82.693	98	GCA_054855695.1_derv_pol	80022249	80025609
NC_001514.1_pol_6	gb|CM141843.1|	80025082	80022752	minus	75.447	97	GCA_054855695.1_smrv_pol	80022252	80025582
NC_027117.1_LTR_12	gb|CM141843.1|	92230867	92230021	minus	86.502	55	GCA_054855695.1_derv_ltr	92229521	92231367
NC_027117.1_LTR_1	gb|CM141843.1|	92231826	92231439	minus	92.583	100	GCA_054855695.1_derv_ltr	92230939	92232326
NC_027117.1_pol_8	gb|CM141843.1|	108125629	108127988	plus	82.355	98	GCA_054855695.1_derv_pol	108125129	108128488
NC_001514.1_pol_6	gb|CM141843.1|	108125656	108127958	plus	75.645	97	GCA_054855695.1_smrv_pol	108125156	108128458
NC_027117.1_pol_8	gb|CM141843.1|	123157684	123160044	plus	82.229	98	GCA_054855695.1_derv_pol	123157184	123160544
NC_001514.1_pol_6	gb|CM141843.1|	123157711	123160014	plus	75.42	97	GCA_054855695.1_smrv_pol	123157211	123160514
NC_027117.1_pol_8	gb|CM141843.1|	141888398	141890758	plus	82.524	98	GCA_054855695.1_derv_pol	141887898	141891258
NC_001514.1_pol_6	gb|CM141843.1|	141888425	141890728	plus	75.678	97	GCA_054855695.1_smrv_pol	141887925	141891228
NC_027117.1_pol_8	gb|CM141843.1|	144007866	144005506	minus	82.651	98	GCA_054855695.1_derv_pol	144005006	144008366
NC_001514.1_pol_6	gb|CM141843.1|	144007839	144005509	minus	75.489	97	GCA_054855695.1_smrv_pol	144005009	144008339
NC_027117.1_pol_8	gb|CM141844.1|	9832416	9834776	plus	82.482	98	GCA_054855695.1_derv_pol	9831916	9835276
NC_001514.1_pol_6	gb|CM141844.1|	9832443	9834746	plus	75.549	97	GCA_054855695.1_smrv_pol	9831943	9835246
NC_027117.1_env_10	gb|CM141844.1|	47291295	47289588	minus	78.397	97	GCA_054855695.1_derv_env	47289088	47291795
NC_027117.1_complete	gb|CM141844.1|	47295833	47289588	minus	78.421	60	GCA_054855695.1_derv_complete	47289088	47296333
NC_027117.1_pol_8	gb|CM141844.1|	47293742	47291385	minus	81.334	98	GCA_054855695.1_derv_pol	47290885	47294242
NC_027117.1_pol_8	gb|CM141844.1|	175442597	175440237	minus	82.159	98	GCA_054855695.1_derv_pol	175439737	175443097
NC_001514.1_pol_6	gb|CM141844.1|	175442570	175440240	minus	75.106	97	GCA_054855695.1_smrv_pol	175439740	175443070
NC_027117.1_pol_8	gb|CM141845.1|	92987	90627	minus	82.44	98	GCA_054855695.1_derv_pol	90127	93487
NC_001514.1_pol_6	gb|CM141845.1|	92960	90630	minus	75.532	97	GCA_054855695.1_smrv_pol	90130	93460
NC_027117.1_pol_8	gb|CM141845.1|	27976157	27978517	plus	82.566	98	GCA_054855695.1_derv_pol	27975657	27979017
NC_001514.1_pol_6	gb|CM141845.1|	27976184	27978487	plus	75.678	97	GCA_054855695.1_smrv_pol	27975684	27978987
NC_027117.1_pol_8	gb|CM141845.1|	39816320	39813948	minus	82.15	98	GCA_054855695.1_derv_pol	39813448	39816820
NC_001514.1_pol_6	gb|CM141845.1|	39816293	39813951	minus	75.106	97	GCA_054855695.1_smrv_pol	39813451	39816793
NC_027117.1_env_10	gb|CM141845.1|	179177554	179179275	plus	78.444	97	GCA_054855695.1_derv_env	179177054	179179775
NC_001514.1_env_11	gb|CM141845.1|	182389684	182389138	minus	76.364	96	GCA_054855695.1_smrv_env	182388638	182390184
NC_027117.1_pol_8	gb|CM141846.1|	80052168	80054528	plus	82.125	98	GCA_054855695.1_derv_pol	80051668	80055028
NC_001514.1_pol_6	gb|CM141846.1|	80052195	80054498	plus	75.344	97	GCA_054855695.1_smrv_pol	80051695	80054998
NC_027117.1_pol_8	gb|CM141846.1|	88503732	88501372	minus	82.693	98	GCA_054855695.1_derv_pol	88500872	88504232
NC_001514.1_pol_6	gb|CM141846.1|	88503705	88501375	minus	75.489	97	GCA_054855695.1_smrv_pol	88500875	88504205
NC_027117.1_env_10	gb|CM141846.1|	137707958	137706249	minus	78.77	97	GCA_054855695.1_derv_env	137705749	137708458
NC_027117.1_complete	gb|CM141846.1|	137712511	137706249	minus	78.375	60	GCA_054855695.1_derv_complete	137705749	137713011
NC_027117.1_pol_8	gb|CM141846.1|	137710415	137708050	minus	81.435	98	GCA_054855695.1_derv_pol	137707550	137710915
NC_027117.1_pol_8	gb|CM141847.1|	85464233	85461873	minus	82.651	98	GCA_054855695.1_derv_pol	85461373	85464733
NC_001514.1_pol_6	gb|CM141847.1|	85464206	85461876	minus	75.489	97	GCA_054855695.1_smrv_pol	85461376	85464706
NC_027117.1_env_10	gb|CM141847.1|	160678128	160676420	minus	78.256	97	GCA_054855695.1_derv_env	160675920	160678628
NC_027117.1_complete	gb|CM141847.1|	160682677	160676420	minus	78.062	60	GCA_054855695.1_derv_complete	160675920	160683177
NC_027117.1_pol_8	gb|CM141847.1|	160680581	160678220	minus	80.87	98	GCA_054855695.1_derv_pol	160677720	160681081
NC_027117.1_pol_8	gb|CM141848.1|	14369320	14366960	minus	82.609	98	GCA_054855695.1_derv_pol	14366460	14369820
NC_001514.1_pol_6	gb|CM141848.1|	14369293	14366963	minus	75.617	97	GCA_054855695.1_smrv_pol	14366463	14369793
NC_027117.1_pol_8	gb|CM141848.1|	75631474	75633834	plus	82.194	98	GCA_054855695.1_derv_pol	75630974	75634334
NC_001514.1_pol_6	gb|CM141848.1|	75631501	75633804	plus	75.645	97	GCA_054855695.1_smrv_pol	75631001	75634304
NC_027117.1_pol_8	gb|CM141848.1|	117730866	117728506	minus	82.609	98	GCA_054855695.1_derv_pol	117728006	117731366
NC_001514.1_pol_6	gb|CM141848.1|	117730839	117728509	minus	75.574	97	GCA_054855695.1_smrv_pol	117728009	117731339
NC_027117.1_pol_8	gb|CM141848.1|	117737555	117735195	minus	82.609	98	GCA_054855695.1_derv_pol	117734695	117738055
NC_001514.1_pol_6	gb|CM141848.1|	117737528	117735198	minus	75.574	97	GCA_054855695.1_smrv_pol	117734698	117738028
NC_027117.1_pol_8	gb|CM141848.1|	118282257	118279897	minus	82.355	98	GCA_054855695.1_derv_pol	118279397	118282757
NC_027117.1_pol_8	gb|CM141849.1|	89486498	89488858	plus	82.482	98	GCA_054855695.1_derv_pol	89485998	89489358
NC_001514.1_pol_6	gb|CM141849.1|	89486525	89488828	plus	75.549	97	GCA_054855695.1_smrv_pol	89486025	89489328
NC_027117.1_pol_8	gb|CM141849.1|	89553299	89555659	plus	82.44	98	GCA_054855695.1_derv_pol	89552799	89556159
NC_001514.1_pol_6	gb|CM141849.1|	89553326	89555629	plus	75.678	97	GCA_054855695.1_smrv_pol	89552826	89556129
NC_027117.1_pol_8	gb|CM141849.1|	90279281	90276921	minus	82.524	98	GCA_054855695.1_derv_pol	90276421	90279781
NC_001514.1_pol_6	gb|CM141849.1|	90279254	90276924	minus	75.447	97	GCA_054855695.1_smrv_pol	90276424	90279754
NC_027117.1_pol_8	gb|CM141850.1|	32067520	32069880	plus	82.693	98	GCA_054855695.1_derv_pol	32067020	32070380
NC_001514.1_pol_6	gb|CM141850.1|	32067547	32069850	plus	75.635	97	GCA_054855695.1_smrv_pol	32067047	32070350
NC_027117.1_pol_8	gb|CM141850.1|	77813467	77811107	minus	82.651	98	GCA_054855695.1_derv_pol	77810607	77813967
NC_001514.1_pol_6	gb|CM141850.1|	77813440	77811110	minus	75.532	97	GCA_054855695.1_smrv_pol	77810610	77813940
NC_027117.1_pol_8	gb|CM141851.1|	45272135	45269775	minus	82.524	98	GCA_054855695.1_derv_pol	45269275	45272635
NC_001514.1_pol_6	gb|CM141851.1|	45272108	45269778	minus	75.447	97	GCA_054855695.1_smrv_pol	45269278	45272608
NC_027117.1_pol_8	gb|CM141851.1|	65176548	65174188	minus	82.609	98	GCA_054855695.1_derv_pol	65173688	65177048
NC_001514.1_pol_6	gb|CM141851.1|	65176521	65174191	minus	75.66	97	GCA_054855695.1_smrv_pol	65173691	65177021
NC_027117.1_pol_8	gb|CM141852.1|	48030691	48033051	plus	82.524	98	GCA_054855695.1_derv_pol	48030191	48033551
NC_001514.1_pol_6	gb|CM141852.1|	48030718	48033021	plus	75.678	96	GCA_054855695.1_smrv_pol	48030218	48033521
NC_027117.1_pol_8	gb|CM141853.1|	76314870	76317229	plus	82.566	98	GCA_054855695.1_derv_pol	76314370	76317729
NC_001514.1_pol_6	gb|CM141853.1|	76314897	76317199	plus	75.721	96	GCA_054855695.1_smrv_pol	76314397	76317699
NC_027117.1_pol_8	gb|CM141855.1|	2449259	2446899	minus	82.651	98	GCA_054855695.1_derv_pol	2446399	2449759
NC_001514.1_pol_6	gb|CM141855.1|	2449232	2446902	minus	75.532	97	GCA_054855695.1_smrv_pol	2446402	2449732
NC_027117.1_pol_8	gb|CM141855.1|	52572394	52570034	minus	82.229	98	GCA_054855695.1_derv_pol	52569534	52572894
NC_001514.1_pol_6	gb|CM141855.1|	52572367	52570037	minus	75.298	97	GCA_054855695.1_smrv_pol	52569537	52572867
NC_001514.1_env_11	gb|CM141855.1|	52695763	52696255	plus	76.815	87	GCA_054855695.1_smrv_env	52695263	52696755
NC_027117.1_pol_8	gb|CM141855.1|	52745987	52743627	minus	82.482	98	GCA_054855695.1_derv_pol	52743127	52746487
NC_001514.1_pol_6	gb|CM141855.1|	52745960	52743630	minus	75.436	97	GCA_054855695.1_smrv_pol	52743130	52746460
NC_027117.1_pol_8	gb|CM141855.1|	52762711	52760351	minus	82.44	98	GCA_054855695.1_derv_pol	52759851	52763211
NC_001514.1_pol_6	gb|CM141855.1|	52762684	52760354	minus	75.394	97	GCA_054855695.1_smrv_pol	52759854	52763184
NC_027117.1_pol_8	gb|CM141855.1|	52779436	52777076	minus	82.44	98	GCA_054855695.1_derv_pol	52776576	52779936
NC_001514.1_pol_6	gb|CM141855.1|	52779409	52777079	minus	75.394	97	GCA_054855695.1_smrv_pol	52776579	52779909
NC_027117.1_pol_8	gb|CM141855.1|	52796161	52793801	minus	82.566	98	GCA_054855695.1_derv_pol	52793301	52796661
NC_001514.1_pol_6	gb|CM141855.1|	52796134	52793804	minus	75.489	97	GCA_054855695.1_smrv_pol	52793304	52796634
NC_027117.1_pol_8	gb|CM141855.1|	52880836	52883195	plus	82.44	98	GCA_054855695.1_derv_pol	52880336	52883695
NC_001514.1_pol_6	gb|CM141855.1|	52880863	52883165	plus	75.635	97	GCA_054855695.1_smrv_pol	52880363	52883665
NC_027117.1_env_10	gb|CM141856.1|	29754498	29756206	plus	79.036	97	GCA_054855695.1_derv_env	29753998	29756706
NC_027117.1_LTR_1	gb|CM180040.1|	82944423	82944805	plus	91.049	100	GCA_058972435.1_derv_ltr	82943923	82945305
NC_027117.1_LTR_12	gb|CM180040.1|	82945375	82946223	plus	86.722	55	GCA_058972435.1_derv_ltr	82944875	82946723
NC_027117.1_pol_8	gb|CM180040.1|	91323441	91321079	minus	79.579	98	GCA_058972435.1_derv_pol	91320579	91323941
NC_027117.1_complete	gb|CM180040.1|	91326869	91321079	minus	82.448	56	GCA_058972435.1_derv_complete	91320579	91327369
NC_027117.1_gag_4	gb|CM180040.1|	91326625	91324433	minus	84.661	100	GCA_058972435.1_derv_gag	91323933	91327125
NC_027117.1_complete	gb|CM180040.1|	133173659	133179555	plus	82.785	56	GCA_058972435.1_derv_complete	133173159	133180055
NC_027117.1_gag_4	gb|CM180040.1|	133173992	133176201	plus	85.605	100	GCA_058972435.1_derv_gag	133173492	133176701
NC_027117.1_pol_8	gb|CM180040.1|	133177198	133179555	plus	79.402	98	GCA_058972435.1_derv_pol	133176698	133180055
NC_027117.1_gag_4	gb|CM180040.1|	160180458	160179021	minus	85.982	100	GCA_058972435.1_derv_gag	160178521	160180958
NC_027117.1_gag_4	gb|CM180041.1|	99869753	99868287	minus	85.782	100	GCA_058972435.1_derv_gag	99867787	99870253
NC_027117.1_complete	gb|CM180041.1|	107027063	107032968	plus	82.516	64	GCA_058972435.1_derv_complete	107026563	107033468
NC_027117.1_gag_4	gb|CM180041.1|	107027408	107029612	plus	85.301	100	GCA_058972435.1_derv_gag	107026908	107030112
NC_027117.1_pol_8	gb|CM180041.1|	107030610	107032968	plus	79.418	98	GCA_058972435.1_derv_pol	107030110	107033468
NC_001514.1_pol_6	gb|CM180041.1|	107030637	107032970	plus	74.968	97	GCA_058972435.1_smrv_pol	107030137	107033470
NC_027117.1_pol_8	gb|CM180041.1|	107402383	107400026	minus	91.734	98	GCA_058972435.1_derv_pol	107399526	107402883
NC_027117.1_gag_4	gb|CM180041.1|	107404690	107403322	minus	85.538	100	GCA_058972435.1_derv_gag	107402822	107405190
NC_027117.1_complete	gb|CM180041.1|	113636776	113630104	minus	81.454	64	GCA_058972435.1_derv_complete	113629604	113637276
NC_027117.1_pol_8	gb|CM180041.1|	113633248	113630886	minus	79.739	98	GCA_058972435.1_derv_pol	113630386	113633748
NC_027117.1_gag_4	gb|CM180041.1|	113636434	113634243	minus	85.695	100	GCA_058972435.1_derv_gag	113633743	113636934
NC_027117.1_complete	gb|CM180042.1|	87585011	87579033	minus	81.004	71	GCA_058972435.1_derv_complete	87578533	87585511
NC_027117.1_pol_8	gb|CM180042.1|	87582176	87579814	minus	79.495	98	GCA_058972435.1_derv_pol	87579314	87582676
NC_001514.1_pol_6	gb|CM180042.1|	87582140	87579816	minus	74.468	97	GCA_058972435.1_smrv_pol	87579316	87582640
NC_001514.1_complete	gb|CM180042.1|	87584262	87579816	minus	74.056	50	GCA_058972435.1_smrv_complete	87579316	87584762
NC_027117.1_gag_4	gb|CM180042.1|	87585011	87583168	minus	85.267	100	GCA_058972435.1_derv_gag	87582668	87585511
NC_027117.1_gag_4	gb|CM180042.1|	93952690	93954368	plus	90.036	100	GCA_058972435.1_derv_gag	93952190	93954868
NC_027117.1_complete	gb|CM180042.1|	93952690	93960019	plus	86.332	71	GCA_058972435.1_derv_complete	93952190	93960519
NC_027117.1_pol_8	gb|CM180042.1|	93955351	93957709	plus	91.267	98	GCA_058972435.1_derv_pol	93954851	93958209
NC_027117.1_env_10	gb|CM180042.1|	93957859	93959570	plus	76.64	97	GCA_058972435.1_derv_env	93957359	93960070
NC_027117.1_env_10	gb|CM180042.1|	98384054	98383071	minus	80.302	97	GCA_058972435.1_derv_env	98382571	98384554
NC_001514.1_env_8	gb|CM180042.1|	98384054	98383121	minus	74.761	54	GCA_058972435.1_smrv_env	98382621	98384554
NC_001514.1_env_11	gb|CM180042.1|	98383644	98383121	minus	75.66	93	GCA_058972435.1_smrv_env	98382621	98384144
NC_027117.1_gag_4	gb|CM180042.1|	98385429	98384047	minus	85.642	100	GCA_058972435.1_derv_gag	98383547	98385929
NC_027117.1_pol_8	gb|CM180042.1|	98399272	98396909	minus	79.537	98	GCA_058972435.1_derv_pol	98396409	98399772
NC_001514.1_pol_6	gb|CM180042.1|	98399236	98396911	minus	74.798	97	GCA_058972435.1_smrv_pol	98396411	98399736
NC_027117.1_gag_4	gb|CM180042.1|	98401309	98399875	minus	84.99	100	GCA_058972435.1_derv_gag	98399375	98401809
NC_027117.1_env_10	gb|CM180042.1|	115428825	115429809	plus	81.087	97	GCA_058972435.1_derv_env	115428325	115430309
NC_027117.1_env_10	gb|CM180042.1|	129998027	129999009	plus	77.512	97	GCA_058972435.1_derv_env	129997527	129999509
NC_001514.1_env_8	gb|CM180042.1|	129998027	129998951	plus	73.355	54	GCA_058972435.1_smrv_env	129997527	129999451
NC_001514.1_env_11	gb|CM180042.1|	129998434	129998951	plus	73.496	93	GCA_058972435.1_smrv_env	129997934	129999451
NC_027117.1_gag_4	gb|CM180042.1|	146306527	146308000	plus	88.049	100	GCA_058972435.1_derv_gag	146306027	146308500
NC_027117.1_pol_8	gb|CM180042.1|	146308993	146311345	plus	79.172	98	GCA_058972435.1_derv_pol	146308493	146311845
NC_027117.1_complete	gb|CM180043.1|	12216731	12208765	minus	81.03	76	GCA_058972435.1_derv_complete	12208265	12217231
NC_027117.1_env_10	gb|CM180043.1|	12210829	12209129	minus	75.972	95	GCA_058972435.1_derv_env	12208629	12211329
NC_027117.1_pol_8	gb|CM180043.1|	12213371	12211008	minus	79.453	98	GCA_058972435.1_derv_pol	12210508	12213871
NC_027117.1_gag_4	gb|CM180043.1|	12216547	12214370	minus	85.656	100	GCA_058972435.1_derv_gag	12213870	12217047
NC_001514.1_env_11	gb|CM180043.1|	13848365	13847888	minus	76.289	85	GCA_058972435.1_smrv_env	13847388	13848865
NC_001514.1_env_11	gb|CM180043.1|	13866276	13865838	minus	76.457	85	GCA_058972435.1_smrv_env	13865338	13866776
NC_027117.1_gag_4	gb|CM180043.1|	49211695	49213231	plus	86.822	100	GCA_058972435.1_derv_gag	49211195	49213731
NC_027117.1_pol_8	gb|CM180043.1|	49214230	49216586	plus	79.087	98	GCA_058972435.1_derv_pol	49213730	49217086
NC_027117.1_gag_4	gb|CM180043.1|	49219164	49221163	plus	86.883	100	GCA_058972435.1_derv_gag	49218664	49221663
NC_027117.1_complete	gb|CM180043.1|	49219164	49224502	plus	83.184	76	GCA_058972435.1_derv_complete	49218664	49225002
NC_027117.1_pol_8	gb|CM180043.1|	49222155	49224502	plus	78.852	98	GCA_058972435.1_derv_pol	49221655	49225002
NC_027117.1_gag_4	gb|CM180043.1|	49227068	49229070	plus	86.809	100	GCA_058972435.1_derv_gag	49226568	49229570
NC_027117.1_complete	gb|CM180043.1|	49227068	49232418	plus	83.271	76	GCA_058972435.1_derv_complete	49226568	49232918
NC_001514.1_complete	gb|CM180043.1|	49227976	49232416	plus	73.557	50	GCA_058972435.1_smrv_complete	49227476	49232916
NC_027117.1_pol_8	gb|CM180043.1|	49230062	49232418	plus	79.401	98	GCA_058972435.1_derv_pol	49229562	49232918
NC_027117.1_pol_8	gb|CM180043.1|	76748067	76745705	minus	79.579	98	GCA_058972435.1_derv_pol	76745205	76748567
NC_001514.1_pol_6	gb|CM180043.1|	76748031	76745707	minus	74.968	97	GCA_058972435.1_smrv_pol	76745207	76748531
NC_027117.1_complete	gb|CM180043.1|	83359352	83352758	minus	81.155	76	GCA_058972435.1_derv_complete	83352258	83359852
NC_027117.1_pol_8	gb|CM180043.1|	83355902	83353540	minus	79.57	98	GCA_058972435.1_derv_pol	83353040	83356402
NC_027117.1_gag_4	gb|CM180043.1|	83359098	83356894	minus	85.708	100	GCA_058972435.1_derv_gag	83356394	83359598
NC_027117.1_gag_4	gb|CM180043.1|	129746180	129747698	plus	84.967	100	GCA_058972435.1_derv_gag	129745680	129748198
NC_001514.1_gag_2	gb|CM180043.1|	150633586	150634686	plus	72.992	50	GCA_058972435.1_smrv_gag	150633086	150635186
NC_001514.1_env_11	gb|CM180043.1|	174878691	174878253	minus	77.13	85	GCA_058972435.1_smrv_env	174877753	174879191
NC_027117.1_complete	gb|CM180044.1|	5076512	5082505	plus	89.531	77	GCA_058972435.1_derv_complete	5076012	5083005
NC_027117.1_gag_4	gb|CM180044.1|	5076854	5079067	plus	87.978	100	GCA_058972435.1_derv_gag	5076354	5079567
NC_027117.1_pol_8	gb|CM180044.1|	5080060	5082420	plus	91.152	98	GCA_058972435.1_derv_pol	5079560	5082920
NC_001514.1_env_11	gb|CM180044.1|	6123722	6124162	plus	75.785	93	GCA_058972435.1_smrv_env	6123222	6124662
NC_001514.1_env_11	gb|CM180044.1|	6128376	6128820	plus	75.336	93	GCA_058972435.1_smrv_env	6127876	6129320
NC_001514.1_env_11	gb|CM180044.1|	8786586	8787030	plus	75.664	93	GCA_058972435.1_smrv_env	8786086	8787530
NC_001514.1_env_11	gb|CM180044.1|	14230335	14229886	minus	76.044	93	GCA_058972435.1_smrv_env	14229386	14230835
NC_001514.1_env_11	gb|CM180044.1|	15801115	15800673	minus	76.854	93	GCA_058972435.1_smrv_env	15800173	15801615
NC_027117.1_gag_4	gb|CM180044.1|	15829143	15830666	plus	88.328	100	GCA_058972435.1_derv_gag	15828643	15831166
NC_027117.1_pol_8	gb|CM180044.1|	15831658	15834010	plus	79.434	98	GCA_058972435.1_derv_pol	15831158	15834510
NC_027117.1_pol_8	gb|CM180044.1|	18298295	18295946	minus	79.288	98	GCA_058972435.1_derv_pol	18295446	18298795
NC_027117.1_gag_4	gb|CM180044.1|	18301665	18299454	minus	87.031	100	GCA_058972435.1_derv_gag	18298954	18302165
NC_027117.1_complete	gb|CM180044.1|	38604084	38610763	plus	80.932	77	GCA_058972435.1_derv_complete	38603584	38611263
NC_027117.1_gag_4	gb|CM180044.1|	38604416	38606624	plus	85.547	100	GCA_058972435.1_derv_gag	38603916	38607124
NC_001514.1_complete	gb|CM180044.1|	38605511	38609981	plus	73.861	51	GCA_058972435.1_smrv_complete	38605011	38610481
NC_027117.1_pol_8	gb|CM180044.1|	38607621	38609983	plus	79.284	98	GCA_058972435.1_derv_pol	38607121	38610483
NC_001514.1_pol_6	gb|CM180044.1|	38607648	38609981	plus	74.417	97	GCA_058972435.1_smrv_pol	38607148	38610481
NC_027117.1_complete	gb|CM180044.1|	39031285	39024608	minus	80.705	77	GCA_058972435.1_derv_complete	39024108	39031785
NC_027117.1_pol_8	gb|CM180044.1|	39027750	39025389	minus	79.251	98	GCA_058972435.1_derv_pol	39024889	39028250
NC_001514.1_pol_6	gb|CM180044.1|	39027714	39025391	minus	74.809	97	GCA_058972435.1_smrv_pol	39024891	39028214
NC_001514.1_complete	gb|CM180044.1|	39029852	39025391	minus	74.131	51	GCA_058972435.1_smrv_complete	39024891	39030352
NC_027117.1_gag_4	gb|CM180044.1|	39030936	39028742	minus	84.998	100	GCA_058972435.1_derv_gag	39028242	39031436
NC_001514.1_env_8	gb|CM180044.1|	46003808	46004717	plus	73.269	54	GCA_058972435.1_smrv_env	46003308	46005217
NC_027117.1_env_10	gb|CM180044.1|	46003903	46004775	plus	80.405	95	GCA_058972435.1_derv_env	46003403	46005275
NC_001514.1_env_11	gb|CM180044.1|	46004200	46004717	plus	74.48	93	GCA_058972435.1_smrv_env	46003700	46005217
NC_001514.1_env_11	gb|CM180044.1|	108733966	108734248	plus	78.445	93	GCA_058972435.1_smrv_env	108733466	108734748
NC_027117.1_gag_4	gb|CM180044.1|	140699064	140700518	plus	87.731	100	GCA_058972435.1_derv_gag	140698564	140701018
NC_027117.1_complete	gb|CM180044.1|	140699064	140706094	plus	81.232	77	GCA_058972435.1_derv_complete	140698564	140706594
NC_027117.1_pol_8	gb|CM180044.1|	140701514	140703875	plus	79.428	98	GCA_058972435.1_derv_pol	140701014	140704375
NC_027117.1_env_10	gb|CM180044.1|	140704053	140705729	plus	77.208	95	GCA_058972435.1_derv_env	140703553	140706229
NC_001514.1_pol_6	gb|CM180045.1|	2864978	2867284	plus	74.892	97	GCA_058972435.1_smrv_pol	2864478	2867784
NC_027117.1_gag_4	gb|CM180045.1|	12138086	12140287	plus	85.882	100	GCA_058972435.1_derv_gag	12137586	12140787
NC_027117.1_pol_8	gb|CM180045.1|	12141112	12143474	plus	79.781	98	GCA_058972435.1_derv_pol	12140612	12143974
NC_001514.1_pol_6	gb|CM180045.1|	12141139	12143472	plus	74.852	97	GCA_058972435.1_smrv_pol	12140639	12143972
NC_027117.1_complete	gb|CM180045.1|	34385558	34379482	minus	81.92	58	GCA_058972435.1_derv_complete	34378982	34386058
NC_027117.1_pol_8	gb|CM180045.1|	34382134	34379772	minus	79.705	98	GCA_058972435.1_derv_pol	34379272	34382634
NC_027117.1_gag_4	gb|CM180045.1|	34385316	34383126	minus	84.887	100	GCA_058972435.1_derv_gag	34382626	34385816
NC_027117.1_pol_8	gb|CM180045.1|	139453078	139455440	plus	79.368	98	GCA_058972435.1_derv_pol	139452578	139455940
NC_001514.1_pol_6	gb|CM180045.1|	139453105	139455438	plus	74.597	97	GCA_058972435.1_smrv_pol	139452605	139455938
NC_001514.1_pol_6	gb|CM180046.1|	49777945	49780257	plus	74.104	97	GCA_058972435.1_smrv_pol	49777445	49780757
NC_027117.1_env_10	gb|CM180046.1|	72216044	72217029	plus	77.956	56	GCA_058972435.1_derv_env	72215544	72217529
NC_027117.1_complete	gb|CM180046.1|	85226587	85232458	plus	82.597	63	GCA_058972435.1_derv_complete	85226087	85232958
NC_027117.1_gag_4	gb|CM180046.1|	85226924	85229121	plus	85.359	100	GCA_058972435.1_derv_gag	85226424	85229621
NC_001514.1_complete	gb|CM180046.1|	85228050	85232455	plus	73.916	51	GCA_058972435.1_smrv_complete	85227550	85232955
NC_027117.1_pol_8	gb|CM180046.1|	85230112	85232458	plus	79.284	98	GCA_058972435.1_derv_pol	85229612	85232958
NC_001514.1_pol_6	gb|CM180046.1|	85230139	85232455	plus	74.501	97	GCA_058972435.1_smrv_pol	85229639	85232955
NC_027117.1_complete	gb|CM180046.1|	89990726	89997415	plus	80.959	63	GCA_058972435.1_derv_complete	89990226	89997915
NC_027117.1_gag_4	gb|CM180046.1|	89991069	89993273	plus	85.798	100	GCA_058972435.1_derv_gag	89990569	89993773
NC_001514.1_complete	gb|CM180046.1|	89992161	89996632	plus	73.983	51	GCA_058972435.1_smrv_complete	89991661	89997132
NC_027117.1_pol_8	gb|CM180046.1|	89994272	89996634	plus	79.402	98	GCA_058972435.1_derv_pol	89993772	89997134
NC_001514.1_pol_6	gb|CM180046.1|	89994298	89996632	plus	74.682	97	GCA_058972435.1_smrv_pol	89993798	89997132
NC_027117.1_pol_8	gb|CM180046.1|	101976052	101973690	minus	79.621	98	GCA_058972435.1_derv_pol	101973190	101976552
NC_027117.1_pol_8	gb|CM180046.1|	102643958	102641596	minus	79.621	98	GCA_058972435.1_derv_pol	102641096	102644458
NC_027117.1_pol_8	gb|CM180046.1|	103798174	103795812	minus	79.537	98	GCA_058972435.1_derv_pol	103795312	103798674
NC_001514.1_env_11	gb|CM180046.1|	125899022	125899480	plus	76.356	81	GCA_058972435.1_smrv_env	125898522	125899980
NC_027117.1_pol_8	gb|CM180047.1|	91018435	91019922	plus	80.885	98	GCA_058972435.1_derv_pol	91017935	91020422
NC_027117.1_pol_8	gb|CM180047.1|	101118600	101116240	minus	79.444	98	GCA_058972435.1_derv_pol	101115740	101119100
NC_027117.1_complete	gb|CM180047.1|	101122136	101116240	minus	83.007	72	GCA_058972435.1_derv_complete	101115740	101122636
NC_001514.1_pol_6	gb|CM180047.1|	101118564	101116242	minus	74.255	97	GCA_058972435.1_smrv_pol	101115742	101119064
NC_027117.1_gag_4	gb|CM180047.1|	101121790	101119591	minus	85.734	100	GCA_058972435.1_derv_gag	101119091	101122290
NC_027117.1_pol_8	gb|CM180047.1|	101236817	101234732	minus	78.857	98	GCA_058972435.1_derv_pol	101234232	101237317
NC_027117.1_pol_8	gb|CM180047.1|	101402593	101400508	minus	78.867	98	GCA_058972435.1_derv_pol	101400008	101403093
NC_027117.1_pol_8	gb|CM180047.1|	101511210	101509125	minus	78.81	98	GCA_058972435.1_derv_pol	101508625	101511710
NC_027117.1_pol_8	gb|CM180047.1|	101583896	101581811	minus	78.962	98	GCA_058972435.1_derv_pol	101581311	101584396
NC_027117.1_pol_8	gb|CM180047.1|	101693528	101691443	minus	78.915	98	GCA_058972435.1_derv_pol	101690943	101694028
NC_027117.1_pol_8	gb|CM180047.1|	101787205	101785120	minus	78.857	98	GCA_058972435.1_derv_pol	101784620	101787705
NC_027117.1_pol_8	gb|CM180047.1|	101914383	101912298	minus	78.81	98	GCA_058972435.1_derv_pol	101911798	101914883
NC_027117.1_pol_8	gb|CM180047.1|	102014909	102012824	minus	78.81	98	GCA_058972435.1_derv_pol	102012324	102015409
NC_027117.1_pol_8	gb|CM180047.1|	102085282	102083197	minus	78.905	98	GCA_058972435.1_derv_pol	102082697	102085782
NC_027117.1_pol_8	gb|CM180047.1|	102159876	102157791	minus	78.915	98	GCA_058972435.1_derv_pol	102157291	102160376
NC_027117.1_pol_8	gb|CM180047.1|	102222426	102220341	minus	78.857	98	GCA_058972435.1_derv_pol	102219841	102222926
NC_027117.1_pol_8	gb|CM180047.1|	102377735	102375650	minus	78.857	98	GCA_058972435.1_derv_pol	102375150	102378235
NC_027117.1_pol_8	gb|CM180047.1|	102456591	102454506	minus	78.857	98	GCA_058972435.1_derv_pol	102454006	102457091
NC_027117.1_pol_8	gb|CM180047.1|	102579401	102577316	minus	78.857	98	GCA_058972435.1_derv_pol	102576816	102579901
NC_027117.1_pol_8	gb|CM180047.1|	102674042	102671957	minus	78.81	98	GCA_058972435.1_derv_pol	102671457	102674542
NC_027117.1_pol_8	gb|CM180047.1|	102842014	102839929	minus	78.962	98	GCA_058972435.1_derv_pol	102839429	102842514
NC_027117.1_pol_8	gb|CM180047.1|	103177521	103175436	minus	78.905	98	GCA_058972435.1_derv_pol	103174936	103178021
NC_027117.1_pol_8	gb|CM180047.1|	103263344	103261259	minus	78.905	98	GCA_058972435.1_derv_pol	103260759	103263844
NC_027117.1_pol_8	gb|CM180047.1|	103417314	103415229	minus	78.952	98	GCA_058972435.1_derv_pol	103414729	103417814
NC_027117.1_pol_8	gb|CM180047.1|	103607377	103605292	minus	78.905	98	GCA_058972435.1_derv_pol	103604792	103607877
NC_027117.1_pol_8	gb|CM180047.1|	103758344	103756259	minus	78.915	98	GCA_058972435.1_derv_pol	103755759	103758844
NC_027117.1_pol_8	gb|CM180047.1|	103818120	103815760	minus	79.672	98	GCA_058972435.1_derv_pol	103815260	103818620
NC_027117.1_complete	gb|CM180047.1|	103821655	103815760	minus	83.058	72	GCA_058972435.1_derv_complete	103815260	103822155
NC_001514.1_pol_6	gb|CM180047.1|	103818084	103815762	minus	74.436	97	GCA_058972435.1_smrv_pol	103815262	103818584
NC_001514.1_complete	gb|CM180047.1|	103820139	103815762	minus	73.985	51	GCA_058972435.1_smrv_complete	103815262	103820639
NC_027117.1_gag_4	gb|CM180047.1|	103821309	103819111	minus	85.811	100	GCA_058972435.1_derv_gag	103818611	103821809
NC_027117.1_complete	gb|CM180047.1|	105745646	105738965	minus	80.875	72	GCA_058972435.1_derv_complete	105738465	105746146
NC_027117.1_pol_8	gb|CM180047.1|	105742105	105739743	minus	79.402	98	GCA_058972435.1_derv_pol	105739243	105742605
NC_001514.1_pol_6	gb|CM180047.1|	105742069	105739745	minus	74.457	97	GCA_058972435.1_smrv_pol	105739245	105742569
NC_001514.1_complete	gb|CM180047.1|	105744210	105739745	minus	73.927	51	GCA_058972435.1_smrv_complete	105739245	105744710
NC_027117.1_gag_4	gb|CM180047.1|	105745304	105743101	minus	85.785	100	GCA_058972435.1_derv_gag	105742601	105745804
NC_027117.1_complete	gb|CM180047.1|	107682128	107687926	plus	82.685	72	GCA_058972435.1_derv_complete	107681628	107688426
NC_027117.1_gag_4	gb|CM180047.1|	107682376	107684573	plus	85.701	100	GCA_058972435.1_derv_gag	107681876	107685073
NC_001514.1_complete	gb|CM180047.1|	107683477	107687924	plus	73.884	51	GCA_058972435.1_smrv_complete	107682977	107688424
NC_027117.1_pol_8	gb|CM180047.1|	107685565	107687926	plus	79.067	98	GCA_058972435.1_derv_pol	107685065	107688426
NC_001514.1_pol_6	gb|CM180047.1|	107685592	107687924	plus	74.28	97	GCA_058972435.1_smrv_pol	107685092	107688424
NC_027117.1_complete	gb|CM180047.1|	119749552	119742959	minus	80.531	72	GCA_058972435.1_derv_complete	119742459	119750052
NC_027117.1_pol_8	gb|CM180047.1|	119747044	119744683	minus	79.235	98	GCA_058972435.1_derv_pol	119744183	119747544
NC_001514.1_pol_6	gb|CM180047.1|	119747008	119744685	minus	74.447	97	GCA_058972435.1_smrv_pol	119744185	119747508
NC_001514.1_complete	gb|CM180047.1|	119749057	119744685	minus	73.917	51	GCA_058972435.1_smrv_complete	119744185	119749557
NC_027117.1_gag_4	gb|CM180047.1|	119749552	119748031	minus	87.148	100	GCA_058972435.1_derv_gag	119747531	119750052
NC_027117.1_complete	gb|CM180047.1|	124109030	124102388	minus	81.414	72	GCA_058972435.1_derv_complete	124101888	124109530
NC_027117.1_pol_8	gb|CM180047.1|	124105533	124103171	minus	79.225	98	GCA_058972435.1_derv_pol	124102671	124106033
NC_001514.1_pol_6	gb|CM180047.1|	124105497	124103173	minus	74.67	97	GCA_058972435.1_smrv_pol	124102673	124105997
NC_001514.1_complete	gb|CM180047.1|	124107620	124103173	minus	74.178	51	GCA_058972435.1_smrv_complete	124102673	124108120
NC_027117.1_gag_4	gb|CM180047.1|	124108728	124106526	minus	86.639	100	GCA_058972435.1_derv_gag	124106026	124109228
NC_027117.1_pol_8	gb|CM180047.1|	130531070	130528708	minus	79.621	98	GCA_058972435.1_derv_pol	130528208	130531570
NC_001514.1_pol_6	gb|CM180047.1|	130531034	130528710	minus	74.734	97	GCA_058972435.1_smrv_pol	130528210	130531534
NC_001514.1_complete	gb|CM180047.1|	130533074	130528710	minus	74.221	51	GCA_058972435.1_smrv_complete	130528210	130533574
NC_027117.1_gag_4	gb|CM180047.1|	130533569	130532063	minus	87.55	100	GCA_058972435.1_derv_gag	130531563	130534069
NC_001514.1_pol_6	gb|CM180047.1|	130539788	130537476	minus	74.389	97	GCA_058972435.1_smrv_pol	130536976	130540288
NC_001514.1_pol_6	gb|CM180047.1|	130546752	130544423	minus	73.85	97	GCA_058972435.1_smrv_pol	130543923	130547252
NC_027117.1_gag_4	gb|CM180047.1|	130986663	130988149	plus	87.315	100	GCA_058972435.1_derv_gag	130986163	130988649
NC_001514.1_complete	gb|CM180047.1|	130987037	130991501	plus	74.292	51	GCA_058972435.1_smrv_complete	130986537	130992001
NC_027117.1_pol_8	gb|CM180047.1|	130989141	130991503	plus	79.486	98	GCA_058972435.1_derv_pol	130988641	130992003
NC_001514.1_pol_6	gb|CM180047.1|	130989168	130991501	plus	74.905	97	GCA_058972435.1_smrv_pol	130988668	130992001
NC_027117.1_complete	gb|CM180047.1|	131738306	131732684	minus	81.097	72	GCA_058972435.1_derv_complete	131732184	131738806
NC_027117.1_pol_8	gb|CM180047.1|	131735828	131733466	minus	79.528	98	GCA_058972435.1_derv_pol	131732966	131736328
NC_001514.1_pol_6	gb|CM180047.1|	131735792	131733468	minus	74.979	97	GCA_058972435.1_smrv_pol	131732968	131736292
NC_001514.1_complete	gb|CM180047.1|	131737916	131733468	minus	74.317	51	GCA_058972435.1_smrv_complete	131732968	131738416
NC_027117.1_gag_4	gb|CM180047.1|	131738306	131736820	minus	86.846	100	GCA_058972435.1_derv_gag	131736320	131738806
NC_027117.1_pol_8	gb|CM180048.1|	76554308	76551951	minus	78.879	98	GCA_058972435.1_derv_pol	76551451	76554808
NC_027117.1_gag_4	gb|CM180048.1|	76556819	76555300	minus	86.942	100	GCA_058972435.1_derv_gag	76554800	76557319
NC_027117.1_complete	gb|CM180048.1|	82881563	82887452	plus	83.477	77	GCA_058972435.1_derv_complete	82881063	82887952
NC_027117.1_gag_4	gb|CM180048.1|	82881892	82884095	plus	86.199	100	GCA_058972435.1_derv_gag	82881392	82884595
NC_027117.1_pol_8	gb|CM180048.1|	82885090	82887452	plus	79.663	98	GCA_058972435.1_derv_pol	82884590	82887952
NC_001514.1_pol_6	gb|CM180048.1|	82885117	82887450	plus	74.735	97	GCA_058972435.1_smrv_pol	82884617	82887950
NC_027117.1_pol_8	gb|CM180048.1|	84455231	84452877	minus	79.519	98	GCA_058972435.1_derv_pol	84452377	84455731
NC_027117.1_complete	gb|CM180048.1|	84458769	84452877	minus	82.982	77	GCA_058972435.1_derv_complete	84452377	84459269
NC_001514.1_pol_6	gb|CM180048.1|	84455204	84452879	minus	74.755	97	GCA_058972435.1_smrv_pol	84452379	84455704
NC_001514.1_complete	gb|CM180048.1|	84457258	84452879	minus	74.125	51	GCA_058972435.1_smrv_complete	84452379	84457758
NC_027117.1_gag_4	gb|CM180048.1|	84458437	84456232	minus	85.844	100	GCA_058972435.1_derv_gag	84455732	84458937
NC_027117.1_pol_8	gb|CM180048.1|	113961135	113958772	minus	79.789	98	GCA_058972435.1_derv_pol	113958272	113961635
NC_001514.1_pol_6	gb|CM180048.1|	113961099	113958774	minus	74.883	97	GCA_058972435.1_smrv_pol	113958274	113961599
NC_027117.1_gag_4	gb|CM180048.1|	127109457	127110977	plus	86.877	100	GCA_058972435.1_derv_gag	127108957	127111477
NC_001514.1_complete	gb|CM180048.1|	127109865	127114329	plus	74.087	51	GCA_058972435.1_smrv_complete	127109365	127114829
NC_027117.1_pol_8	gb|CM180048.1|	127111969	127114331	plus	79.63	98	GCA_058972435.1_derv_pol	127111469	127114831
NC_001514.1_pol_6	gb|CM180048.1|	127111996	127114329	plus	74.724	97	GCA_058972435.1_smrv_pol	127111496	127114829
NC_027117.1_pol_8	gb|CM180048.1|	129790545	129788183	minus	79.621	98	GCA_058972435.1_derv_pol	129787683	129791045
NC_001514.1_pol_6	gb|CM180048.1|	129790509	129788185	minus	74.957	97	GCA_058972435.1_smrv_pol	129787685	129791009
NC_027117.1_gag_4	gb|CM180048.1|	129793972	129792415	minus	85.467	100	GCA_058972435.1_derv_gag	129791915	129794472
NC_027117.1_gag_4	gb|CM180048.1|	131956749	131958264	plus	86.776	100	GCA_058972435.1_derv_gag	131956249	131958764
NC_027117.1_complete	gb|CM180048.1|	131956749	131963813	plus	81.178	77	GCA_058972435.1_derv_complete	131956249	131964313
NC_001514.1_complete	gb|CM180048.1|	131957239	131961616	plus	74.244	51	GCA_058972435.1_smrv_complete	131956739	131962116
NC_027117.1_pol_8	gb|CM180048.1|	131959255	131961618	plus	79.47	98	GCA_058972435.1_derv_pol	131958755	131962118
NC_001514.1_pol_6	gb|CM180048.1|	131959282	131961616	plus	74.608	97	GCA_058972435.1_smrv_pol	131958782	131962116
NC_027117.1_env_10	gb|CM180048.1|	131961797	131963472	plus	76.869	95	GCA_058972435.1_derv_env	131961297	131963972
NC_027117.1_pol_8	gb|CM180049.1|	56783522	56781160	minus	79.663	98	GCA_058972435.1_derv_pol	56780660	56784022
NC_027117.1_complete	gb|CM180049.1|	56786950	56781160	minus	82.465	63	GCA_058972435.1_derv_complete	56780660	56787450
NC_027117.1_gag_4	gb|CM180049.1|	56786706	56784514	minus	84.661	100	GCA_058972435.1_derv_gag	56784014	56787206
NC_027117.1_complete	gb|CM180049.1|	78505252	78498568	minus	81.385	63	GCA_058972435.1_derv_complete	78498068	78505752
NC_027117.1_pol_8	gb|CM180049.1|	78501713	78499350	minus	79.437	98	GCA_058972435.1_derv_pol	78498850	78502213
NC_001514.1_pol_6	gb|CM180049.1|	78501677	78499353	minus	74.543	97	GCA_058972435.1_smrv_pol	78498853	78502177
NC_027117.1_gag_4	gb|CM180049.1|	78504917	78502711	minus	86.199	100	GCA_058972435.1_derv_gag	78502211	78505417
NC_027117.1_complete	gb|CM180049.1|	101180578	101186476	plus	83.176	63	GCA_058972435.1_derv_complete	101180078	101186976
NC_027117.1_gag_4	gb|CM180049.1|	101180913	101183117	plus	86.244	100	GCA_058972435.1_derv_gag	101180413	101183617
NC_001514.1_complete	gb|CM180049.1|	101182005	101186473	plus	73.918	51	GCA_058972435.1_smrv_complete	101181505	101186973
NC_027117.1_pol_8	gb|CM180049.1|	101184113	101186476	plus	79.302	98	GCA_058972435.1_derv_pol	101183613	101186976
NC_001514.1_pol_6	gb|CM180049.1|	101184140	101186473	plus	74.492	97	GCA_058972435.1_smrv_pol	101183640	101186973
NC_027117.1_complete	gb|CM180049.1|	101305700	101311598	plus	83.159	63	GCA_058972435.1_derv_complete	101305200	101312098
NC_027117.1_gag_4	gb|CM180049.1|	101306035	101308239	plus	86.199	100	GCA_058972435.1_derv_gag	101305535	101308739
NC_001514.1_complete	gb|CM180049.1|	101307127	101311595	plus	73.918	51	GCA_058972435.1_smrv_complete	101306627	101312095
NC_027117.1_pol_8	gb|CM180049.1|	101309235	101311598	plus	79.302	98	GCA_058972435.1_derv_pol	101308735	101312098
NC_001514.1_pol_6	gb|CM180049.1|	101309262	101311595	plus	74.492	97	GCA_058972435.1_smrv_pol	101308762	101312095
NC_027117.1_complete	gb|CM180049.1|	101420633	101426532	plus	83.111	63	GCA_058972435.1_derv_complete	101420133	101427032
NC_027117.1_gag_4	gb|CM180049.1|	101420968	101423172	plus	86.199	100	GCA_058972435.1_derv_gag	101420468	101423672
NC_027117.1_pol_8	gb|CM180049.1|	101424169	101426532	plus	79.26	98	GCA_058972435.1_derv_pol	101423669	101427032
NC_001514.1_pol_6	gb|CM180049.1|	101424196	101426529	plus	74.45	97	GCA_058972435.1_smrv_pol	101423696	101427029
NC_027117.1_complete	gb|CM180049.1|	101579582	101585479	plus	83.111	63	GCA_058972435.1_derv_complete	101579082	101585979
NC_027117.1_gag_4	gb|CM180049.1|	101579917	101582121	plus	86.199	100	GCA_058972435.1_derv_gag	101579417	101582621
NC_001514.1_complete	gb|CM180049.1|	101581009	101585476	plus	73.846	51	GCA_058972435.1_smrv_complete	101580509	101585976
NC_027117.1_pol_8	gb|CM180049.1|	101583116	101585479	plus	79.218	98	GCA_058972435.1_derv_pol	101582616	101585979
NC_001514.1_pol_6	gb|CM180049.1|	101583143	101585476	plus	74.408	97	GCA_058972435.1_smrv_pol	101582643	101585976
NC_027117.1_complete	gb|CM180049.1|	101715092	101720992	plus	83.131	63	GCA_058972435.1_derv_complete	101714592	101721492
NC_027117.1_gag_4	gb|CM180049.1|	101715427	101717631	plus	86.199	100	GCA_058972435.1_derv_gag	101714927	101718131
NC_027117.1_pol_8	gb|CM180049.1|	101718629	101720992	plus	79.26	98	GCA_058972435.1_derv_pol	101718129	101721492
NC_001514.1_pol_6	gb|CM180049.1|	101718656	101720989	plus	74.45	97	GCA_058972435.1_smrv_pol	101718156	101721489
NC_027117.1_complete	gb|CM180049.1|	101859025	101864923	plus	83.142	63	GCA_058972435.1_derv_complete	101858525	101865423
NC_027117.1_gag_4	gb|CM180049.1|	101859360	101861564	plus	86.199	100	GCA_058972435.1_derv_gag	101858860	101862064
NC_001514.1_complete	gb|CM180049.1|	101860452	101864920	plus	73.896	51	GCA_058972435.1_smrv_complete	101859952	101865420
NC_027117.1_pol_8	gb|CM180049.1|	101862560	101864923	plus	79.26	98	GCA_058972435.1_derv_pol	101862060	101865423
NC_001514.1_pol_6	gb|CM180049.1|	101862587	101864920	plus	74.45	97	GCA_058972435.1_smrv_pol	101862087	101865420
NC_027117.1_complete	gb|CM180049.1|	101973806	101979704	plus	83.142	63	GCA_058972435.1_derv_complete	101973306	101980204
NC_027117.1_gag_4	gb|CM180049.1|	101974141	101976345	plus	86.199	100	GCA_058972435.1_derv_gag	101973641	101976845
NC_001514.1_complete	gb|CM180049.1|	101975233	101979701	plus	73.896	51	GCA_058972435.1_smrv_complete	101974733	101980201
NC_027117.1_pol_8	gb|CM180049.1|	101977341	101979704	plus	79.26	98	GCA_058972435.1_derv_pol	101976841	101980204
NC_001514.1_pol_6	gb|CM180049.1|	101977368	101979701	plus	74.45	97	GCA_058972435.1_smrv_pol	101976868	101980201
NC_027117.1_complete	gb|CM180049.1|	102092699	102098597	plus	83.142	63	GCA_058972435.1_derv_complete	102092199	102099097
NC_027117.1_gag_4	gb|CM180049.1|	102093034	102095238	plus	86.199	100	GCA_058972435.1_derv_gag	102092534	102095738
NC_001514.1_complete	gb|CM180049.1|	102094126	102098594	plus	73.896	51	GCA_058972435.1_smrv_complete	102093626	102099094
NC_027117.1_pol_8	gb|CM180049.1|	102096234	102098597	plus	79.26	98	GCA_058972435.1_derv_pol	102095734	102099097
NC_001514.1_pol_6	gb|CM180049.1|	102096261	102098594	plus	74.45	97	GCA_058972435.1_smrv_pol	102095761	102099094
NC_027117.1_complete	gb|CM180049.1|	102368919	102374823	plus	83.086	63	GCA_058972435.1_derv_complete	102368419	102375323
NC_027117.1_gag_4	gb|CM180049.1|	102369253	102371459	plus	86.063	100	GCA_058972435.1_derv_gag	102368753	102371959
NC_001514.1_complete	gb|CM180049.1|	102370347	102374820	plus	73.934	51	GCA_058972435.1_smrv_complete	102369847	102375320
NC_027117.1_pol_8	gb|CM180049.1|	102372460	102374823	plus	79.437	98	GCA_058972435.1_derv_pol	102371960	102375323
NC_001514.1_pol_6	gb|CM180049.1|	102372487	102374820	plus	74.555	97	GCA_058972435.1_smrv_pol	102371987	102375320
NC_027117.1_complete	gb|CM180049.1|	102616238	102622917	plus	81.205	63	GCA_058972435.1_derv_complete	102615738	102623417
NC_027117.1_gag_4	gb|CM180049.1|	102616573	102618776	plus	86.063	100	GCA_058972435.1_derv_gag	102616073	102619276
NC_001514.1_complete	gb|CM180049.1|	102617706	102622132	plus	73.963	51	GCA_058972435.1_smrv_complete	102617206	102622632
NC_027117.1_pol_8	gb|CM180049.1|	102619772	102622135	plus	79.352	98	GCA_058972435.1_derv_pol	102619272	102622635
NC_001514.1_pol_6	gb|CM180049.1|	102619799	102622132	plus	74.471	97	GCA_058972435.1_smrv_pol	102619299	102622632
NC_027117.1_complete	gb|CM180049.1|	102839555	102846233	plus	81.187	63	GCA_058972435.1_derv_complete	102839055	102846733
NC_027117.1_gag_4	gb|CM180049.1|	102839890	102842093	plus	86.018	100	GCA_058972435.1_derv_gag	102839390	102842593
NC_001514.1_complete	gb|CM180049.1|	102840981	102845448	plus	73.846	51	GCA_058972435.1_smrv_complete	102840481	102845948
NC_027117.1_pol_8	gb|CM180049.1|	102843088	102845451	plus	79.31	98	GCA_058972435.1_derv_pol	102842588	102845951
NC_001514.1_pol_6	gb|CM180049.1|	102843115	102845448	plus	74.386	97	GCA_058972435.1_smrv_pol	102842615	102845948
NC_027117.1_complete	gb|CM180049.1|	103008768	103015446	plus	81.231	63	GCA_058972435.1_derv_complete	103008268	103015946
NC_027117.1_gag_4	gb|CM180049.1|	103009103	103011306	plus	86.109	100	GCA_058972435.1_derv_gag	103008603	103011806
NC_001514.1_complete	gb|CM180049.1|	103010194	103014661	plus	73.868	51	GCA_058972435.1_smrv_complete	103009694	103015161
NC_027117.1_pol_8	gb|CM180049.1|	103012301	103014664	plus	79.31	98	GCA_058972435.1_derv_pol	103011801	103015164
NC_001514.1_pol_6	gb|CM180049.1|	103012328	103014661	plus	74.386	97	GCA_058972435.1_smrv_pol	103011828	103015161
NC_027117.1_complete	gb|CM180049.1|	103149166	103155845	plus	81.35	63	GCA_058972435.1_derv_complete	103148666	103156345
NC_027117.1_gag_4	gb|CM180049.1|	103149501	103151705	plus	86.199	100	GCA_058972435.1_derv_gag	103149001	103152205
NC_001514.1_complete	gb|CM180049.1|	103150593	103155060	plus	73.868	51	GCA_058972435.1_smrv_complete	103150093	103155560
NC_027117.1_pol_8	gb|CM180049.1|	103152700	103155063	plus	79.394	98	GCA_058972435.1_derv_pol	103152200	103155563
NC_001514.1_pol_6	gb|CM180049.1|	103152727	103155060	plus	74.471	97	GCA_058972435.1_smrv_pol	103152227	103155560
NC_027117.1_complete	gb|CM180049.1|	103276974	103283654	plus	81.279	63	GCA_058972435.1_derv_complete	103276474	103284154
NC_027117.1_gag_4	gb|CM180049.1|	103277309	103279513	plus	86.109	100	GCA_058972435.1_derv_gag	103276809	103280013
NC_001514.1_complete	gb|CM180049.1|	103278401	103282869	plus	73.818	51	GCA_058972435.1_smrv_complete	103277901	103283369
NC_027117.1_pol_8	gb|CM180049.1|	103280509	103282872	plus	79.352	98	GCA_058972435.1_derv_pol	103280009	103283372
NC_001514.1_pol_6	gb|CM180049.1|	103280536	103282869	plus	74.386	97	GCA_058972435.1_smrv_pol	103280036	103283369
NC_027117.1_complete	gb|CM180049.1|	103414287	103420185	plus	83.131	63	GCA_058972435.1_derv_complete	103413787	103420685
NC_027117.1_gag_4	gb|CM180049.1|	103414622	103416827	plus	86.199	100	GCA_058972435.1_derv_gag	103414122	103417327
NC_001514.1_complete	gb|CM180049.1|	103415715	103420182	plus	73.806	51	GCA_058972435.1_smrv_complete	103415215	103420682
NC_027117.1_pol_8	gb|CM180049.1|	103417822	103420185	plus	79.31	98	GCA_058972435.1_derv_pol	103417322	103420685
NC_001514.1_pol_6	gb|CM180049.1|	103417849	103420182	plus	74.344	97	GCA_058972435.1_smrv_pol	103417349	103420682
NC_027117.1_complete	gb|CM180049.1|	103868946	103874851	plus	83.086	63	GCA_058972435.1_derv_complete	103868446	103875351
NC_027117.1_gag_4	gb|CM180049.1|	103869281	103871488	plus	85.844	100	GCA_058972435.1_derv_gag	103868781	103871988
NC_001514.1_complete	gb|CM180049.1|	103870376	103874848	plus	73.996	51	GCA_058972435.1_smrv_complete	103869876	103875348
NC_027117.1_pol_8	gb|CM180049.1|	103872486	103874851	plus	79.563	98	GCA_058972435.1_derv_pol	103871986	103875351
NC_001514.1_pol_6	gb|CM180049.1|	103872513	103874848	plus	74.852	97	GCA_058972435.1_smrv_pol	103872013	103875348
NC_027117.1_pol_8	gb|CM180050.1|	15797195	15795943	minus	89.172	98	GCA_058972435.1_derv_pol	15795443	15797695
NC_027117.1_complete	gb|CM180050.1|	23466672	23461104	minus	80.813	53	GCA_058972435.1_derv_complete	23460604	23467172
NC_027117.1_pol_8	gb|CM180050.1|	23464244	23461886	minus	79.326	98	GCA_058972435.1_derv_pol	23461386	23464744
NC_001514.1_pol_6	gb|CM180050.1|	23464208	23461888	minus	74.383	97	GCA_058972435.1_smrv_pol	23461388	23464708
NC_001514.1_complete	gb|CM180050.1|	23466335	23461888	minus	73.76	51	GCA_058972435.1_smrv_complete	23461388	23466835
NC_027117.1_gag_4	gb|CM180050.1|	23466672	23465236	minus	86.364	66	GCA_058972435.1_derv_gag	23464736	23467172
NC_027117.1_gag_4	gb|CM180050.1|	30229031	30230474	plus	89.793	66	GCA_058972435.1_derv_gag	30228531	30230974
NC_027117.1_pol_8	gb|CM180050.1|	30231466	30233824	plus	91.098	98	GCA_058972435.1_derv_pol	30230966	30234324
NC_027117.1_gag_4	gb|CM180050.1|	38302736	38304178	plus	89.717	66	GCA_058972435.1_derv_gag	38302236	38304678
NC_027117.1_pol_8	gb|CM180050.1|	38305174	38307532	plus	91.352	98	GCA_058972435.1_derv_pol	38304674	38308032
NC_027117.1_pol_8	gb|CM180050.1|	84902970	84904225	plus	90.207	98	GCA_058972435.1_derv_pol	84902470	84904725
NC_027117.1_pol_8	gb|CM180050.1|	86880384	86878024	minus	90.64	98	GCA_058972435.1_derv_pol	86877524	86880884
NC_027117.1_gag_4	gb|CM180050.1|	86882803	86881376	minus	84.54	66	GCA_058972435.1_derv_gag	86880876	86883303
NC_027117.1_gag_4	gb|CM180050.1|	110604641	110606075	plus	84.913	66	GCA_058972435.1_derv_gag	110604141	110606575
NC_027117.1_pol_8	gb|CM180050.1|	110607067	110609438	plus	90.346	98	GCA_058972435.1_derv_pol	110606567	110609938
NC_027117.1_complete	gb|CM180051.1|	38044327	38051001	plus	81.161	63	GCA_058972435.1_derv_complete	38043827	38051501
NC_027117.1_gag_4	gb|CM180051.1|	38044662	38046865	plus	85.482	100	GCA_058972435.1_derv_gag	38044162	38047365
NC_001514.1_complete	gb|CM180051.1|	38045839	38050220	plus	73.957	50	GCA_058972435.1_smrv_complete	38045339	38050720
NC_027117.1_pol_8	gb|CM180051.1|	38047859	38050222	plus	79.377	98	GCA_058972435.1_derv_pol	38047359	38050722
NC_001514.1_pol_6	gb|CM180051.1|	38047886	38050220	plus	74.418	97	GCA_058972435.1_smrv_pol	38047386	38050720
NC_027117.1_pol_8	gb|CM180051.1|	51595528	51597066	plus	79.587	98	GCA_058972435.1_derv_pol	51595028	51597566
NC_001514.1_env_8	gb|CM180051.1|	51598109	51599220	plus	71.429	65	GCA_058972435.1_smrv_env	51597609	51599720
NC_001514.1_env_11	gb|CM180051.1|	51598844	51599220	plus	73.945	83	GCA_058972435.1_smrv_env	51598344	51599720
NC_027117.1_gag_4	gb|CM180051.1|	53067315	53068899	plus	87.492	100	GCA_058972435.1_derv_gag	53066815	53069399
NC_027117.1_pol_8	gb|CM180051.1|	53069897	53071963	plus	77.906	98	GCA_058972435.1_derv_pol	53069397	53072463
NC_001514.1_env_11	gb|CM180051.1|	67446998	67447455	plus	76.304	83	GCA_058972435.1_smrv_env	67446498	67447955
NC_027117.1_complete	gb|CM180052.1|	35720129	35726820	plus	80.82	63	GCA_058972435.1_derv_complete	35719629	35727320
NC_027117.1_gag_4	gb|CM180052.1|	35720471	35722684	plus	85.656	100	GCA_058972435.1_derv_gag	35719971	35723184
NC_001514.1_complete	gb|CM180052.1|	35721572	35726036	plus	74.208	51	GCA_058972435.1_smrv_complete	35721072	35726536
NC_027117.1_pol_8	gb|CM180052.1|	35723676	35726038	plus	79.167	98	GCA_058972435.1_derv_pol	35723176	35726538
NC_001514.1_pol_6	gb|CM180052.1|	35723703	35726036	plus	74.714	97	GCA_058972435.1_smrv_pol	35723203	35726536
NC_027117.1_pol_8	gb|CM180052.1|	44051912	44049541	minus	90.978	98	GCA_058972435.1_derv_pol	44049041	44052412
NC_027117.1_gag_4	gb|CM180052.1|	44054579	44052904	minus	87.382	100	GCA_058972435.1_derv_gag	44052404	44055079
NC_001514.1_env_11	gb|CM180053.1|	2406435	2405996	minus	77.578	78	GCA_058972435.1_smrv_env	2405496	2406935
NC_027117.1_complete	gb|CM180053.1|	30938925	30944914	plus	89.514	79	GCA_058972435.1_derv_complete	30938425	30945414
NC_027117.1_gag_4	gb|CM180053.1|	30939268	30941480	plus	87.843	100	GCA_058972435.1_derv_gag	30938768	30941980
NC_027117.1_pol_8	gb|CM180053.1|	30942472	30944829	plus	91.607	98	GCA_058972435.1_derv_pol	30941972	30945329
NC_027117.1_complete	gb|CM180053.1|	36203766	36212042	plus	87.054	79	GCA_058972435.1_derv_complete	36203266	36212542
NC_027117.1_gag_4	gb|CM180053.1|	36204205	36206387	plus	90.818	100	GCA_058972435.1_derv_gag	36203705	36206887
NC_027117.1_pol_8	gb|CM180053.1|	36207377	36209735	plus	91.352	98	GCA_058972435.1_derv_pol	36206877	36210235
NC_027117.1_env_10	gb|CM180053.1|	36210288	36211592	plus	79.179	74	GCA_058972435.1_derv_env	36209788	36212092
NC_027117.1_pol_8	gb|CM180053.1|	40820277	40818975	minus	81.672	98	GCA_058972435.1_derv_pol	40818475	40820777
NC_027117.1_complete	gb|CM180053.1|	55291265	55284640	minus	75.529	79	GCA_058972435.1_derv_complete	55284140	55291765
NC_001514.1_complete	gb|CM180053.1|	55291237	55286806	minus	76.381	50	GCA_058972435.1_smrv_complete	55286306	55291737
NC_001514.1_env_11	gb|CM180053.1|	55488759	55488318	minus	76.063	78	GCA_058972435.1_smrv_env	55487818	55489259
NC_027117.1_pol_8	gb|CM180053.1|	57109772	57111027	plus	89.968	98	GCA_058972435.1_derv_pol	57109272	57111527
NC_027117.1_gag_4	gb|CM180053.1|	57370670	57372112	plus	88.958	100	GCA_058972435.1_derv_gag	57370170	57372612
NC_027117.1_pol_8	gb|CM180053.1|	57373104	57375329	plus	91.24	98	GCA_058972435.1_derv_pol	57372604	57375829
NC_027117.1_pol_8	gb|CM180053.1|	66252307	66253562	plus	90.127	98	GCA_058972435.1_derv_pol	66251807	66254062
NC_027117.1_pol_8	gb|CM180053.1|	73565710	73563352	minus	90.25	98	GCA_058972435.1_derv_pol	73562852	73566210
NC_027117.1_gag_4	gb|CM180053.1|	73568130	73566702	minus	84.969	100	GCA_058972435.1_derv_gag	73566202	73568630
NC_027117.1_gag_4	gb|CM180053.1|	88369469	88370928	plus	85.549	100	GCA_058972435.1_derv_gag	88368969	88371428
NC_027117.1_env_10	gb|CM180053.1|	88370921	88371910	plus	81.3	74	GCA_058972435.1_derv_env	88370421	88372410
NC_027117.1_pol_8	gb|CM180053.1|	89638788	89641141	plus	90.952	98	GCA_058972435.1_derv_pol	89638288	89641641
NC_027117.1_pol_8	gb|CM180053.1|	106988636	106989891	plus	89.889	98	GCA_058972435.1_derv_pol	106988136	106990391
NC_027117.1_pol_8	gb|CM180053.1|	110387123	110384770	minus	90.824	98	GCA_058972435.1_derv_pol	110384270	110387623
NC_027117.1_gag_4	gb|CM180053.1|	110389544	110388116	minus	88.014	100	GCA_058972435.1_derv_gag	110387616	110390044
NC_027117.1_pol_8	gb|CM180053.1|	133883728	133881366	minus	79.781	98	GCA_058972435.1_derv_pol	133880866	133884228
NC_027117.1_complete	gb|CM180053.1|	133887155	133881366	minus	82.459	79	GCA_058972435.1_derv_complete	133880866	133887655
NC_027117.1_gag_4	gb|CM180053.1|	133886912	133884720	minus	84.57	100	GCA_058972435.1_derv_gag	133884220	133887412
NC_027117.1_complete	gb|CM180053.1|	135183006	135176435	minus	80.743	79	GCA_058972435.1_derv_complete	135175935	135183506
NC_027117.1_pol_8	gb|CM180053.1|	135179578	135177216	minus	79.655	98	GCA_058972435.1_derv_pol	135176716	135180078
NC_027117.1_gag_4	gb|CM180053.1|	135182762	135180570	minus	84.615	100	GCA_058972435.1_derv_gag	135180070	135183262
NC_027117.1_LTR_1	gb|CM180054.1|	82663514	82663901	plus	91.582	100	GCA_058972505.1_derv_ltr	82663014	82664401
NC_027117.1_LTR_12	gb|CM180054.1|	82664474	82665299	plus	84.39	55	GCA_058972505.1_derv_ltr	82663974	82665799
NC_027117.1_complete	gb|CM180054.1|	115192686	115199272	plus	81.02	63	GCA_058972505.1_derv_complete	115192186	115199772
NC_027117.1_gag_4	gb|CM180054.1|	115192930	115195133	plus	85.604	100	GCA_058972505.1_derv_gag	115192430	115195633
NC_027117.1_pol_8	gb|CM180054.1|	115196129	115198491	plus	79.621	98	GCA_058972505.1_derv_pol	115195629	115198991
NC_027117.1_complete	gb|CM180054.1|	132352723	132358617	plus	82.998	63	GCA_058972505.1_derv_complete	132352223	132359117
NC_027117.1_gag_4	gb|CM180054.1|	132353058	132355263	plus	85.882	100	GCA_058972505.1_derv_gag	132352558	132355763
NC_027117.1_pol_8	gb|CM180054.1|	132356256	132358617	plus	79.377	98	GCA_058972505.1_derv_pol	132355756	132359117
NC_027117.1_gag_4	gb|CM180054.1|	159331346	159329911	minus	85.972	100	GCA_058972505.1_derv_gag	159329411	159331846
NC_027117.1_env_10	gb|CM180055.1|	100777131	100776141	minus	78.308	56	GCA_058972505.1_derv_env	100775641	100777631
NC_027117.1_gag_4	gb|CM180055.1|	100778587	100777124	minus	85.773	100	GCA_058972505.1_derv_gag	100776624	100779087
NC_027117.1_complete	gb|CM180055.1|	106117125	106110448	minus	80.916	64	GCA_058972505.1_derv_complete	106109948	106117625
NC_027117.1_pol_8	gb|CM180055.1|	106113592	106111230	minus	79.528	98	GCA_058972505.1_derv_pol	106110730	106114092
NC_001514.1_pol_6	gb|CM180055.1|	106113556	106111232	minus	74.872	97	GCA_058972505.1_smrv_pol	106110732	106114056
NC_001514.1_complete	gb|CM180055.1|	106115654	106111232	minus	74.38	50	GCA_058972505.1_smrv_complete	106110732	106116154
NC_027117.1_gag_4	gb|CM180055.1|	106116788	106114584	minus	85.611	100	GCA_058972505.1_derv_gag	106114084	106117288
NC_027117.1_complete	gb|CM180055.1|	107958495	107964395	plus	82.695	64	GCA_058972505.1_derv_complete	107957995	107964895
NC_027117.1_gag_4	gb|CM180055.1|	107958839	107961044	plus	85.301	100	GCA_058972505.1_derv_gag	107958339	107961544
NC_027117.1_pol_8	gb|CM180055.1|	107962036	107964395	plus	79.477	98	GCA_058972505.1_derv_pol	107961536	107964895
NC_001514.1_pol_6	gb|CM180055.1|	107962063	107964397	plus	74.905	97	GCA_058972505.1_smrv_pol	107961563	107964897
NC_027117.1_complete	gb|CM180055.1|	115983330	115976656	minus	81.403	64	GCA_058972505.1_derv_complete	115976156	115983830
NC_027117.1_pol_8	gb|CM180055.1|	115979800	115977438	minus	79.655	98	GCA_058972505.1_derv_pol	115976938	115980300
NC_027117.1_gag_4	gb|CM180055.1|	115982988	115980796	minus	85.701	100	GCA_058972505.1_derv_gag	115980296	115983488
NC_027117.1_gag_4	gb|CM180055.1|	120894207	120895631	plus	82.594	100	GCA_058972505.1_derv_gag	120893707	120896131
NC_027117.1_pol_8	gb|CM180056.1|	60455271	60457352	plus	90.25	98	GCA_058972505.1_derv_pol	60454771	60457852
NC_027117.1_complete	gb|CM180056.1|	88514455	88508479	minus	81.044	71	GCA_058972505.1_derv_complete	88507979	88514955
NC_027117.1_pol_8	gb|CM180056.1|	88511623	88509261	minus	79.537	98	GCA_058972505.1_derv_pol	88508761	88512123
NC_001514.1_pol_6	gb|CM180056.1|	88511587	88509263	minus	74.511	97	GCA_058972505.1_smrv_pol	88508763	88512087
NC_001514.1_complete	gb|CM180056.1|	88513709	88509263	minus	74.078	50	GCA_058972505.1_smrv_complete	88508763	88514209
NC_027117.1_gag_4	gb|CM180056.1|	88514455	88512615	minus	85.297	96	GCA_058972505.1_derv_gag	88512115	88514955
NC_027117.1_gag_4	gb|CM180056.1|	93859035	93860713	plus	90.214	96	GCA_058972505.1_derv_gag	93858535	93861213
NC_027117.1_complete	gb|CM180056.1|	93859035	93866367	plus	86.388	71	GCA_058972505.1_derv_complete	93858535	93866867
NC_027117.1_pol_8	gb|CM180056.1|	93861697	93864055	plus	91.225	98	GCA_058972505.1_derv_pol	93861197	93864555
NC_027117.1_env_10	gb|CM180056.1|	93864239	93865916	plus	76.837	95	GCA_058972505.1_derv_env	93863739	93866416
NC_027117.1_env_10	gb|CM180056.1|	98290125	98289142	minus	80.0	95	GCA_058972505.1_derv_env	98288642	98290625
NC_001514.1_env_8	gb|CM180056.1|	98290125	98289192	minus	74.47	54	GCA_058972505.1_smrv_env	98288692	98290625
NC_001514.1_env_11	gb|CM180056.1|	98289715	98289192	minus	75.33	93	GCA_058972505.1_smrv_env	98288692	98290215
NC_027117.1_gag_4	gb|CM180056.1|	98291498	98290118	minus	85.108	96	GCA_058972505.1_derv_gag	98289618	98291998
NC_027117.1_pol_8	gb|CM180056.1|	98304384	98303021	minus	81.832	98	GCA_058972505.1_derv_pol	98302521	98304884
NC_027117.1_env_10	gb|CM180056.1|	115332780	115333764	plus	81.187	95	GCA_058972505.1_derv_env	115332280	115334264
NC_027117.1_env_10	gb|CM180056.1|	129955932	129956922	plus	78.386	95	GCA_058972505.1_derv_env	129955432	129957422
NC_001514.1_env_8	gb|CM180056.1|	129955932	129956864	plus	74.255	54	GCA_058972505.1_smrv_env	129955432	129957364
NC_001514.1_env_11	gb|CM180056.1|	129956339	129956864	plus	74.717	93	GCA_058972505.1_smrv_env	129955839	129957364
NC_027117.1_pol_8	gb|CM180056.1|	146297129	146299460	plus	79.043	98	GCA_058972505.1_derv_pol	146296629	146299960
NC_027117.1_complete	gb|CM180057.1|	12174364	12166394	minus	81.014	76	GCA_058972505.1_derv_complete	12165894	12174864
NC_027117.1_env_10	gb|CM180057.1|	12168458	12166758	minus	75.914	95	GCA_058972505.1_derv_env	12166258	12168958
NC_027117.1_pol_8	gb|CM180057.1|	12171000	12168637	minus	79.411	98	GCA_058972505.1_derv_pol	12168137	12171500
NC_027117.1_gag_4	gb|CM180057.1|	12174180	12172002	minus	85.708	100	GCA_058972505.1_derv_gag	12171502	12174680
NC_001514.1_env_11	gb|CM180057.1|	13788295	13787838	minus	77.273	80	GCA_058972505.1_smrv_env	13787338	13788795
NC_001514.1_env_11	gb|CM180057.1|	13806006	13805556	minus	76.638	80	GCA_058972505.1_smrv_env	13805056	13806506
NC_027117.1_gag_4	gb|CM180057.1|	50283268	50284804	plus	87.016	100	GCA_058972505.1_derv_gag	50282768	50285304
NC_027117.1_pol_8	gb|CM180057.1|	50285796	50288143	plus	78.918	98	GCA_058972505.1_derv_pol	50285296	50288643
NC_027117.1_gag_4	gb|CM180057.1|	50290722	50292722	plus	86.697	100	GCA_058972505.1_derv_gag	50290222	50293222
NC_027117.1_complete	gb|CM180057.1|	50290722	50296070	plus	83.172	76	GCA_058972505.1_derv_complete	50290222	50296570
NC_001514.1_complete	gb|CM180057.1|	50291628	50296068	plus	73.606	51	GCA_058972505.1_smrv_complete	50291128	50296568
NC_027117.1_pol_8	gb|CM180057.1|	50293714	50296070	plus	79.232	98	GCA_058972505.1_derv_pol	50293214	50296570
NC_027117.1_gag_4	gb|CM180057.1|	50298648	50300654	plus	86.581	100	GCA_058972505.1_derv_gag	50298148	50301154
NC_027117.1_complete	gb|CM180057.1|	50298648	50303993	plus	83.042	76	GCA_058972505.1_derv_complete	50298148	50304493
NC_027117.1_pol_8	gb|CM180057.1|	50301646	50303993	plus	78.819	98	GCA_058972505.1_derv_pol	50301146	50304493
NC_027117.1_gag_4	gb|CM180057.1|	50306555	50308557	plus	86.76	100	GCA_058972505.1_derv_gag	50306055	50309057
NC_027117.1_complete	gb|CM180057.1|	50306555	50311905	plus	83.234	76	GCA_058972505.1_derv_complete	50306055	50312405
NC_001514.1_complete	gb|CM180057.1|	50307463	50311903	plus	73.595	51	GCA_058972505.1_smrv_complete	50306963	50312403
NC_027117.1_pol_8	gb|CM180057.1|	50309549	50311905	plus	79.358	98	GCA_058972505.1_derv_pol	50309049	50312405
NC_027117.1_pol_8	gb|CM180057.1|	76769571	76767209	minus	79.672	98	GCA_058972505.1_derv_pol	76766709	76770071
NC_001514.1_pol_6	gb|CM180057.1|	76769535	76767211	minus	74.968	97	GCA_058972505.1_smrv_pol	76766711	76770035
NC_027117.1_gag_4	gb|CM180057.1|	109406952	109408376	plus	83.148	100	GCA_058972505.1_derv_gag	109406452	109408876
NC_027117.1_gag_4	gb|CM180057.1|	130384002	130386170	plus	85.55	100	GCA_058972505.1_derv_gag	130383502	130386670
NC_001514.1_gag_2	gb|CM180057.1|	151277915	151279017	plus	73.08	50	GCA_058972505.1_smrv_gag	151277415	151279517
NC_001514.1_complete	gb|CM180057.1|	151277915	151282351	plus	73.846	51	GCA_058972505.1_smrv_complete	151277415	151282851
NC_027117.1_complete	gb|CM180058.1|	4987781	4993774	plus	89.564	77	GCA_058972505.1_derv_complete	4987281	4994274
NC_027117.1_gag_4	gb|CM180058.1|	4988123	4990336	plus	88.204	100	GCA_058972505.1_derv_gag	4987623	4990836
NC_027117.1_pol_8	gb|CM180058.1|	4991329	4993689	plus	91.025	98	GCA_058972505.1_derv_pol	4990829	4994189
NC_001514.1_env_11	gb|CM180058.1|	5206662	5207106	plus	75.785	81	GCA_058972505.1_smrv_env	5206162	5207606
NC_001514.1_env_11	gb|CM180058.1|	7805391	7805835	plus	75.664	81	GCA_058972505.1_smrv_env	7804891	7806335
NC_027117.1_complete	gb|CM180058.1|	8401961	8396340	minus	81.333	77	GCA_058972505.1_derv_complete	8395840	8402461
NC_027117.1_pol_8	gb|CM180058.1|	8399484	8397122	minus	79.747	98	GCA_058972505.1_derv_pol	8396622	8399984
NC_001514.1_pol_6	gb|CM180058.1|	8399448	8397124	minus	75.011	97	GCA_058972505.1_smrv_pol	8396624	8399948
NC_001514.1_complete	gb|CM180058.1|	8401570	8397124	minus	74.333	51	GCA_058972505.1_smrv_complete	8396624	8402070
NC_027117.1_gag_4	gb|CM180058.1|	8401961	8400476	minus	87.123	100	GCA_058972505.1_derv_gag	8399976	8402461
NC_001514.1_env_11	gb|CM180058.1|	13249628	13249179	minus	76.044	81	GCA_058972505.1_smrv_env	13248679	13250128
NC_001514.1_env_11	gb|CM180058.1|	14891147	14890705	minus	77.079	81	GCA_058972505.1_smrv_env	14890205	14891647
NC_027117.1_complete	gb|CM180058.1|	14918458	14924082	plus	83.681	77	GCA_058972505.1_derv_complete	14917958	14924582
NC_027117.1_gag_4	gb|CM180058.1|	14918524	14920736	plus	86.661	100	GCA_058972505.1_derv_gag	14918024	14921236
NC_027117.1_pol_8	gb|CM180058.1|	14921728	14924082	plus	79.451	98	GCA_058972505.1_derv_pol	14921228	14924582
NC_027117.1_pol_8	gb|CM180058.1|	17390980	17388631	minus	79.077	98	GCA_058972505.1_derv_pol	17388131	17391480
NC_027117.1_gag_4	gb|CM180058.1|	17394355	17392142	minus	86.902	100	GCA_058972505.1_derv_gag	17391642	17394855
NC_027117.1_complete	gb|CM180058.1|	37791531	37798206	plus	81.037	77	GCA_058972505.1_derv_complete	37791031	37798706
NC_027117.1_gag_4	gb|CM180058.1|	37791867	37794068	plus	85.824	100	GCA_058972505.1_derv_gag	37791367	37794568
NC_001514.1_complete	gb|CM180058.1|	37792958	37797422	plus	73.993	51	GCA_058972505.1_smrv_complete	37792458	37797922
NC_027117.1_pol_8	gb|CM180058.1|	37795062	37797424	plus	79.233	98	GCA_058972505.1_derv_pol	37794562	37797924
NC_001514.1_pol_6	gb|CM180058.1|	37795098	37797422	plus	74.755	97	GCA_058972505.1_smrv_pol	37794598	37797922
NC_027117.1_pol_8	gb|CM180058.1|	38213377	38211824	minus	75.974	98	GCA_058972505.1_derv_pol	38211324	38213877
NC_001514.1_pol_6	gb|CM180058.1|	38213341	38211854	minus	73.475	97	GCA_058972505.1_smrv_pol	38211354	38213841
NC_027117.1_gag_4	gb|CM180058.1|	38216578	38214371	minus	85.714	100	GCA_058972505.1_derv_gag	38213871	38217078
NC_001514.1_env_11	gb|CM180058.1|	106191607	106192061	plus	76.522	81	GCA_058972505.1_smrv_env	106191107	106192561
NC_027117.1_gag_4	gb|CM180058.1|	138126216	138127669	plus	87.723	100	GCA_058972505.1_derv_gag	138125716	138128169
NC_027117.1_complete	gb|CM180058.1|	138126216	138133253	plus	81.244	77	GCA_058972505.1_derv_complete	138125716	138133753
NC_027117.1_pol_8	gb|CM180058.1|	138128666	138131035	plus	79.371	98	GCA_058972505.1_derv_pol	138128166	138131535
NC_027117.1_env_10	gb|CM180058.1|	138131213	138132888	plus	77.176	95	GCA_058972505.1_derv_env	138130713	138133388
NC_001514.1_pol_6	gb|CM180059.1|	2942012	2944318	plus	74.849	97	GCA_058972505.1_smrv_pol	2941512	2944818
NC_027117.1_gag_4	gb|CM180059.1|	12454026	12456243	plus	85.092	100	GCA_058972505.1_derv_gag	12453526	12456743
NC_027117.1_pol_8	gb|CM180059.1|	12457076	12459438	plus	79.739	98	GCA_058972505.1_derv_pol	12456576	12459938
NC_001514.1_pol_6	gb|CM180059.1|	12457103	12459436	plus	74.947	97	GCA_058972505.1_smrv_pol	12456603	12459936
NC_001514.1_env_11	gb|CM180059.1|	20696429	20696883	plus	75.974	81	GCA_058972505.1_smrv_env	20695929	20697383
NC_027117.1_pol_8	gb|CM180059.1|	44217098	44214736	minus	79.655	98	GCA_058972505.1_derv_pol	44214236	44217598
NC_027117.1_complete	gb|CM180059.1|	44220644	44214736	minus	82.693	56	GCA_058972505.1_derv_complete	44214236	44221144
NC_001514.1_pol_6	gb|CM180059.1|	44217062	44214738	minus	75.17	97	GCA_058972505.1_smrv_pol	44214238	44217562
NC_001514.1_complete	gb|CM180059.1|	44219198	44214738	minus	74.226	51	GCA_058972505.1_smrv_complete	44214238	44219698
NC_027117.1_gag_4	gb|CM180059.1|	44220292	44218090	minus	85.507	100	GCA_058972505.1_derv_gag	44217590	44220792
NC_027117.1_pol_8	gb|CM180059.1|	141420621	141422983	plus	79.284	98	GCA_058972505.1_derv_pol	141420121	141423483
NC_001514.1_pol_6	gb|CM180059.1|	141420648	141422981	plus	74.47	97	GCA_058972505.1_smrv_pol	141420148	141423481
NC_001514.1_pol_6	gb|CM180060.1|	49894073	49896384	plus	74.156	97	GCA_058972505.1_smrv_pol	49893573	49896884
NC_027117.1_env_10	gb|CM180060.1|	72502205	72503190	plus	77.956	56	GCA_058972505.1_derv_env	72501705	72503690
NC_027117.1_gag_4	gb|CM180060.1|	85041615	85042736	plus	88.602	100	GCA_058972505.1_derv_gag	85041115	85043236
NC_001514.1_complete	gb|CM180060.1|	85041624	85046084	plus	74.125	51	GCA_058972505.1_smrv_complete	85041124	85046584
NC_027117.1_pol_8	gb|CM180060.1|	85043727	85046087	plus	79.428	98	GCA_058972505.1_derv_pol	85043227	85046587
NC_001514.1_pol_6	gb|CM180060.1|	85043754	85046084	plus	74.724	97	GCA_058972505.1_smrv_pol	85043254	85046584
NC_027117.1_pol_8	gb|CM180060.1|	85411494	85409136	minus	90.377	98	GCA_058972505.1_derv_pol	85408636	85411994
NC_027117.1_gag_4	gb|CM180060.1|	85413914	85412486	minus	83.299	100	GCA_058972505.1_derv_gag	85411986	85414414
NC_027117.1_complete	gb|CM180060.1|	89823471	89830160	plus	80.933	63	GCA_058972505.1_derv_complete	89822971	89830660
NC_027117.1_gag_4	gb|CM180060.1|	89823814	89826018	plus	85.798	100	GCA_058972505.1_derv_gag	89823314	89826518
NC_001514.1_complete	gb|CM180060.1|	89824906	89829377	plus	73.961	51	GCA_058972505.1_smrv_complete	89824406	89829877
NC_027117.1_pol_8	gb|CM180060.1|	89827017	89829379	plus	79.402	98	GCA_058972505.1_derv_pol	89826517	89829879
NC_001514.1_pol_6	gb|CM180060.1|	89827043	89829377	plus	74.682	97	GCA_058972505.1_smrv_pol	89826543	89829877
NC_001514.1_env_11	gb|CM180060.1|	125606294	125606752	plus	76.356	81	GCA_058972505.1_smrv_env	125605794	125607252
NC_027117.1_pol_8	gb|CM180061.1|	100748609	100746249	minus	79.528	98	GCA_058972505.1_derv_pol	100745749	100749109
NC_027117.1_complete	gb|CM180061.1|	100752142	100746249	minus	83.066	72	GCA_058972505.1_derv_complete	100745749	100752642
NC_001514.1_pol_6	gb|CM180061.1|	100748573	100746251	minus	74.34	97	GCA_058972505.1_smrv_pol	100745751	100749073
NC_027117.1_gag_4	gb|CM180061.1|	100751796	100749600	minus	85.85	100	GCA_058972505.1_derv_gag	100749100	100752296
NC_027117.1_pol_8	gb|CM180061.1|	101059489	101057404	minus	78.857	98	GCA_058972505.1_derv_pol	101056904	101059989
NC_027117.1_pol_8	gb|CM180061.1|	101550562	101548477	minus	78.857	98	GCA_058972505.1_derv_pol	101547977	101551062
NC_027117.1_pol_8	gb|CM180061.1|	101565833	101563748	minus	78.857	98	GCA_058972505.1_derv_pol	101563248	101566333
NC_027117.1_pol_8	gb|CM180061.1|	101705574	101703489	minus	78.81	98	GCA_058972505.1_derv_pol	101702989	101706074
NC_027117.1_pol_8	gb|CM180061.1|	101842470	101840369	minus	78.251	98	GCA_058972505.1_derv_pol	101839869	101842970
NC_027117.1_pol_8	gb|CM180061.1|	101951855	101949770	minus	78.857	98	GCA_058972505.1_derv_pol	101949270	101952355
NC_027117.1_pol_8	gb|CM180061.1|	102075508	102073423	minus	78.905	98	GCA_058972505.1_derv_pol	102072923	102076008
NC_027117.1_pol_8	gb|CM180061.1|	102266497	102264412	minus	78.857	98	GCA_058972505.1_derv_pol	102263912	102266997
NC_027117.1_pol_8	gb|CM180061.1|	102449080	102446995	minus	78.905	98	GCA_058972505.1_derv_pol	102446495	102449580
NC_027117.1_pol_8	gb|CM180061.1|	102701069	102698984	minus	78.857	98	GCA_058972505.1_derv_pol	102698484	102701569
NC_027117.1_pol_8	gb|CM180061.1|	102804795	102802710	minus	78.857	98	GCA_058972505.1_derv_pol	102802210	102805295
NC_027117.1_pol_8	gb|CM180061.1|	102868065	102865980	minus	78.905	98	GCA_058972505.1_derv_pol	102865480	102868565
NC_027117.1_pol_8	gb|CM180061.1|	102917445	102915085	minus	79.588	98	GCA_058972505.1_derv_pol	102914585	102917945
NC_027117.1_complete	gb|CM180061.1|	102920979	102915085	minus	83.01	72	GCA_058972505.1_derv_complete	102914585	102921479
NC_001514.1_pol_6	gb|CM180061.1|	102917409	102915087	minus	74.351	97	GCA_058972505.1_smrv_pol	102914587	102917909
NC_001514.1_complete	gb|CM180061.1|	102919464	102915087	minus	73.894	51	GCA_058972505.1_smrv_complete	102914587	102919964
NC_027117.1_gag_4	gb|CM180061.1|	102920633	102918436	minus	85.714	100	GCA_058972505.1_derv_gag	102917936	102921133
NC_027117.1_complete	gb|CM180061.1|	105039007	105032320	minus	80.818	72	GCA_058972505.1_derv_complete	105031820	105039507
NC_027117.1_pol_8	gb|CM180061.1|	105035460	105033098	minus	79.318	98	GCA_058972505.1_derv_pol	105032598	105035960
NC_001514.1_pol_6	gb|CM180061.1|	105035424	105033100	minus	74.372	97	GCA_058972505.1_smrv_pol	105032600	105035924
NC_001514.1_complete	gb|CM180061.1|	105037568	105033100	minus	73.833	51	GCA_058972505.1_smrv_complete	105032600	105038068
NC_027117.1_gag_4	gb|CM180061.1|	105038662	105036459	minus	85.921	100	GCA_058972505.1_derv_gag	105035959	105039162
NC_027117.1_complete	gb|CM180061.1|	106970327	106976126	plus	82.703	72	GCA_058972505.1_derv_complete	106969827	106976626
NC_027117.1_gag_4	gb|CM180061.1|	106970575	106972773	plus	85.701	100	GCA_058972505.1_derv_gag	106970075	106973273
NC_001514.1_complete	gb|CM180061.1|	106971677	106976124	plus	73.906	51	GCA_058972505.1_smrv_complete	106971177	106976624
NC_027117.1_pol_8	gb|CM180061.1|	106973765	106976126	plus	79.067	98	GCA_058972505.1_derv_pol	106973265	106976626
NC_001514.1_pol_6	gb|CM180061.1|	106973792	106976124	plus	74.28	97	GCA_058972505.1_smrv_pol	106973292	106976624
NC_027117.1_complete	gb|CM180061.1|	119027096	119020500	minus	80.606	72	GCA_058972505.1_derv_complete	119020000	119027596
NC_027117.1_pol_8	gb|CM180061.1|	119024585	119022224	minus	79.352	98	GCA_058972505.1_derv_pol	119021724	119025085
NC_001514.1_pol_6	gb|CM180061.1|	119024549	119022226	minus	74.521	97	GCA_058972505.1_smrv_pol	119021726	119025049
NC_001514.1_complete	gb|CM180061.1|	119026683	119022226	minus	73.976	51	GCA_058972505.1_smrv_complete	119021726	119027183
NC_027117.1_gag_4	gb|CM180061.1|	119027096	119025574	minus	87.287	100	GCA_058972505.1_derv_gag	119025074	119027596
NC_027117.1_complete	gb|CM180061.1|	123350477	123343836	minus	81.456	72	GCA_058972505.1_derv_complete	123343336	123350977
NC_027117.1_pol_8	gb|CM180061.1|	123346981	123344619	minus	79.182	98	GCA_058972505.1_derv_pol	123344119	123347481
NC_001514.1_pol_6	gb|CM180061.1|	123346945	123344621	minus	74.67	97	GCA_058972505.1_smrv_pol	123344121	123347445
NC_001514.1_complete	gb|CM180061.1|	123349067	123344621	minus	74.194	51	GCA_058972505.1_smrv_complete	123344121	123349567
NC_027117.1_gag_4	gb|CM180061.1|	123350175	123347973	minus	86.821	100	GCA_058972505.1_derv_gag	123347473	123350675
NC_027117.1_pol_8	gb|CM180061.1|	129777620	129775258	minus	79.588	98	GCA_058972505.1_derv_pol	129774758	129778120
NC_001514.1_pol_6	gb|CM180061.1|	129777584	129775260	minus	74.755	97	GCA_058972505.1_smrv_pol	129774760	129778084
NC_001514.1_complete	gb|CM180061.1|	129779624	129775260	minus	74.192	51	GCA_058972505.1_smrv_complete	129774760	129780124
NC_027117.1_gag_4	gb|CM180061.1|	129780119	129778613	minus	87.616	100	GCA_058972505.1_derv_gag	129778113	129780619
NC_001514.1_pol_6	gb|CM180061.1|	129786346	129784023	minus	73.826	97	GCA_058972505.1_smrv_pol	129783523	129786846
NC_027117.1_complete	gb|CM180061.1|	130215350	130221011	plus	83.175	72	GCA_058972505.1_derv_complete	130214850	130221511
NC_027117.1_gag_4	gb|CM180061.1|	130215450	130217654	plus	85.882	100	GCA_058972505.1_derv_gag	130214950	130218154
NC_001514.1_complete	gb|CM180061.1|	130216542	130221009	plus	74.204	51	GCA_058972505.1_smrv_complete	130216042	130221509
NC_027117.1_pol_8	gb|CM180061.1|	130218646	130221011	plus	79.504	98	GCA_058972505.1_derv_pol	130218146	130221511
NC_001514.1_pol_6	gb|CM180061.1|	130218673	130221009	plus	74.82	97	GCA_058972505.1_smrv_pol	130218173	130221509
NC_027117.1_pol_8	gb|CM180061.1|	130961805	130959444	minus	79.562	98	GCA_058972505.1_derv_pol	130958944	130962305
NC_027117.1_complete	gb|CM180061.1|	130965340	130959444	minus	82.881	72	GCA_058972505.1_derv_complete	130958944	130965840
NC_001514.1_pol_6	gb|CM180061.1|	130961769	130959446	minus	74.585	97	GCA_058972505.1_smrv_pol	130958946	130962269
NC_001514.1_complete	gb|CM180061.1|	130963901	130959446	minus	74.097	51	GCA_058972505.1_smrv_complete	130958946	130964401
NC_027117.1_gag_4	gb|CM180061.1|	130964997	130962792	minus	85.792	100	GCA_058972505.1_derv_gag	130962292	130965497
NC_027117.1_pol_8	gb|CM180062.1|	83773986	83771632	minus	79.434	98	GCA_058972505.1_derv_pol	83771132	83774486
NC_027117.1_complete	gb|CM180062.1|	83777523	83771632	minus	82.942	77	GCA_058972505.1_derv_complete	83771132	83778023
NC_001514.1_pol_6	gb|CM180062.1|	83773959	83771634	minus	74.638	97	GCA_058972505.1_smrv_pol	83771134	83774459
NC_001514.1_complete	gb|CM180062.1|	83776013	83771634	minus	74.069	50	GCA_058972505.1_smrv_complete	83771134	83776513
NC_027117.1_gag_4	gb|CM180062.1|	83777191	83774987	minus	85.831	100	GCA_058972505.1_derv_gag	83774487	83777691
NC_027117.1_pol_8	gb|CM180062.1|	112547633	112545270	minus	79.747	98	GCA_058972505.1_derv_pol	112544770	112548133
NC_001514.1_pol_6	gb|CM180062.1|	112547597	112545272	minus	74.84	97	GCA_058972505.1_smrv_pol	112544772	112548097
NC_027117.1_pol_8	gb|CM180062.1|	128377598	128375236	minus	79.612	98	GCA_058972505.1_derv_pol	128374736	128378098
NC_001514.1_pol_6	gb|CM180062.1|	128377562	128375238	minus	75.0	97	GCA_058972505.1_smrv_pol	128374738	128378062
NC_027117.1_gag_4	gb|CM180062.1|	128381022	128379467	minus	85.339	100	GCA_058972505.1_derv_gag	128378967	128381522
NC_027117.1_gag_4	gb|CM180062.1|	130539938	130541453	plus	87.039	100	GCA_058972505.1_derv_gag	130539438	130541953
NC_027117.1_complete	gb|CM180062.1|	130539938	130547003	plus	81.243	77	GCA_058972505.1_derv_complete	130539438	130547503
NC_001514.1_complete	gb|CM180062.1|	130540428	130544806	plus	74.385	50	GCA_058972505.1_smrv_complete	130539928	130545306
NC_027117.1_pol_8	gb|CM180062.1|	130542445	130544808	plus	79.638	98	GCA_058972505.1_derv_pol	130541945	130545308
NC_001514.1_pol_6	gb|CM180062.1|	130542472	130544806	plus	74.82	97	GCA_058972505.1_smrv_pol	130541972	130545306
NC_027117.1_env_10	gb|CM180062.1|	130544987	130546662	plus	76.678	95	GCA_058972505.1_derv_env	130544487	130547162
NC_027117.1_complete	gb|CM180063.1|	65171317	65177897	plus	80.637	63	GCA_058972505.1_derv_complete	65170817	65178397
NC_027117.1_gag_4	gb|CM180063.1|	65171562	65173758	plus	84.734	100	GCA_058972505.1_derv_gag	65171062	65174258
NC_027117.1_pol_8	gb|CM180063.1|	65174754	65177115	plus	79.495	98	GCA_058972505.1_derv_pol	65174254	65177615
NC_027117.1_complete	gb|CM180063.1|	66309660	66316237	plus	80.58	63	GCA_058972505.1_derv_complete	66309160	66316737
NC_027117.1_gag_4	gb|CM180063.1|	66309905	66312102	plus	84.695	100	GCA_058972505.1_derv_gag	66309405	66312602
NC_027117.1_pol_8	gb|CM180063.1|	66313098	66315455	plus	79.368	98	GCA_058972505.1_derv_pol	66312598	66315955
NC_027117.1_pol_8	gb|CM180064.1|	15770396	15769141	minus	89.57	98	GCA_058972505.1_derv_pol	15768641	15770896
NC_027117.1_complete	gb|CM180064.1|	28838988	28844396	plus	82.653	51	GCA_058972505.1_derv_complete	28838488	28844896
NC_027117.1_gag_4	gb|CM180064.1|	28839334	28841534	plus	85.889	100	GCA_058972505.1_derv_gag	28838834	28842034
NC_027117.1_pol_8	gb|CM180064.1|	28842559	28844396	plus	77.61	98	GCA_058972505.1_derv_pol	28842059	28844896
NC_001514.1_pol_6	gb|CM180064.1|	28842559	28844391	plus	73.735	76	GCA_058972505.1_smrv_pol	28842059	28844891
NC_027117.1_pol_8	gb|CM180064.1|	29418949	29421308	plus	90.636	98	GCA_058972505.1_derv_pol	29418449	29421808
NC_027117.1_gag_4	gb|CM180064.1|	30234943	30236385	plus	89.441	100	GCA_058972505.1_derv_gag	30234443	30236885
NC_027117.1_pol_8	gb|CM180064.1|	30237377	30239735	plus	90.928	98	GCA_058972505.1_derv_pol	30236877	30240235
NC_027117.1_pol_8	gb|CM180064.1|	86482154	86483409	plus	90.207	98	GCA_058972505.1_derv_pol	86481654	86483909
NC_027117.1_pol_8	gb|CM180064.1|	88475054	88472694	minus	90.64	98	GCA_058972505.1_derv_pol	88472194	88475554
NC_027117.1_gag_4	gb|CM180064.1|	88477474	88476046	minus	84.342	100	GCA_058972505.1_derv_gag	88475546	88477974
NC_027117.1_gag_4	gb|CM180065.1|	40121667	40123188	plus	86.623	72	GCA_058972505.1_derv_gag	40121167	40123688
NC_027117.1_complete	gb|CM180065.1|	40121667	40127327	plus	80.889	54	GCA_058972505.1_derv_complete	40121167	40127827
NC_001514.1_complete	gb|CM180065.1|	40122162	40126546	plus	73.891	50	GCA_058972505.1_smrv_complete	40121662	40127046
NC_027117.1_pol_8	gb|CM180065.1|	40124184	40126548	plus	79.302	98	GCA_058972505.1_derv_pol	40123684	40127048
NC_001514.1_pol_6	gb|CM180065.1|	40124211	40126546	plus	74.333	97	GCA_058972505.1_smrv_pol	40123711	40127046
NC_027117.1_pol_8	gb|CM180065.1|	53337151	53338692	plus	79.651	98	GCA_058972505.1_derv_pol	53336651	53339192
NC_001514.1_env_8	gb|CM180065.1|	53339735	53340864	plus	72.727	65	GCA_058972505.1_smrv_env	53339235	53341364
NC_001514.1_env_11	gb|CM180065.1|	53340470	53340864	plus	77.667	83	GCA_058972505.1_smrv_env	53339970	53341364
NC_027117.1_gag_4	gb|CM180065.1|	54924819	54926402	plus	87.681	72	GCA_058972505.1_derv_gag	54924319	54926902
NC_027117.1_pol_8	gb|CM180065.1|	54927400	54929462	plus	77.858	98	GCA_058972505.1_derv_pol	54926900	54929962
NC_001514.1_env_11	gb|CM180065.1|	69354493	69354950	plus	76.304	83	GCA_058972505.1_smrv_env	69353993	69355450
NC_001514.1_env_11	gb|CM180065.1|	76277204	76276750	minus	75.163	83	GCA_058972505.1_smrv_env	76276250	76277704
NC_027117.1_complete	gb|CM180066.1|	35703141	35709831	plus	80.809	63	GCA_058972505.1_derv_complete	35702641	35710331
NC_027117.1_gag_4	gb|CM180066.1|	35703483	35705695	plus	85.528	100	GCA_058972505.1_derv_gag	35702983	35706195
NC_001514.1_complete	gb|CM180066.1|	35704582	35709047	plus	74.186	51	GCA_058972505.1_smrv_complete	35704082	35709547
NC_027117.1_pol_8	gb|CM180066.1|	35706687	35709049	plus	79.209	98	GCA_058972505.1_derv_pol	35706187	35709549
NC_001514.1_pol_6	gb|CM180066.1|	35706714	35709047	plus	74.671	97	GCA_058972505.1_smrv_pol	35706214	35709547
NC_027117.1_pol_8	gb|CM180066.1|	44104025	44101654	minus	90.894	98	GCA_058972505.1_derv_pol	44101154	44104525
NC_027117.1_gag_4	gb|CM180066.1|	44106692	44105017	minus	87.205	100	GCA_058972505.1_derv_gag	44104517	44107192
NC_027117.1_complete	gb|CM180067.1|	31212990	31218979	plus	89.531	79	GCA_058972505.1_derv_complete	31212490	31219479
NC_027117.1_gag_4	gb|CM180067.1|	31213333	31215545	plus	87.843	100	GCA_058972505.1_derv_gag	31212833	31216045
NC_027117.1_pol_8	gb|CM180067.1|	31216537	31218894	plus	91.564	98	GCA_058972505.1_derv_pol	31216037	31219394
NC_027117.1_complete	gb|CM180067.1|	31235800	31241789	plus	89.547	79	GCA_058972505.1_derv_complete	31235300	31242289
NC_027117.1_gag_4	gb|CM180067.1|	31236143	31238355	plus	87.843	100	GCA_058972505.1_derv_gag	31235643	31238855
NC_027117.1_pol_8	gb|CM180067.1|	31239347	31241704	plus	91.607	98	GCA_058972505.1_derv_pol	31238847	31242204
NC_027117.1_complete	gb|CM180067.1|	36537737	36546013	plus	87.042	79	GCA_058972505.1_derv_complete	36537237	36546513
NC_027117.1_gag_4	gb|CM180067.1|	36538176	36540358	plus	90.818	100	GCA_058972505.1_derv_gag	36537676	36540858
NC_027117.1_pol_8	gb|CM180067.1|	36541348	36543706	plus	91.31	98	GCA_058972505.1_derv_pol	36540848	36544206
NC_027117.1_env_10	gb|CM180067.1|	36544259	36545563	plus	79.179	74	GCA_058972505.1_derv_env	36543759	36546063
NC_027117.1_pol_8	gb|CM180067.1|	42357838	42356536	minus	81.825	98	GCA_058972505.1_derv_pol	42356036	42358338
NC_027117.1_pol_8	gb|CM180067.1|	42434240	42432938	minus	81.839	98	GCA_058972505.1_derv_pol	42432438	42434740
NC_001514.1_env_11	gb|CM180067.1|	57101989	57101549	minus	76.18	78	GCA_058972505.1_smrv_env	57101049	57102489
NC_027117.1_pol_8	gb|CM180067.1|	58709574	58710829	plus	90.048	98	GCA_058972505.1_derv_pol	58709074	58711329
NC_027117.1_gag_4	gb|CM180067.1|	58972138	58973580	plus	89.027	100	GCA_058972505.1_derv_gag	58971638	58974080
NC_027117.1_pol_8	gb|CM180067.1|	58974572	58976797	plus	91.285	98	GCA_058972505.1_derv_pol	58974072	58977297
NC_027117.1_pol_8	gb|CM180067.1|	67820992	67822247	plus	90.207	98	GCA_058972505.1_derv_pol	67820492	67822747
NC_027117.1_gag_4	gb|CM180067.1|	89496919	89498381	plus	85.967	100	GCA_058972505.1_derv_gag	89496419	89498881
NC_027117.1_env_10	gb|CM180067.1|	89498374	89499363	plus	81.0	74	GCA_058972505.1_derv_env	89497874	89499863
NC_027117.1_gag_4	gb|CM180067.1|	90765757	90767192	plus	87.656	100	GCA_058972505.1_derv_gag	90765257	90767692
NC_027117.1_pol_8	gb|CM180067.1|	90768184	90770542	plus	90.971	98	GCA_058972505.1_derv_pol	90767684	90771042
NC_027117.1_pol_8	gb|CM180067.1|	108089933	108091185	plus	89.65	98	GCA_058972505.1_derv_pol	108089433	108091685
NC_027117.1_pol_8	gb|CM180067.1|	111497706	111495353	minus	90.739	98	GCA_058972505.1_derv_pol	111494853	111498206
NC_027117.1_gag_4	gb|CM180067.1|	111500126	111498698	minus	87.944	100	GCA_058972505.1_derv_gag	111498198	111500626
NC_027117.1_complete	gb|JAKFFZ010000015.1|	2079981	2071351	minus	98.797	82	GCA_022682495.2_derv_complete	2070851	2080481
NC_027117.1_env_10	gb|JAKFFZ010000015.1|	2073794	2072030	minus	99.04	100	GCA_022682495.2_derv_env	2071530	2074294
NC_027117.1_pol_8	gb|JAKFFZ010000015.1|	2076246	2073829	minus	99.214	100	GCA_022682495.2_derv_pol	2073329	2076746
NC_027117.1_gag_4	gb|JAKFFZ010000015.1|	2079421	2077235	minus	99.268	100	GCA_022682495.2_derv_gag	2076735	2079921
NC_001514.1_env_11	gb|JBAWUQ030000019.1|	68336	67881	minus	76.805	80	GCA_038363095.4_smrv_env	67381	68836
NC_027117.1_gag_4	gb|JBAWUQ030000019.1|	3882363	3880683	minus	92.883	77	GCA_038363095.4_derv_gag	3880183	3882863
NC_027117.1_gag_4	gb|JBAWUQ030000019.1|	6382240	6383920	plus	92.942	77	GCA_038363095.4_derv_gag	6381740	6384420
NC_027117.1_gag_4	gb|JBAWUQ030000021.1|	616600	614920	minus	92.527	77	GCA_038363095.4_derv_gag	614420	617100
NC_027117.1_complete	gb|JBAWUQ030000026.1|	476142	469379	minus	93.723	64	GCA_038363095.4_derv_complete	468879	476642
NC_027117.1_env_10	gb|JBAWUQ030000026.1|	471836	470066	minus	94.018	100	GCA_038363095.4_derv_env	469566	472336
NC_027117.1_pol_8	gb|JBAWUQ030000026.1|	474286	471871	minus	94.164	99	GCA_038363095.4_derv_pol	471371	474786
NC_027117.1_gag_4	gb|JBAWUQ030000028.1|	245323	247002	plus	92.764	77	GCA_038363095.4_derv_gag	244823	247502
NC_027117.1_gag_4	gb|JBAWUQ030000028.1|	364706	366385	plus	92.705	77	GCA_038363095.4_derv_gag	364206	366885
NC_027117.1_gag_4	gb|JBAWUQ030000030.1|	362301	363776	plus	93.767	67	GCA_038363095.4_derv_gag	361801	364276
NC_027117.1_complete	gb|JBAWUQ030000030.1|	362301	369671	plus	93.953	70	GCA_038363095.4_derv_complete	361801	370171
NC_027117.1_pol_8	gb|JBAWUQ030000030.1|	364768	367182	plus	94.576	99	GCA_038363095.4_derv_pol	364268	367682
NC_027117.1_env_10	gb|JBAWUQ030000030.1|	367217	368986	plus	94.241	100	GCA_038363095.4_derv_env	366717	369486
NC_027117.1_gag_4	gb|JBAWUQ030000031.1|	346579	348053	plus	93.695	67	GCA_038363095.4_derv_gag	346079	348553
NC_027117.1_complete	gb|JBAWUQ030000031.1|	346579	353951	plus	93.916	70	GCA_038363095.4_derv_complete	346079	354451
NC_027117.1_pol_8	gb|JBAWUQ030000031.1|	349049	351463	plus	94.493	99	GCA_038363095.4_derv_pol	348549	351963
NC_027117.1_env_10	gb|JBAWUQ030000031.1|	351498	353266	plus	94.466	100	GCA_038363095.4_derv_env	350998	353766
NC_001514.1_env_11	gb|JBAWUQ030000031.1|	478503	478951	plus	78.0	79	GCA_038363095.4_smrv_env	478003	479451
NC_027117.1_gag_4	gb|JBAWUQ030000032.1|	13513	15671	plus	92.132	99	GCA_038363095.4_derv_gag	13013	16171
NC_027117.1_complete	gb|JBAWUQ030000032.1|	15933	21706	plus	92.867	55	GCA_038363095.4_derv_complete	15433	22206
NC_027117.1_pol_8	gb|JBAWUQ030000032.1|	16832	19222	plus	92.795	99	GCA_038363095.4_derv_pol	16332	19722
NC_027117.1_env_10	gb|JBAWUQ030000032.1|	19257	21026	plus	93.45	100	GCA_038363095.4_derv_env	18757	21526
NC_027117.1_complete	gb|JBAWUQ030000033.1|	220443	227205	plus	93.737	64	GCA_038363095.4_derv_complete	219943	227705
NC_027117.1_pol_8	gb|JBAWUQ030000033.1|	222299	224714	plus	94.123	99	GCA_038363095.4_derv_pol	221799	225214
NC_027117.1_env_10	gb|JBAWUQ030000033.1|	224749	226519	plus	94.018	100	GCA_038363095.4_derv_env	224249	227019
NC_027117.1_gag_4	gb|JBAWUQ030000035.1|	19202	20676	plus	93.627	67	GCA_038363095.4_derv_gag	18702	21176
NC_027117.1_complete	gb|JBAWUQ030000035.1|	20938	26714	plus	93.04	55	GCA_038363095.4_derv_complete	20438	27214
NC_027117.1_pol_8	gb|JBAWUQ030000035.1|	21837	24227	plus	92.961	99	GCA_038363095.4_derv_pol	21337	24727
NC_027117.1_env_10	gb|JBAWUQ030000035.1|	24262	26031	plus	93.45	100	GCA_038363095.4_derv_env	23762	26531
NC_027117.1_complete	gb|JBAWUQ030000036.1|	492413	486638	minus	92.97	55	GCA_038363095.4_derv_complete	486138	492913
NC_027117.1_env_10	gb|JBAWUQ030000036.1|	489089	487320	minus	93.45	100	GCA_038363095.4_derv_env	486820	489589
NC_027117.1_pol_8	gb|JBAWUQ030000036.1|	491514	489124	minus	93.126	99	GCA_038363095.4_derv_pol	488624	492014
NC_027117.1_gag_4	gb|JBAWUQ030000036.1|	494149	492675	minus	93.153	67	GCA_038363095.4_derv_gag	492175	494649
NC_027117.1_complete	gb|JBAWUQ030000036.1|	500808	495033	minus	92.972	55	GCA_038363095.4_derv_complete	494533	501308
NC_027117.1_env_10	gb|JBAWUQ030000036.1|	497484	495715	minus	93.281	100	GCA_038363095.4_derv_env	495215	497984
NC_027117.1_pol_8	gb|JBAWUQ030000036.1|	499908	497519	minus	92.961	99	GCA_038363095.4_derv_pol	497019	500408
NC_027117.1_gag_4	gb|JBAWUQ030000036.1|	502544	501070	minus	93.559	67	GCA_038363095.4_derv_gag	500570	503044
NC_027117.1_gag_4	gb|JBAWUQ030000037.1|	10036	11506	plus	93.153	67	GCA_038363095.4_derv_gag	9536	12006
NC_027117.1_complete	gb|JBAWUQ030000037.1|	11768	17550	plus	93.048	55	GCA_038363095.4_derv_complete	11268	18050
NC_027117.1_pol_8	gb|JBAWUQ030000037.1|	12667	15063	plus	92.772	99	GCA_038363095.4_derv_pol	12167	15563
NC_027117.1_env_10	gb|JBAWUQ030000037.1|	15098	16867	plus	93.563	100	GCA_038363095.4_derv_env	14598	17367
NC_027117.1_gag_4	gb|JBAWUQ030000042.1|	11406	12879	plus	93.017	67	GCA_038363095.4_derv_gag	10906	13379
NC_027117.1_complete	gb|JBAWUQ030000042.1|	13149	18917	plus	93.031	55	GCA_038363095.4_derv_complete	12649	19417
NC_027117.1_pol_8	gb|JBAWUQ030000042.1|	14040	16430	plus	93.043	99	GCA_038363095.4_derv_pol	13540	16930
NC_027117.1_env_10	gb|JBAWUQ030000042.1|	16465	18234	plus	93.45	100	GCA_038363095.4_derv_env	15965	18734
NC_027117.1_complete	gb|JBAWUQ030000044.1|	338555	332779	minus	92.937	55	GCA_038363095.4_derv_complete	332279	339055
NC_027117.1_env_10	gb|JBAWUQ030000044.1|	335231	333462	minus	93.506	100	GCA_038363095.4_derv_env	332962	335731
NC_027117.1_pol_8	gb|JBAWUQ030000044.1|	337656	335266	minus	93.002	99	GCA_038363095.4_derv_pol	334766	338156
NC_027117.1_gag_4	gb|JBAWUQ030000044.1|	340975	338817	minus	92.044	99	GCA_038363095.4_derv_gag	338317	341475
NC_027117.1_env_10	gb|JBAWUQ030000449.1|	9359	8368	minus	95.065	56	GCA_038363095.4_derv_env	7868	9859
NC_027117.1_gag_4	gb|JBAWUR030000015.1|	281152	282626	plus	93.831	100	GCA_038363175.3_derv_gag	280652	283126
NC_027117.1_complete	gb|JBAWUR030000015.1|	281152	288518	plus	93.862	70	GCA_038363175.3_derv_complete	280652	289018
NC_027117.1_pol_8	gb|JBAWUR030000015.1|	283620	286030	plus	94.327	99	GCA_038363175.3_derv_pol	283120	286530
NC_027117.1_env_10	gb|JBAWUR030000015.1|	286065	287834	plus	94.523	100	GCA_038363175.3_derv_env	285565	288334
NC_027117.1_gag_4	gb|JBAWUR030000015.1|	663532	661852	minus	92.942	100	GCA_038363175.3_derv_gag	661352	664032
NC_027117.1_gag_4	gb|JBAWUR030000015.1|	716683	715003	minus	92.942	100	GCA_038363175.3_derv_gag	714503	717183
NC_027117.1_complete	gb|JBAWUR030000016.1|	323488	330250	plus	93.752	64	GCA_038363175.3_derv_complete	322988	330750
NC_027117.1_pol_8	gb|JBAWUR030000016.1|	325344	327759	plus	94.164	99	GCA_038363175.3_derv_pol	324844	328259
NC_027117.1_env_10	gb|JBAWUR030000016.1|	327794	329564	plus	94.018	100	GCA_038363175.3_derv_env	327294	330064
NC_027117.1_gag_4	gb|JBAWUR030000016.1|	2226862	2225182	minus	92.764	77	GCA_038363175.3_derv_gag	2224682	2227362
NC_027117.1_complete	gb|JBAWUR030000018.1|	1254206	1246836	minus	93.966	70	GCA_038363175.3_derv_complete	1246336	1254706
NC_027117.1_env_10	gb|JBAWUR030000018.1|	1249291	1247522	minus	94.297	100	GCA_038363175.3_derv_env	1247022	1249791
NC_027117.1_pol_8	gb|JBAWUR030000018.1|	1251740	1249326	minus	94.617	99	GCA_038363175.3_derv_pol	1248826	1252240
NC_027117.1_gag_4	gb|JBAWUR030000018.1|	1254206	1252732	minus	93.559	67	GCA_038363175.3_derv_gag	1252232	1254706
NC_027117.1_complete	gb|JBAWUR030000019.1|	185177	191940	plus	93.768	64	GCA_038363175.3_derv_complete	184677	192440
NC_027117.1_pol_8	gb|JBAWUR030000019.1|	187033	189448	plus	94.205	99	GCA_038363175.3_derv_pol	186533	189948
NC_027117.1_env_10	gb|JBAWUR030000019.1|	189483	191254	plus	93.965	100	GCA_038363175.3_derv_env	188983	191754
NC_027117.1_complete	gb|JBAWUR030000022.1|	677166	670404	minus	93.781	64	GCA_038363175.3_derv_complete	669904	677666
NC_027117.1_env_10	gb|JBAWUR030000022.1|	672860	671090	minus	94.018	100	GCA_038363175.3_derv_env	670590	673360
NC_027117.1_pol_8	gb|JBAWUR030000022.1|	675310	672895	minus	94.164	99	GCA_038363175.3_derv_pol	672395	675810
NC_027117.1_complete	gb|JBAWUR030000024.1|	117896	111649	minus	92.611	60	GCA_038363175.3_derv_complete	111149	118396
NC_027117.1_env_10	gb|JBAWUR030000024.1|	114099	112330	minus	93.506	100	GCA_038363175.3_derv_env	111830	114599
NC_027117.1_pol_8	gb|JBAWUR030000024.1|	116524	114134	minus	92.836	99	GCA_038363175.3_derv_pol	113634	117024
NC_027117.1_gag_4	gb|JBAWUR030000024.1|	118548	119924	plus	92.174	82	GCA_038363175.3_derv_gag	118048	120424
NC_027117.1_gag_4	gb|JBAWUR030000024.1|	121491	122866	plus	92.531	82	GCA_038363175.3_derv_gag	120991	123366
NC_027117.1_gag_4	gb|JBAWUR030000024.1|	125941	124155	minus	92.501	82	GCA_038363175.3_derv_gag	123655	126441
NC_027117.1_complete	gb|JBAWUR030000029.1|	492413	486638	minus	92.97	55	GCA_038363175.3_derv_complete	486138	492913
NC_027117.1_env_10	gb|JBAWUR030000029.1|	489089	487320	minus	93.45	100	GCA_038363175.3_derv_env	486820	489589
NC_027117.1_pol_8	gb|JBAWUR030000029.1|	491514	489124	minus	93.126	99	GCA_038363175.3_derv_pol	488624	492014
NC_027117.1_gag_4	gb|JBAWUR030000029.1|	494149	492675	minus	93.153	67	GCA_038363175.3_derv_gag	492175	494649
NC_027117.1_complete	gb|JBAWUR030000029.1|	500808	495033	minus	92.972	55	GCA_038363175.3_derv_complete	494533	501308
NC_027117.1_env_10	gb|JBAWUR030000029.1|	497484	495715	minus	93.281	100	GCA_038363175.3_derv_env	495215	497984
NC_027117.1_pol_8	gb|JBAWUR030000029.1|	499908	497519	minus	92.961	99	GCA_038363175.3_derv_pol	497019	500408
NC_027117.1_gag_4	gb|JBAWUR030000029.1|	502544	501070	minus	93.559	67	GCA_038363175.3_derv_gag	500570	503044
NC_027117.1_complete	gb|JBAWUR030000031.1|	382312	376541	minus	93.024	55	GCA_038363175.3_derv_complete	376041	382812
NC_027117.1_env_10	gb|JBAWUR030000031.1|	378988	377224	minus	93.341	100	GCA_038363175.3_derv_env	376724	379488
NC_027117.1_pol_8	gb|JBAWUR030000031.1|	381413	379023	minus	93.043	99	GCA_038363175.3_derv_pol	378523	381913
NC_027117.1_gag_4	gb|JBAWUR030000031.1|	384048	382574	minus	92.881	67	GCA_038363175.3_derv_gag	382074	384548
NC_027117.1_gag_4	gb|JBAWUR030000032.1|	25360	26834	plus	93.22	67	GCA_038363175.3_derv_gag	24860	27334
NC_027117.1_complete	gb|JBAWUR030000032.1|	27096	32872	plus	93.178	55	GCA_038363175.3_derv_complete	26596	33372
NC_027117.1_pol_8	gb|JBAWUR030000032.1|	27995	30385	plus	93.168	99	GCA_038363175.3_derv_pol	27495	30885
NC_027117.1_env_10	gb|JBAWUR030000032.1|	30420	32189	plus	93.619	100	GCA_038363175.3_derv_env	29920	32689
NC_027117.1_gag_4	gb|JBAWUR030000036.1|	18124	19584	plus	93.238	67	GCA_038363175.3_derv_gag	17624	20084
NC_027117.1_complete	gb|JBAWUR030000036.1|	19846	25620	plus	92.942	55	GCA_038363175.3_derv_complete	19346	26120
NC_027117.1_pol_8	gb|JBAWUR030000036.1|	20745	23139	plus	92.766	99	GCA_038363175.3_derv_pol	20245	23639
NC_027117.1_env_10	gb|JBAWUR030000036.1|	23174	24937	plus	93.224	100	GCA_038363175.3_derv_env	22674	25437
NC_027117.1_complete	gb|JBAWUR030000037.1|	282218	276442	minus	93.076	55	GCA_038363175.3_derv_complete	275942	282718
NC_027117.1_env_10	gb|JBAWUR030000037.1|	278894	277124	minus	93.623	100	GCA_038363175.3_derv_env	276624	279394
NC_027117.1_pol_8	gb|JBAWUR030000037.1|	281319	278929	minus	93.002	99	GCA_038363175.3_derv_pol	278429	281819
NC_027117.1_gag_4	gb|JBAWUR030000037.1|	283941	282480	minus	92.203	67	GCA_038363175.3_derv_gag	281980	284441
NC_027117.1_complete	gb|JBAWUR030000040.1|	255564	249787	minus	92.771	55	GCA_038363175.3_derv_complete	249287	256064
NC_027117.1_env_10	gb|JBAWUR030000040.1|	252244	250469	minus	93.134	100	GCA_038363175.3_derv_env	249969	252744
NC_027117.1_pol_8	gb|JBAWUR030000040.1|	254667	252279	minus	92.836	99	GCA_038363175.3_derv_pol	251779	255167
NC_027117.1_gag_4	gb|JBAWUR030000040.1|	257300	255826	minus	93.085	67	GCA_038363175.3_derv_gag	255326	257800
NC_027117.1_gag_4	gb|JBAWUR030000085.1|	19900	21374	plus	92.412	67	GCA_038363175.3_derv_gag	19400	21874
NC_027117.1_complete	gb|JBAWUR030000085.1|	21636	27412	plus	92.989	55	GCA_038363175.3_derv_complete	21136	27912
NC_027117.1_pol_8	gb|JBAWUR030000085.1|	22535	24925	plus	92.961	99	GCA_038363175.3_derv_pol	22035	25425
NC_027117.1_env_10	gb|JBAWUR030000085.1|	24960	26729	plus	93.394	100	GCA_038363175.3_derv_env	24460	27229
NC_027117.1_pol_8	gb|JBAWUR030000094.1|	55663	53307	minus	80.61	97	GCA_038363175.3_derv_pol	52807	56163
NC_027117.1_complete	gb|JBAWUS010000018.1|	3066904	3059534	minus	93.98	70	GCA_038363145.1_derv_complete	3059034	3067404
NC_027117.1_env_10	gb|JBAWUS010000018.1|	3061989	3060220	minus	94.241	100	GCA_038363145.1_derv_env	3059720	3062489
NC_027117.1_pol_8	gb|JBAWUS010000018.1|	3064438	3062024	minus	94.576	99	GCA_038363145.1_derv_pol	3061524	3064938
NC_027117.1_gag_4	gb|JBAWUS010000018.1|	3066904	3065430	minus	93.559	67	GCA_038363145.1_derv_gag	3064930	3067404
NC_027117.1_complete	gb|JBAWUS010000020.1|	1505048	1497678	minus	94.008	70	GCA_038363145.1_derv_complete	1497178	1505548
NC_027117.1_env_10	gb|JBAWUS010000020.1|	1500133	1498364	minus	94.241	100	GCA_038363145.1_derv_env	1497864	1500633
NC_027117.1_pol_8	gb|JBAWUS010000020.1|	1502582	1500168	minus	94.493	99	GCA_038363145.1_derv_pol	1499668	1503082
NC_027117.1_gag_4	gb|JBAWUS010000020.1|	1505048	1503574	minus	93.763	67	GCA_038363145.1_derv_gag	1503074	1505548
NC_027117.1_gag_4	gb|JBAWUS010000021.1|	216069	217543	plus	93.492	67	GCA_038363145.1_derv_gag	215569	218043
NC_027117.1_complete	gb|JBAWUS010000021.1|	216069	223440	plus	93.941	70	GCA_038363145.1_derv_complete	215569	223940
NC_027117.1_pol_8	gb|JBAWUS010000021.1|	218535	220949	plus	94.534	99	GCA_038363145.1_derv_pol	218035	221449
NC_027117.1_env_10	gb|JBAWUS010000021.1|	220984	222753	plus	94.353	100	GCA_038363145.1_derv_env	220484	223253
NC_027117.1_complete	gb|JBAWUS010000023.1|	1250057	1242717	minus	93.393	70	GCA_038363145.1_derv_complete	1242217	1250557
NC_027117.1_env_10	gb|JBAWUS010000023.1|	1245166	1243401	minus	93.439	100	GCA_038363145.1_derv_env	1242901	1245666
NC_027117.1_pol_8	gb|JBAWUS010000023.1|	1247591	1245201	minus	93.416	99	GCA_038363145.1_derv_pol	1244701	1248091
NC_027117.1_gag_4	gb|JBAWUS010000023.1|	1250057	1248583	minus	93.898	67	GCA_038363145.1_derv_gag	1248083	1250557
NC_027117.1_gag_4	gb|JBAWUS010000026.1|	188123	189597	plus	93.695	67	GCA_038363145.1_derv_gag	187623	190097
NC_027117.1_complete	gb|JBAWUS010000026.1|	188123	195493	plus	93.926	70	GCA_038363145.1_derv_complete	187623	195993
NC_027117.1_pol_8	gb|JBAWUS010000026.1|	190589	193003	plus	94.369	99	GCA_038363145.1_derv_pol	190089	193503
NC_027117.1_env_10	gb|JBAWUS010000026.1|	193038	194807	plus	94.353	100	GCA_038363145.1_derv_env	192538	195307
NC_027117.1_gag_4	gb|JBAWUS010000028.1|	201538	203012	plus	93.627	86	GCA_038363145.1_derv_gag	201038	203512
NC_027117.1_complete	gb|JBAWUS010000028.1|	201538	208907	plus	94.006	74	GCA_038363145.1_derv_complete	201038	209407
NC_027117.1_pol_8	gb|JBAWUS010000028.1|	204004	206418	plus	94.41	99	GCA_038363145.1_derv_pol	203504	206918
NC_027117.1_env_10	gb|JBAWUS010000028.1|	206453	208222	plus	94.466	100	GCA_038363145.1_derv_env	205953	208722
NC_027117.1_gag_4	gb|JBAWUS010000028.1|	440145	442014	plus	90.577	86	GCA_038363145.1_derv_gag	439645	442514
NC_027117.1_complete	gb|JBAWUS010000028.1|	440145	447908	plus	93.374	74	GCA_038363145.1_derv_complete	439645	448408
NC_027117.1_pol_8	gb|JBAWUS010000028.1|	443006	445420	plus	94.907	99	GCA_038363145.1_derv_pol	442506	445920
NC_027117.1_env_10	gb|JBAWUS010000028.1|	445455	447224	plus	94.41	100	GCA_038363145.1_derv_env	444955	447724
NC_027117.1_gag_4	gb|JBAWUS010000029.1|	16459	17933	plus	92.886	67	GCA_038363145.1_derv_gag	15959	18433
NC_027117.1_complete	gb|JBAWUS010000029.1|	18195	23978	plus	92.928	55	GCA_038363145.1_derv_complete	17695	24478
NC_027117.1_pol_8	gb|JBAWUS010000029.1|	19095	21491	plus	92.772	99	GCA_038363145.1_derv_pol	18595	21991
NC_027117.1_env_10	gb|JBAWUS010000029.1|	21526	23295	plus	93.563	100	GCA_038363145.1_derv_env	21026	23795
NC_027117.1_complete	gb|JBAWUS010000030.1|	340879	335103	minus	93.058	55	GCA_038363145.1_derv_complete	334603	341379
NC_027117.1_env_10	gb|JBAWUS010000030.1|	337555	335786	minus	93.281	100	GCA_038363145.1_derv_env	335286	338055
NC_027117.1_pol_8	gb|JBAWUS010000030.1|	339980	337590	minus	93.209	99	GCA_038363145.1_derv_pol	337090	340480
NC_027117.1_gag_4	gb|JBAWUS010000030.1|	342615	341141	minus	93.017	67	GCA_038363145.1_derv_gag	340641	343115
NC_027117.1_complete	gb|JBAWUS010000035.1|	271153	265378	minus	92.815	55	GCA_038363145.1_derv_complete	264878	271653
NC_027117.1_env_10	gb|JBAWUS010000035.1|	267829	266060	minus	93.224	100	GCA_038363145.1_derv_env	265560	268329
NC_027117.1_pol_8	gb|JBAWUS010000035.1|	270254	267864	minus	92.961	99	GCA_038363145.1_derv_pol	267364	270754
NC_027117.1_gag_4	gb|JBAWUS010000035.1|	273267	271415	minus	91.277	86	GCA_038363145.1_derv_gag	270915	273767
NC_027117.1_gag_4	gb|JBAWUS010000036.1|	831	2300	plus	92.949	67	GCA_038363145.1_derv_gag	331	2800
NC_027117.1_complete	gb|JBAWUS010000036.1|	2562	8338	plus	92.954	55	GCA_038363145.1_derv_complete	2062	8838
NC_027117.1_pol_8	gb|JBAWUS010000036.1|	3461	5851	plus	92.919	99	GCA_038363145.1_derv_pol	2961	6351
NC_027117.1_env_10	gb|JBAWUS010000036.1|	5886	7656	plus	93.397	100	GCA_038363145.1_derv_env	5386	8156
NC_027117.1_gag_4	gb|JBAWUS010000037.1|	12085	14243	plus	91.995	99	GCA_038363145.1_derv_gag	11585	14743
NC_027117.1_complete	gb|JBAWUS010000037.1|	14505	20288	plus	93.066	55	GCA_038363145.1_derv_complete	14005	20788
NC_027117.1_pol_8	gb|JBAWUS010000037.1|	15404	17800	plus	92.73	99	GCA_038363145.1_derv_pol	14904	18300
NC_027117.1_env_10	gb|JBAWUS010000037.1|	17835	19604	plus	93.563	100	GCA_038363145.1_derv_env	17335	20104
NC_027117.1_complete	gb|JBAWUS010000038.1|	230571	224812	minus	92.851	55	GCA_038363145.1_derv_complete	224312	231071
NC_027117.1_env_10	gb|JBAWUS010000038.1|	227247	225484	minus	92.942	100	GCA_038363145.1_derv_env	224984	227747
NC_027117.1_pol_8	gb|JBAWUS010000038.1|	229672	227282	minus	93.168	99	GCA_038363145.1_derv_pol	226782	230172
NC_027117.1_gag_4	gb|JBAWUS010000038.1|	232308	230833	minus	93.225	67	GCA_038363145.1_derv_gag	230333	232808
NC_001514.1_env_8	gb|JBAWUS010000129.1|	32413	33520	plus	72.13	65	GCA_038363145.1_smrv_env	31913	34020
NC_001514.1_env_11	gb|JBAWUS010000129.1|	33106	33520	plus	77.458	73	GCA_038363145.1_smrv_env	32606	34020
NC_027117.1_env_10	gb|JBAWUS010000355.1|	4105	5113	plus	92.871	56	GCA_038363145.1_derv_env	3605	5613
NC_027117.1_gag_4	gb|JBAWUT010000020.1|	255119	253439	minus	93.001	77	GCA_038363225.1_derv_gag	252939	255619
NC_027117.1_gag_4	gb|JBAWUT010000020.1|	262333	260653	minus	93.001	77	GCA_038363225.1_derv_gag	260153	262833
NC_027117.1_gag_4	gb|JBAWUT010000020.1|	269547	267867	minus	93.001	77	GCA_038363225.1_derv_gag	267367	270047
NC_027117.1_gag_4	gb|JBAWUT010000020.1|	333139	331459	minus	93.001	77	GCA_038363225.1_derv_gag	330959	333639
NC_027117.1_gag_4	gb|JBAWUT010000020.1|	452849	451169	minus	93.001	77	GCA_038363225.1_derv_gag	450669	453349
NC_027117.1_gag_4	gb|JBAWUT010000021.1|	180508	181982	plus	93.831	67	GCA_038363225.1_derv_gag	180008	182482
NC_027117.1_complete	gb|JBAWUT010000021.1|	180508	187876	plus	94.02	70	GCA_038363225.1_derv_complete	180008	188376
NC_027117.1_pol_8	gb|JBAWUT010000021.1|	182974	185387	plus	94.327	99	GCA_038363225.1_derv_pol	182474	185887
NC_027117.1_env_10	gb|JBAWUT010000021.1|	185422	187191	plus	94.466	100	GCA_038363225.1_derv_env	184922	187691
NC_027117.1_pol_8	gb|JBAWUT010000023.1|	1	1694	plus	92.433	71	GCA_038363225.1_derv_pol	1	2194
NC_027117.1_env_10	gb|JBAWUT010000023.1|	1729	3499	plus	93.397	100	GCA_038363225.1_derv_env	1229	3999
NC_027117.1_gag_4	gb|JBAWUT010000024.1|	15883	17357	plus	92.746	67	GCA_038363225.1_derv_gag	15383	17857
NC_027117.1_complete	gb|JBAWUT010000024.1|	17619	23395	plus	93.04	55	GCA_038363225.1_derv_complete	17119	23895
NC_027117.1_pol_8	gb|JBAWUT010000024.1|	18518	20908	plus	93.168	99	GCA_038363225.1_derv_pol	18018	21408
NC_027117.1_env_10	gb|JBAWUT010000024.1|	20943	22712	plus	93.281	100	GCA_038363225.1_derv_env	20443	23212
NC_027117.1_complete	gb|JBAWUT010000025.1|	153277	146515	minus	93.737	64	GCA_038363225.1_derv_complete	146015	153777
NC_027117.1_env_10	gb|JBAWUT010000025.1|	148971	147201	minus	93.905	100	GCA_038363225.1_derv_env	146701	149471
NC_027117.1_pol_8	gb|JBAWUT010000025.1|	151421	149006	minus	94.205	99	GCA_038363225.1_derv_pol	148506	151921
NC_027117.1_gag_4	gb|JBAWUT010000026.1|	17646	19120	plus	93.225	67	GCA_038363225.1_derv_gag	17146	19620
NC_027117.1_complete	gb|JBAWUT010000026.1|	19382	25164	plus	92.979	55	GCA_038363225.1_derv_complete	18882	25664
NC_027117.1_pol_8	gb|JBAWUT010000026.1|	20281	22677	plus	92.606	99	GCA_038363225.1_derv_pol	19781	23177
NC_027117.1_env_10	gb|JBAWUT010000026.1|	22712	24481	plus	93.676	100	GCA_038363225.1_derv_env	22212	24981
NC_027117.1_gag_4	gb|JBAWUT010000027.1|	16274	17747	plus	93.017	67	GCA_038363225.1_derv_gag	15774	18247
NC_027117.1_complete	gb|JBAWUT010000027.1|	18009	23786	plus	92.852	55	GCA_038363225.1_derv_complete	17509	24286
NC_027117.1_pol_8	gb|JBAWUT010000027.1|	18909	21299	plus	92.795	99	GCA_038363225.1_derv_pol	18409	21799
NC_027117.1_env_10	gb|JBAWUT010000027.1|	21334	23103	plus	93.394	100	GCA_038363225.1_derv_env	20834	23603
NC_027117.1_gag_4	gb|JBAWUT010000028.1|	29938	32106	plus	91.636	100	GCA_038363225.1_derv_gag	29438	32606
NC_027117.1_pol_8	gb|JBAWUT010000028.1|	34301	35884	plus	92.786	67	GCA_038363225.1_derv_pol	33801	36384
NC_027117.1_env_10	gb|JBAWUT010000028.1|	35919	37688	plus	93.789	100	GCA_038363225.1_derv_env	35419	38188
NC_027117.1_gag_4	gb|JBAWUT010000031.1|	179697	181171	plus	93.559	67	GCA_038363225.1_derv_gag	179197	181671
NC_027117.1_complete	gb|JBAWUT010000031.1|	179697	187067	plus	93.98	70	GCA_038363225.1_derv_complete	179197	187567
NC_027117.1_pol_8	gb|JBAWUT010000031.1|	182163	184577	plus	94.576	99	GCA_038363225.1_derv_pol	181663	185077
NC_027117.1_env_10	gb|JBAWUT010000031.1|	184612	186381	plus	94.241	100	GCA_038363225.1_derv_env	184112	186881
NC_027117.1_gag_4	gb|JBAWUT010000048.1|	19137	17455	minus	93.357	77	GCA_038363225.1_derv_gag	16955	19637
NC_001514.1_env_11	gb|JBAWUT010000134.1|	21459	21918	plus	77.223	81	GCA_038363225.1_smrv_env	20959	22418
NC_027117.1_gag_4	gb|JBOBQC010000058.1|	70870	71971	plus	75.133	50	GCA_051307075.1_derv_gag	70370	72471
NC_027117.1_pol_8	gb|JBOBQC010000061.1|	26394	23975	minus	79.646	99	GCA_051307075.1_derv_pol	23475	26894
NC_027117.1_pol_8	gb|JBOBQC010000061.1|	58874	61292	plus	79.646	99	GCA_051307075.1_derv_pol	58374	61792
NC_027117.1_pol_8	gb|JBOBQC010000073.1|	291452	289034	minus	79.688	99	GCA_051307075.1_derv_pol	288534	291952
NC_027117.1_pol_8	gb|JBOBQC010000073.1|	323936	326354	plus	79.688	99	GCA_051307075.1_derv_pol	323436	326854
NC_027117.1_gag_4	gb|JBOBQC010000082.1|	318963	317860	minus	75.177	50	GCA_051307075.1_derv_gag	317360	319463
NC_027117.1_gag_4	gb|JBOBQC010000154.1|	167404	166302	minus	75.133	50	GCA_051307075.1_derv_gag	165802	167904
NC_027117.1_pol_8	gb|JBOBQD010000034.1|	350369	347952	minus	79.646	99	GCA_051307065.1_derv_pol	347452	350869
NC_027117.1_pol_8	gb|JBOBQD010000034.1|	382464	384881	plus	79.646	99	GCA_051307065.1_derv_pol	381964	385381
NC_027117.1_gag_4	gb|JBOBQD010000050.1|	88685	89784	plus	75.155	50	GCA_051307065.1_derv_gag	88185	90284
NC_027117.1_gag_4	gb|JBOBQD010000050.1|	211355	212455	plus	75.2	50	GCA_051307065.1_derv_gag	210855	212955
NC_027117.1_gag_4	gb|JBOBQD010000063.1|	57758	56655	minus	75.177	50	GCA_051307065.1_derv_gag	56155	58258
NC_027117.1_gag_4	gb|JBOBQD010000092.1|	76190	77289	plus	75.155	50	GCA_051307065.1_derv_gag	75690	77789
NC_027117.1_complete	gb|JBOBQR010000295.1|	135246	141497	plus	84.564	60	GCA_051307085.1_derv_complete	134746	141997
NC_027117.1_pol_8	gb|JBOBQR010000295.1|	137330	139747	plus	88.921	100	GCA_051307085.1_derv_pol	136830	140247
NC_027117.1_env_10	gb|JBOBQR010000295.1|	139782	141497	plus	88.714	97	GCA_051307085.1_derv_env	139282	141997
NC_027117.1_pol_8	gb|JBOKGH010000019.1|	430230	431627	plus	79.06	58	GCA_050655435.1_derv_pol	429730	432127
NC_027117.1_pol_8	gb|JBOKGH010000025.1|	351972	354397	plus	78.51	99	GCA_050655435.1_derv_pol	351472	354897
NC_027117.1_pol_8	gb|JBOKGI010000024.1|	177179	178979	plus	78.134	74	GCA_050655445.1_derv_pol	176679	179479
NC_001514.1_pol_6	gb|JBPCCM010000018.1|	1172072	1169742	minus	77.203	97	GCA_051107565.1_smrv_pol	1169242	1172572
NC_001514.1_complete	gb|JBPCCM010000018.1|	1174175	1169742	minus	77.325	50	GCA_051107565.1_smrv_complete	1169242	1174675
NC_001514.1_pol_6	gb|JBPCCM010000035.1|	118797	120387	plus	77.222	66	GCA_051107565.1_smrv_pol	118297	120887
NC_001514.1_complete	gb|JBPCCM010000048.1|	153773	149340	minus	77.467	50	GCA_051107565.1_smrv_complete	148840	154273
NC_001514.1_complete	gb|JBPCCM010000054.1|	107934	103510	minus	76.976	50	GCA_051107565.1_smrv_complete	103010	108434
NC_001514.1_complete	gb|JBPCCN010000041.1|	222820	227247	plus	77.459	50	GCA_051107595.1_smrv_complete	222320	227747
NC_001514.1_complete	gb|JBPCCN010000042.1|	221862	226289	plus	77.482	50	GCA_051107595.1_smrv_complete	221362	226789
NC_027117.1_pol_8	gb|JBRFIH010000665.1|	22933	21131	minus	81.668	75	GCA_054855695.1_derv_pol	20631	23433
NC_001514.1_pol_6	gb|JBRFIH010000665.1|	22938	21134	minus	75.275	75	GCA_054855695.1_smrv_pol	20634	23438
NC_027117.1_complete	gb|JBZXKZ010000019.1|	2577104	2582894	plus	82.431	55	GCA_058972505.1_derv_complete	2576604	2583394
NC_027117.1_gag_4	gb|JBZXKZ010000019.1|	2577348	2579540	plus	84.525	100	GCA_058972505.1_derv_gag	2576848	2580040
NC_027117.1_pol_8	gb|JBZXKZ010000019.1|	2580532	2582894	plus	79.663	98	GCA_058972505.1_derv_pol	2580032	2583394
NC_027117.1_complete	gb|JBZXKZ010000023.1|	2926846	2933419	plus	80.752	63	GCA_058972505.1_derv_complete	2926346	2933919
NC_027117.1_gag_4	gb|JBZXKZ010000023.1|	2927092	2929284	plus	84.601	100	GCA_058972505.1_derv_gag	2926592	2929784
NC_027117.1_pol_8	gb|JBZXKZ010000023.1|	2930276	2932638	plus	79.688	98	GCA_058972505.1_derv_pol	2929776	2933138
NC_001514.1_env_11	gb|JBZXKZ010000023.1|	2933589	2934031	plus	75.501	78	GCA_058972505.1_smrv_env	2933089	2934531
NC_027117.1_pol_8	gb|JBZXKZ010000045.1|	1182464	1180938	minus	80.784	63	GCA_058972505.1_derv_pol	1180438	1182964
NC_027117.1_complete	gb|JBZXKZ010000095.1|	489599	496171	plus	80.737	63	GCA_058972505.1_derv_complete	489099	496671
NC_027117.1_gag_4	gb|JBZXKZ010000095.1|	489844	492036	plus	84.601	100	GCA_058972505.1_derv_gag	489344	492536
NC_027117.1_pol_8	gb|JBZXKZ010000095.1|	493028	495390	plus	79.655	98	GCA_058972505.1_derv_pol	492528	495890
NC_001514.1_env_11	gb|JBZXKZ010000095.1|	496341	496783	plus	75.391	78	GCA_058972505.1_smrv_env	495841	497283
NC_027117.1_complete	gb|JBZXKZ010000176.1|	279353	285259	plus	90.03	56	GCA_058972505.1_derv_complete	278853	285759
NC_027117.1_gag_4	gb|JBZXKZ010000176.1|	279696	281908	plus	88.288	100	GCA_058972505.1_derv_gag	279196	282408
NC_027117.1_pol_8	gb|JBZXKZ010000176.1|	282901	285259	plus	91.691	98	GCA_058972505.1_derv_pol	282401	285759
NC_027117.1_complete	gb|JBZXLA010000126.1|	237078	243651	plus	80.767	63	GCA_058972435.1_derv_complete	236578	244151
NC_027117.1_gag_4	gb|JBZXLA010000126.1|	237324	239516	plus	84.601	100	GCA_058972435.1_derv_gag	236824	240016
NC_027117.1_pol_8	gb|JBZXLA010000126.1|	240508	242870	plus	79.73	98	GCA_058972435.1_derv_pol	240008	243370
NC_001514.1_env_11	gb|JBZXLA010000126.1|	243821	244263	plus	75.391	78	GCA_058972435.1_smrv_env	243321	244763
NC_027117.1_complete	gb|JBZXLA010000296.1|	65080	70979	plus	83.111	56	GCA_058972435.1_derv_complete	64580	71479
NC_027117.1_gag_4	gb|JBZXLA010000296.1|	65415	67619	plus	86.199	100	GCA_058972435.1_derv_gag	64915	68119
NC_027117.1_pol_8	gb|JBZXLA010000296.1|	68616	70979	plus	79.26	98	GCA_058972435.1_derv_pol	68116	71479
NC_001514.1_pol_6	gb|JBZXLA010000296.1|	68643	70976	plus	74.45	97	GCA_058972435.1_smrv_pol	68143	71476
NC_027117.1_complete	gb|JBZXLA010000298.1|	59937	66616	plus	81.335	63	GCA_058972435.1_derv_complete	59437	67116
NC_027117.1_gag_4	gb|JBZXLA010000298.1|	60272	62476	plus	86.199	100	GCA_058972435.1_derv_gag	59772	62976
NC_001514.1_complete	gb|JBZXLA010000298.1|	61364	65831	plus	73.846	51	GCA_058972435.1_smrv_complete	60864	66331
NC_027117.1_pol_8	gb|JBZXLA010000298.1|	63471	65834	plus	79.352	98	GCA_058972435.1_derv_pol	62971	66334
NC_001514.1_pol_6	gb|JBZXLA010000298.1|	63498	65831	plus	74.428	97	GCA_058972435.1_smrv_pol	62998	66331
NC_027117.1_env_10	ref|NC_040903.2|	113798858	113797977	minus	95.011	50	GCF_004126475.2_derv_env	113797477	113799358
NC_027117.1_gag_4	ref|NC_040903.2|	113801258	113799077	minus	94.147	100	GCF_004126475.2_derv_gag	113798577	113801758
NC_027117.1_env_10	ref|NC_040904.2|	89609288	89607686	minus	95.696	91	GCF_004126475.2_derv_env	89607186	89609788
NC_027117.1_gag_4	ref|NC_040904.2|	89611532	89609347	minus	94.516	100	GCF_004126475.2_derv_gag	89608847	89612032
NC_027117.1_env_10	ref|NC_040904.2|	208367571	208366091	minus	95.412	91	GCF_004126475.2_derv_env	208365591	208368071
NC_027117.1_gag_4	ref|NC_040904.2|	208370279	208368096	minus	93.97	100	GCF_004126475.2_derv_gag	208367596	208370779
NC_027117.1_LTR_12	ref|NC_040905.2|	90528068	90527220	minus	88.719	55	GCF_004126475.2_derv_ltr	90526720	90528568
NC_027117.1_LTR_1	ref|NC_040905.2|	90529021	90528635	minus	93.35	100	GCF_004126475.2_derv_ltr	90528135	90529521
NC_027117.1_gag_4	ref|NC_040906.2|	130477268	130479239	plus	94.732	90	GCF_004126475.2_derv_gag	130476768	130479739
NC_027117.1_env_10	ref|NC_040906.2|	130479221	130480295	plus	95.256	61	GCF_004126475.2_derv_env	130478721	130480795
NC_027117.1_gag_4	ref|NC_040906.2|	130487646	130489618	plus	94.684	90	GCF_004126475.2_derv_gag	130487146	130490118
NC_027117.1_env_10	ref|NC_040906.2|	130489600	130490674	plus	95.163	61	GCF_004126475.2_derv_env	130489100	130491174
NC_027117.1_gag_4	ref|NC_040906.2|	130498026	130499995	plus	94.428	90	GCF_004126475.2_derv_gag	130497526	130500495
NC_027117.1_env_10	ref|NC_040906.2|	130499977	130501051	plus	95.256	61	GCF_004126475.2_derv_env	130499477	130501551
NC_027117.1_gag_4	ref|NC_040909.2|	166215	168368	plus	92.41	100	GCF_004126475.2_derv_gag	165715	168868
NC_027117.1_env_10	ref|NC_040909.2|	168893	170373	plus	95.614	84	GCF_004126475.2_derv_env	168393	170873
NC_027117.1_gag_4	ref|NC_040909.2|	85002113	85004296	plus	93.921	100	GCF_004126475.2_derv_gag	85001613	85004796
NC_027117.1_pol_8	ref|NC_040911.2|	62401928	62399563	minus	96.45	98	GCF_004126475.2_derv_pol	62399063	62402428
NC_027117.1_complete	ref|NC_040911.2|	62405427	62399563	minus	94.481	56	GCF_004126475.2_derv_complete	62399063	62405927
NC_027117.1_gag_4	ref|NC_040911.2|	62405099	62402920	minus	93.151	100	GCF_004126475.2_derv_gag	62402420	62405599
NC_027117.1_gag_4	ref|NC_040912.2|	68809347	68811534	plus	94.653	100	GCF_004126475.2_derv_gag	68808847	68812034
NC_027117.1_pol_8	ref|NC_040912.2|	68811914	68813723	plus	96.374	75	GCF_004126475.2_derv_pol	68811414	68814223
NC_027117.1_env_10	ref|NC_040912.2|	68813758	68815525	plus	95.706	100	GCF_004126475.2_derv_env	68813258	68816025
NC_027117.1_env_10	ref|NC_040914.2|	17614006	17612530	minus	95.682	84	GCF_004126475.2_derv_env	17612030	17614506
NC_027117.1_gag_4	ref|NC_040914.2|	17616740	17614531	minus	93.583	100	GCF_004126475.2_derv_gag	17614031	17617240
NC_027117.1_gag_4	ref|NC_040915.2|	74404933	74407140	plus	93.614	100	GCF_004126475.2_derv_gag	74404433	74407640
NC_027117.1_env_10	ref|NC_040915.2|	74407665	74409145	plus	95.816	84	GCF_004126475.2_derv_env	74407165	74409645
NC_027117.1_pol_8	ref|NC_040916.2|	2703617	2701262	minus	96.095	97	GCF_004126475.2_derv_pol	2700762	2704117
NC_027117.1_complete	ref|NC_040916.2|	2707140	2701262	minus	93.955	56	GCF_004126475.2_derv_complete	2700762	2707640
NC_027117.1_gag_4	ref|NC_040916.2|	2706798	2704609	minus	92.315	100	GCF_004126475.2_derv_gag	2704109	2707298
NC_027117.1_env_10	ref|NC_040916.2|	50727809	50726329	minus	95.479	84	GCF_004126475.2_derv_env	50725829	50728309
NC_027117.1_gag_4	ref|NC_040916.2|	50730522	50728335	minus	94.744	100	GCF_004126475.2_derv_gag	50727835	50731022
NC_027117.1_gag_4	ref|NC_071387.1|	5206811	5208996	plus	99.268	100	GCF_022682495.2_derv_gag	5206311	5209496
NC_027117.1_env_10	ref|NC_071387.1|	5210078	5211168	plus	99.267	100	GCF_022682495.2_derv_env	5209578	5211668
NC_027117.1_env_10	ref|NC_071387.1|	12489894	12488805	minus	99.358	100	GCF_022682495.2_derv_env	12488305	12490394
NC_027117.1_gag_4	ref|NC_071387.1|	90151144	90153330	plus	98.994	100	GCF_022682495.2_derv_gag	90150644	90153830
NC_027117.1_env_10	ref|NC_071387.1|	90154416	90155505	plus	99.266	100	GCF_022682495.2_derv_env	90153916	90156005
NC_027117.1_LTR_1	ref|NC_071387.1|	121603015	121603405	plus	100.0	100	GCF_022682495.2_derv_ltr	121602515	121603905
NC_027117.1_gag_4	ref|NC_071387.1|	121605220	121606629	plus	99.149	100	GCF_022682495.2_derv_gag	121604720	121607129
NC_027117.1_env_10	ref|NC_071387.1|	121607549	121609336	plus	98.49	100	GCF_022682495.2_derv_env	121607049	121609836
NC_027117.1_LTR_12	ref|NC_071387.1|	121609337	121610878	plus	98.9	100	GCF_022682495.2_derv_ltr	121608837	121611378
NC_027117.1_env_10	ref|NC_071388.1|	10206835	10205746	minus	99.174	62	GCF_022682495.2_derv_env	10205246	10207335
NC_027117.1_gag_4	ref|NC_071388.1|	47494321	47495487	plus	99.486	53	GCF_022682495.2_derv_gag	47493821	47495987
NC_027117.1_env_10	ref|NC_071388.1|	176810005	176811094	plus	99.358	62	GCF_022682495.2_derv_env	176809505	176811594
NC_027117.1_env_10	ref|NC_071389.1|	3839855	3838766	minus	99.174	62	GCF_022682495.2_derv_env	3838266	3840355
NC_027117.1_gag_4	ref|NC_071389.1|	3843123	3840937	minus	99.817	100	GCF_022682495.2_derv_gag	3840437	3843623
NC_027117.1_env_10	ref|NC_071389.1|	37692885	37693974	plus	99.174	62	GCF_022682495.2_derv_env	37692385	37694474
NC_027117.1_env_10	ref|NC_071389.1|	63779161	63778072	minus	99.45	62	GCF_022682495.2_derv_env	63777572	63779661
NC_027117.1_gag_4	ref|NC_071389.1|	63782429	63780243	minus	99.726	100	GCF_022682495.2_derv_gag	63779743	63782929
NC_027117.1_gag_4	ref|NC_071389.1|	124693001	124695186	plus	99.268	100	GCF_022682495.2_derv_gag	124692501	124695686
NC_027117.1_env_10	ref|NC_071389.1|	124696268	124697357	plus	99.633	62	GCF_022682495.2_derv_env	124695768	124697857
NC_027117.1_gag_4	ref|NC_071389.1|	133009466	133011652	plus	99.588	100	GCF_022682495.2_derv_gag	133008966	133012152
NC_027117.1_env_10	ref|NC_071389.1|	133012734	133013823	plus	99.541	62	GCF_022682495.2_derv_env	133012234	133014323
NC_027117.1_complete	ref|NC_071390.1|	5574022	5580135	plus	98.792	60	GCF_022682495.2_derv_complete	5573522	5580635
NC_027117.1_gag_4	ref|NC_071390.1|	5574585	5576771	plus	99.406	100	GCF_022682495.2_derv_gag	5574085	5577271
NC_027117.1_pol_8	ref|NC_071390.1|	5577760	5580135	plus	99.158	100	GCF_022682495.2_derv_pol	5577260	5580635
NC_027117.1_env_10	ref|NC_071390.1|	5580128	5581095	plus	98.864	55	GCF_022682495.2_derv_env	5579628	5581595
NC_027117.1_complete	ref|NC_071390.1|	76631473	76637754	plus	98.338	60	GCF_022682495.2_derv_complete	76630973	76638254
NC_027117.1_gag_4	ref|NC_071390.1|	76632009	76634195	plus	98.537	100	GCF_022682495.2_derv_gag	76631509	76634695
NC_027117.1_pol_8	ref|NC_071390.1|	76635184	76637601	plus	99.793	100	GCF_022682495.2_derv_pol	76634684	76638101
NC_027117.1_env_10	ref|NC_071390.1|	76638451	76639379	plus	98.708	55	GCF_022682495.2_derv_env	76637951	76639879
NC_027117.1_gag_4	ref|NC_071391.1|	74968568	74970754	plus	99.497	100	GCF_022682495.2_derv_gag	74968068	74971254
NC_027117.1_env_10	ref|NC_071391.1|	74971836	74972925	plus	99.45	62	GCF_022682495.2_derv_env	74971336	74973425
NC_027117.1_gag_4	ref|NC_071391.1|	93287054	93289227	plus	98.172	100	GCF_022682495.2_derv_gag	93286554	93289727
NC_027117.1_env_10	ref|NC_071391.1|	93290309	93291394	plus	99.355	62	GCF_022682495.2_derv_env	93289809	93291894
NC_027117.1_gag_4	ref|NC_071392.1|	3586953	3588426	plus	99.525	100	GCF_022682495.2_derv_gag	3586453	3588926
NC_027117.1_env_10	ref|NC_071392.1|	3589508	3590597	plus	99.358	62	GCF_022682495.2_derv_env	3589008	3591097
NC_027117.1_gag_4	ref|NC_071392.1|	3651453	3652925	plus	99.321	100	GCF_022682495.2_derv_gag	3650953	3653425
NC_027117.1_env_10	ref|NC_071392.1|	3654007	3655096	plus	99.541	62	GCF_022682495.2_derv_env	3653507	3655596
NC_027117.1_env_10	ref|NC_071392.1|	19396328	19397208	plus	99.319	62	GCF_022682495.2_derv_env	19395828	19397708
NC_027117.1_env_10	ref|NC_071392.1|	89544504	89543415	minus	99.358	62	GCF_022682495.2_derv_env	89542915	89545004
NC_027117.1_gag_4	ref|NC_071392.1|	89547772	89545586	minus	99.543	100	GCF_022682495.2_derv_gag	89545086	89548272
NC_027117.1_env_10	ref|NC_071392.1|	108163668	108162627	minus	99.616	62	GCF_022682495.2_derv_env	108162127	108164168
NC_027117.1_gag_4	ref|NC_071392.1|	108164776	108163666	minus	99.46	100	GCF_022682495.2_derv_gag	108163166	108165276
NC_027117.1_env_10	ref|NC_071392.1|	140735932	140734847	minus	99.266	62	GCF_022682495.2_derv_env	140734347	140736432
NC_027117.1_gag_4	ref|NC_071392.1|	141832889	141835075	plus	99.314	100	GCF_022682495.2_derv_gag	141832389	141835575
NC_027117.1_env_10	ref|NC_071392.1|	141836157	141837246	plus	99.266	62	GCF_022682495.2_derv_env	141835657	141837746
NC_027117.1_env_10	ref|NC_071393.1|	31999797	31998713	minus	99.539	100	GCF_022682495.2_derv_env	31998213	32000297
NC_027117.1_gag_4	ref|NC_071393.1|	32002736	32000551	minus	99.36	100	GCF_022682495.2_derv_gag	32000051	32003236
NC_027117.1_gag_4	ref|NC_071393.1|	47912678	47914223	plus	99.291	100	GCF_022682495.2_derv_gag	47912178	47914723
NC_027117.1_env_10	ref|NC_071393.1|	47914388	47916152	plus	98.757	100	GCF_022682495.2_derv_env	47913888	47916652
NC_027117.1_gag_4	ref|NC_071393.1|	117969838	117972022	plus	99.314	100	GCF_022682495.2_derv_gag	117969338	117972522
NC_027117.1_env_10	ref|NC_071393.1|	117972776	117973860	plus	99.539	100	GCF_022682495.2_derv_env	117972276	117974360
NC_027117.1_gag_4	ref|NC_071393.1|	131345400	131343215	minus	99.314	100	GCF_022682495.2_derv_gag	131342715	131345900
NC_027117.1_env_10	ref|NC_071394.1|	29053151	29052062	minus	99.358	62	GCF_022682495.2_derv_env	29051562	29053651
NC_027117.1_gag_4	ref|NC_071394.1|	29056419	29054233	minus	99.543	100	GCF_022682495.2_derv_gag	29053733	29056919
NC_027117.1_gag_4	ref|NC_071395.1|	11457086	11459269	plus	99.314	100	GCF_022682495.2_derv_gag	11456586	11459769
NC_027117.1_env_10	ref|NC_071395.1|	11460022	11461108	plus	98.988	83	GCF_022682495.2_derv_env	11459522	11461608
NC_027117.1_gag_4	ref|NC_071395.1|	14876006	14877856	plus	99.191	100	GCF_022682495.2_derv_gag	14875506	14878356
NC_027117.1_env_10	ref|NC_071395.1|	92023487	92022020	minus	99.387	83	GCF_022682495.2_derv_env	92021520	92023987
NC_027117.1_gag_4	ref|NC_071395.1|	92025678	92023552	minus	99.154	100	GCF_022682495.2_derv_gag	92023052	92026178
NC_027117.1_gag_4	ref|NC_071396.1|	23805918	23808124	plus	98.37	100	GCF_022682495.2_derv_gag	23805418	23808624
NC_027117.1_env_10	ref|NC_071396.1|	23809206	23810295	plus	99.266	62	GCF_022682495.2_derv_env	23808706	23810795
NC_027117.1_gag_4	ref|NC_071396.1|	51886137	51888323	plus	99.406	100	GCF_022682495.2_derv_gag	51885637	51888823
NC_027117.1_env_10	ref|NC_071396.1|	51889077	51890162	plus	99.355	62	GCF_022682495.2_derv_env	51888577	51890662
NC_027117.1_gag_4	ref|NC_071397.1|	7934301	7936493	plus	98.906	100	GCF_022682495.2_derv_gag	7933801	7936993
NC_027117.1_env_10	ref|NC_071397.1|	7937575	7938664	plus	99.541	62	GCF_022682495.2_derv_env	7937075	7939164
NC_027117.1_env_10	ref|NC_071397.1|	13230237	13231322	plus	98.987	62	GCF_022682495.2_derv_env	13229737	13231822
NC_027117.1_env_10	ref|NC_071399.1|	36126731	36125642	minus	99.45	62	GCF_022682495.2_derv_env	36125142	36127231
NC_027117.1_gag_4	ref|NC_071399.1|	36129998	36127813	minus	99.451	100	GCF_022682495.2_derv_gag	36127313	36130498
NC_027117.1_env_10	ref|NC_071400.1|	14449443	14448492	minus	97.521	62	GCF_022682495.2_derv_env	14447992	14449943
NC_027117.1_pol_8	ref|NC_071400.1|	14451811	14449436	minus	99.242	98	GCF_022682495.2_derv_pol	14448936	14452311
NC_027117.1_complete	ref|NC_071400.1|	14455550	14449436	minus	98.89	58	GCF_022682495.2_derv_complete	14448936	14456050
NC_027117.1_gag_4	ref|NC_071400.1|	14454986	14452800	minus	99.497	100	GCF_022682495.2_derv_gag	14452300	14455486
NC_027117.1_gag_4	ref|NC_071400.1|	65828658	65830844	plus	99.314	100	GCF_022682495.2_derv_gag	65828158	65831344
NC_027117.1_env_10	ref|NC_071400.1|	65831926	65833013	plus	99.45	62	GCF_022682495.2_derv_env	65831426	65833513
NC_027117.1_env_10	ref|NC_071400.1|	93385797	93384843	minus	97.934	62	GCF_022682495.2_derv_env	93384343	93386297
NC_027117.1_pol_8	ref|NC_071400.1|	93388165	93385790	minus	99.2	98	GCF_022682495.2_derv_pol	93385290	93388665
NC_027117.1_complete	ref|NC_071400.1|	93391902	93385790	minus	98.857	58	GCF_022682495.2_derv_complete	93385290	93392402
NC_027117.1_gag_4	ref|NC_071400.1|	93391339	93389154	minus	99.451	100	GCF_022682495.2_derv_gag	93388654	93391839
NC_027117.1_env_10	ref|NC_071400.1|	99946706	99945622	minus	99.539	62	GCF_022682495.2_derv_env	99945122	99947206
NC_027117.1_gag_4	ref|NC_071400.1|	99948192	99946852	minus	99.329	100	GCF_022682495.2_derv_gag	99946352	99948692
NC_027117.1_complete	ref|NW_026527203.1|	2079981	2071351	minus	98.797	82	GCF_022682495.2_derv_complete	2070851	2080481
NC_027117.1_env_10	ref|NW_026527203.1|	2073794	2072030	minus	99.04	100	GCF_022682495.2_derv_env	2071530	2074294
NC_027117.1_pol_8	ref|NW_026527203.1|	2076246	2073829	minus	99.214	100	GCF_022682495.2_derv_pol	2073329	2076746
NC_027117.1_gag_4	ref|NW_026527203.1|	2079421	2077235	minus	99.268	100	GCF_022682495.2_derv_gag	2076735	2079921
